[2025-10-27T12:35:43.625] [DEBUG] debug-file - env: nodejsVersion=v18.20.1
[2025-10-27T12:35:44.699] [DEBUG] debug-file - Hvigor init with startParameters:{
  hvigorfileTypeCheck: false,
  parallelExecution: true,
  incrementalExecution: true,
  printStackTrace: false,
  daemon: false,
  analyze: 0,
  logLevel: Level { level: 20000, levelStr: 'INFO', colour: 'green' },
  optimizationStrategy: 'memory',
  hotCompile: undefined,
  hotReloadBuild: undefined
}
[2025-10-27T12:36:18.821] [DEBUG] debug-file - hvigorfile, require result:  { appTasks: [Getter] }
[2025-10-27T12:36:19.405] [DEBUG] debug-file - Start initialize project's product build option map with build mode debug.
[2025-10-27T12:36:19.420] [DEBUG] debug-file - Obtain build option for product 'default'in this build.
[2025-10-27T12:36:19.450] [DEBUG] debug-file - Start recording SDK configuration permission data.
[2025-10-27T12:36:19.582] [DEBUG] debug-file - Start initialize module-target build option map, moduleName=entry, buildMode=release
[2025-10-27T12:36:19.539] [DEBUG] debug-file - Project task initialization takes 14 ms 
[2025-10-27T12:35:43.627] [DEBUG] debug-file - env: hvigor-config.json5 content = {
  modelVersion: '5.1.1',
  dependencies: {},
  execution: {},
  logging: {},
  debugging: {}
}
[2025-10-27T12:36:19.601] [DEBUG] debug-file - project has submodules:entry
[2025-10-27T12:36:19.627] [DEBUG] debug-file - Start to initialize dependency information.
[2025-10-27T12:36:19.656] [DEBUG] debug-file - entry : clean cost memory 0.10932159423828125
[2025-10-27T12:35:44.700] [DEBUG] debug-file - Since current hvigor version 6.0.6 differs from last hvigor version 
      undefined, delete file-cache.json and task-cache.json.
[2025-10-27T12:36:19.723] [DEBUG] debug-file - Create  resident worker with id: 0.
[2025-10-27T12:36:18.821] [DEBUG] debug-file - hvigorfile, binding system plugins { appTasks: [Getter] }
[2025-10-27T12:36:19.405] [DEBUG] debug-file - Picking option from product 'default' with build mode 'debug'.
[2025-10-27T12:36:19.424] [DEBUG] debug-file - No signingConfig found, initRemoteHspCache failed.
[2025-10-27T12:36:19.522] [DEBUG] debug-file - Sdk init in 96 ms 
[2025-10-27T12:36:19.583] [DEBUG] debug-file - Target 'default' config initialized
[2025-10-27T12:36:19.539] [DEBUG] debug-file - hvigorfile, resolve finished F:\DevEcoStudioProjects\Rdb-master\hvigorfile.ts
[2025-10-27T12:35:43.631] [DEBUG] debug-file - env: daemon=false
[2025-10-27T12:36:19.605] [DEBUG] debug-file - start to load updatedOhPackageInfo to the disk
[2025-10-27T12:36:19.637] [DEBUG] debug-file - Module entry Collected Dependency: 
[2025-10-27T12:36:19.657] [DEBUG] debug-file - runTaskFromQueue task cost before running: 34 s 974 ms 
[2025-10-27T12:35:44.701] [DEBUG] debug-file - Cache service initialization finished in 1 ms 
[2025-10-27T12:36:19.731] [DEBUG] debug-file - Create  resident worker with id: 1.
[2025-10-27T12:36:19.406] [DEBUG] debug-file - Product 'default' build option initialized
[2025-10-27T12:36:19.430] [DEBUG] debug-file - Local scan or download HarmonyOS sdk components toolchains,ets,js,native,previewer
[2025-10-27T12:36:19.584] [DEBUG] debug-file - Module 'entry' target 'default' build option initialized
[2025-10-27T12:36:19.541] [DEBUG] debug-file - hvigorfile, resolving F:\DevEcoStudioProjects\Rdb-master\entry\hvigorfile.ts
[2025-10-27T12:35:43.631] [DEBUG] debug-file - no-daemon, use the parent process.execArgv --max-old-space-size=8192,--max-semi-space-size=16,--expose-gc
[2025-10-27T12:36:19.613] [DEBUG] debug-file - load to the disk finished
[2025-10-27T12:36:19.637] [DEBUG] debug-file - Module entry's total dependency: 0
[2025-10-27T12:36:19.659] [INFO] debug-file - Finished :entry:clean... after 7 ms 
[2025-10-27T12:35:44.703] [DEBUG] debug-file - hvigorfile, resolving F:\DevEcoStudioProjects\Rdb-master\hvigorfile.ts
[2025-10-27T12:36:19.739] [DEBUG] debug-file - Current worker pool is stopped or closed.
[2025-10-27T12:36:19.406] [DEBUG] debug-file - End initialize project's product build option map with build mode 'debug'.
[2025-10-27T12:36:19.439] [DEBUG] debug-file - Local scan or download hmscore sdk components toolchains,ets,native
[2025-10-27T12:36:19.584] [DEBUG] debug-file - End initialize module-target build option map, moduleName=entry
[2025-10-27T12:36:19.553] [DEBUG] debug-file - hvigorfile, require result:  { hapTasks: [Getter] }
[2025-10-27T12:36:19.616] [DEBUG] debug-file - Start to initialize dependency information.
[2025-10-27T12:36:19.644] [DEBUG] debug-file - Configuration phase cost:34 s 943 ms 
[2025-10-27T12:36:19.659] [DEBUG] debug-file - Executing task ::clean
[2025-10-27T12:36:19.740] [DEBUG] debug-file - Clear worker 0.
[2025-10-27T12:36:19.584] [DEBUG] debug-file - Start initialize module-target build option map, moduleName=entry, buildMode=debug
[2025-10-27T12:36:19.553] [DEBUG] debug-file - hvigorfile, binding system plugins { hapTasks: [Getter] }
[2025-10-27T12:36:19.623] [DEBUG] debug-file - Module Rdb-master Collected Dependency: 
[2025-10-27T12:36:19.649] [DEBUG] debug-file - Configuration task cost before running: 34 s 966 ms 
[2025-10-27T12:36:19.660] [DEBUG] debug-file - clean: Worker pool is inactive.
[2025-10-27T12:36:19.741] [DEBUG] debug-file - Worker 0 has been cleared.
[2025-10-27T12:36:19.584] [DEBUG] debug-file - Target 'default' config initialized
[2025-10-27T12:36:19.557] [DEBUG] debug-file - failed to load cangjie to dynamically generate schemas: Error: Cannot find module '@ohos/cangjie-build-support/index'
Require stack:
- F:\deveco\DevEco Studio\tools\hvigor\hvigor-ohos-plugin\src\plugin\factory\plugin-factory.js
- F:\deveco\DevEco Studio\tools\hvigor\hvigor-ohos-plugin\index.js
- F:\DevEcoStudioProjects\Rdb-master\hvigorfile.ts
- F:\deveco\DevEco Studio\tools\hvigor\hvigor\src\base\internal\lifecycle\configuration.js
- F:\deveco\DevEco Studio\tools\hvigor\hvigor\src\base\boot\index.js
- F:\deveco\DevEco Studio\tools\hvigor\hvigor\src\cli\main\cli.js
- F:\deveco\DevEco Studio\tools\hvigor\hvigor\bin\hvigor.js
[2025-10-27T12:36:19.623] [DEBUG] debug-file - Module Rdb-master's total dependency: 0
[2025-10-27T12:36:19.651] [DEBUG] debug-file - Executing task :entry:clean
[2025-10-27T12:36:19.660] [DEBUG] debug-file - Rdb-master : clean cost memory 0.01970672607421875
[2025-10-27T12:36:19.741] [DEBUG] debug-file - Current idle worker size: 1.
[2025-10-27T12:36:19.584] [DEBUG] debug-file - Module 'entry' target 'default' build option initialized
[2025-10-27T12:36:19.652] [DEBUG] debug-file - clean: Worker pool is inactive.
[2025-10-27T12:36:19.660] [DEBUG] debug-file - runTaskFromQueue task cost before running: 34 s 977 ms 
[2025-10-27T12:36:19.741] [DEBUG] debug-file - Current busy worker size: 0.
[2025-10-27T12:36:19.585] [DEBUG] debug-file - End initialize module-target build option map, moduleName=entry
[2025-10-27T12:36:19.661] [INFO] debug-file - Finished ::clean... after 1 ms 
[2025-10-27T12:36:19.742] [DEBUG] debug-file - Clear worker 1.
[2025-10-27T12:36:19.585] [DEBUG] debug-file - Start initialize module-target build option map, moduleName=entry, buildMode=debug
[2025-10-27T12:36:19.585] [DEBUG] debug-file - Target 'default' config initialized
[2025-10-27T12:36:19.661] [DEBUG] debug-file - Executing task :entry:init
[2025-10-27T12:36:19.742] [DEBUG] debug-file - Worker 1 has been cleared.
[2025-10-27T12:36:19.585] [DEBUG] debug-file - Module 'entry' target 'default' build option initialized
[2025-10-27T12:36:19.662] [DEBUG] debug-file - entry : init cost memory 0.01267242431640625
[2025-10-27T12:36:19.742] [DEBUG] debug-file - Current idle worker size: 0.
[2025-10-27T12:36:19.585] [DEBUG] debug-file - End initialize module-target build option map, moduleName=entry
[2025-10-27T12:36:19.662] [DEBUG] debug-file - runTaskFromQueue task cost before running: 34 s 979 ms 
[2025-10-27T12:36:19.742] [DEBUG] debug-file - Current busy worker size: 0.
[2025-10-27T12:36:19.585] [DEBUG] debug-file - Obtain build option for module 'entry' target 'default'in this build.
[2025-10-27T12:36:19.662] [INFO] debug-file - Finished :entry:init... after 1 ms 
[2025-10-27T12:36:19.746] [DEBUG] debug-file - hvigor build process will be closed.
[2025-10-27T12:36:19.598] [DEBUG] debug-file - Module entry task initialization takes 11 ms 
[2025-10-27T12:36:19.663] [DEBUG] debug-file - Executing task ::init
[2025-10-27T12:36:19.767] [DEBUG] debug-file - worker[0] exits with exit code 0.
[2025-10-27T12:36:19.598] [DEBUG] debug-file - hvigorfile, resolve finished F:\DevEcoStudioProjects\Rdb-master\entry\hvigorfile.ts
[2025-10-27T12:36:19.663] [DEBUG] debug-file - Rdb-master : init cost memory 0.011474609375
[2025-10-27T12:36:19.768] [DEBUG] debug-file - worker[1] exits with exit code 0.
[2025-10-27T12:36:19.663] [DEBUG] debug-file - runTaskFromQueue task cost before running: 34 s 980 ms 
[2025-10-27T12:36:19.769] [DEBUG] debug-file - Current worker pool is terminated.
[2025-10-27T12:36:19.663] [INFO] debug-file - Finished ::init... after 1 ms 
[2025-10-27T12:36:19.687] [DEBUG] debug-file - Obtain build option for module 'entry' target 'default'in this build.
[2025-10-27T12:36:19.709] [DEBUG] debug-file - Since there is no instance or instance is terminated, create a new worker pool.
[2025-10-27T12:36:19.709] [DEBUG] debug-file - Worker pool is initialized with config:  {
  minPoolNum: 2,
  maxPoolNum: undefined,
  maxCoreSize: undefined,
  cacheCapacity: undefined,
  cacheTtl: undefined
}
[2025-10-30T09:21:26.016] [DEBUG] debug-file - java daemon tryConnect failed Error: connect ECONNREFUSED 127.0.0.1:45050
[2025-10-30T09:21:26.177] [DEBUG] debug-file - java daemon started at port 45050 pid 37704
[2025-10-30T09:21:16.459] [DEBUG] debug-file - env: nodejsVersion=v18.20.1
[2025-10-30T09:21:17.047] [DEBUG] debug-file - env: daemon=true
[2025-10-30T09:21:16.466] [DEBUG] debug-file - env: hvigor-config.json5 content = {
  modelVersion: '5.1.1',
  dependencies: {},
  execution: {},
  logging: {},
  debugging: {}
}
[2025-10-30T09:21:32.148] [DEBUG] debug-file - session manager: set active socket. socketId=jQpt0Nh9QHG1a4-AAAAB
[2025-10-30T09:21:32.209] [DEBUG] debug-file - watch worker: worker id should be larger than 0. Nothing will be sent to any worker thread.
[2025-10-30T09:21:32.253] [DEBUG] debug-file - Hvigor init with startParameters:{
  hvigorfileTypeCheck: false,
  parallelExecution: true,
  incrementalExecution: true,
  printStackTrace: false,
  daemon: true,
  analyze: 0,
  logLevel: Level { level: 20000, levelStr: 'INFO', colour: 'green' },
  optimizationStrategy: 'memory',
  hotCompile: undefined,
  hotReloadBuild: undefined
}
[2025-10-30T09:21:32.278] [DEBUG] debug-file - Cache service initialization finished in 23 ms 
[2025-10-30T09:21:32.288] [DEBUG] debug-file - hvigorfile, resolving F:\DevEcoStudioProjects\Rdb-master\hvigorfile.ts
[2025-10-30T09:22:39.385] [DEBUG] debug-file - hvigorfile, require result:  {}
[2025-10-30T09:22:39.386] [DEBUG] debug-file - hvigorfile, binding system plugins {}
[2025-10-30T09:22:40.216] [DEBUG] debug-file - Start initialize project's product build option map with build mode debug.
[2025-10-30T09:22:40.217] [DEBUG] debug-file - Picking option from product 'default' with build mode 'debug'.
[2025-10-30T09:22:40.219] [DEBUG] debug-file - Product 'default' build option initialized
[2025-10-30T09:22:40.219] [DEBUG] debug-file - End initialize project's product build option map with build mode 'debug'.
[2025-10-30T09:22:40.226] [DEBUG] debug-file - Obtain build option for product 'default'in this build.
[2025-10-30T09:22:40.255] [DEBUG] debug-file - No signingConfig found, initRemoteHspCache failed.
[2025-10-30T09:22:40.281] [DEBUG] debug-file - Local scan or download HarmonyOS sdk components toolchains,ets,js,native,previewer
[2025-10-30T09:22:40.297] [DEBUG] debug-file - Local scan or download hmscore sdk components toolchains,ets,native
[2025-10-30T09:22:40.306] [DEBUG] debug-file - Start recording SDK configuration permission data.
[2025-10-30T09:22:40.453] [DEBUG] debug-file - Sdk init in 176 ms 
[2025-10-30T09:22:40.467] [DEBUG] debug-file - Project task initialization takes 12 ms 
[2025-10-30T09:22:40.468] [DEBUG] debug-file - hvigorfile, resolve finished F:\DevEcoStudioProjects\Rdb-master\hvigorfile.ts
[2025-10-30T09:22:40.471] [DEBUG] debug-file - hvigorfile, resolving F:\DevEcoStudioProjects\Rdb-master\entry\hvigorfile.ts
[2025-10-30T09:22:40.514] [DEBUG] debug-file - hvigorfile, require result:  {}
[2025-10-30T09:22:40.514] [DEBUG] debug-file - hvigorfile, binding system plugins {}
[2025-10-30T09:22:40.523] [DEBUG] debug-file - failed to load cangjie to dynamically generate schemas: Error: Cannot find module '@ohos/cangjie-build-support/index'
Require stack:
- F:\deveco\DevEco Studio\tools\hvigor\hvigor-ohos-plugin\src\plugin\factory\plugin-factory.js
- F:\deveco\DevEco Studio\tools\hvigor\hvigor-ohos-plugin\index.js
- F:\DevEcoStudioProjects\Rdb-master\hvigorfile.ts
- F:\deveco\DevEco Studio\tools\hvigor\hvigor\src\base\internal\lifecycle\configuration.js
- F:\deveco\DevEco Studio\tools\hvigor\hvigor\src\base\boot\index.js
- F:\deveco\DevEco Studio\tools\hvigor\hvigor\src\base\daemon\cluster\worker-process-lifecycle.js
- F:\deveco\DevEco Studio\tools\hvigor\hvigor\src\base\daemon\process\daemon-process-boot-script.js
[2025-10-30T09:22:40.553] [DEBUG] debug-file - Start initialize module-target build option map, moduleName=entry, buildMode=release
[2025-10-30T09:22:40.554] [DEBUG] debug-file - Target 'default' config initialized
[2025-10-30T09:22:40.555] [DEBUG] debug-file - Module 'entry' target 'default' build option initialized
[2025-10-30T09:22:40.555] [DEBUG] debug-file - End initialize module-target build option map, moduleName=entry
[2025-10-30T09:22:40.556] [DEBUG] debug-file - Start initialize module-target build option map, moduleName=entry, buildMode=debug
[2025-10-30T09:22:40.556] [DEBUG] debug-file - Target 'default' config initialized
[2025-10-30T09:22:40.557] [DEBUG] debug-file - Module 'entry' target 'default' build option initialized
[2025-10-30T09:22:40.557] [DEBUG] debug-file - End initialize module-target build option map, moduleName=entry
[2025-10-30T09:22:40.558] [DEBUG] debug-file - Start initialize module-target build option map, moduleName=entry, buildMode=debug
[2025-10-30T09:22:40.558] [DEBUG] debug-file - Target 'default' config initialized
[2025-10-30T09:22:40.558] [DEBUG] debug-file - Module 'entry' target 'default' build option initialized
[2025-10-30T09:22:40.558] [DEBUG] debug-file - End initialize module-target build option map, moduleName=entry
[2025-10-30T09:22:40.559] [DEBUG] debug-file - Obtain build option for module 'entry' target 'default'in this build.
[2025-10-30T09:22:40.574] [DEBUG] debug-file - Module entry task initialization takes 13 ms 
[2025-10-30T09:22:40.574] [DEBUG] debug-file - hvigorfile, resolve finished F:\DevEcoStudioProjects\Rdb-master\entry\hvigorfile.ts
[2025-10-30T09:22:40.622] [DEBUG] debug-file - hvigorfile, resolve hvigorfile dependencies in 46 ms 
[2025-10-30T09:22:40.623] [DEBUG] debug-file - project has submodules:entry
[2025-10-30T09:22:40.631] [DEBUG] debug-file - start to load updatedOhPackageInfo to the disk
[2025-10-30T09:22:40.668] [DEBUG] debug-file - load to the disk finished
[2025-10-30T09:22:40.672] [DEBUG] debug-file - Start to initialize dependency information.
[2025-10-30T09:22:40.683] [DEBUG] debug-file - Module Rdb-master Collected Dependency: 
[2025-10-30T09:22:40.683] [DEBUG] debug-file - Module Rdb-master's total dependency: 0
[2025-10-30T09:22:40.687] [DEBUG] debug-file - Start to initialize dependency information.
[2025-10-30T09:22:40.700] [DEBUG] debug-file - Module entry Collected Dependency: 
[2025-10-30T09:22:40.700] [DEBUG] debug-file - Module entry's total dependency: 0
[2025-10-30T09:22:40.712] [DEBUG] debug-file - Configuration phase cost:1 min 8 s 433 ms 
[2025-10-30T09:22:40.723] [DEBUG] debug-file - Configuration task cost before running: 1 min 8 s 496 ms 
[2025-10-30T09:22:40.746] [DEBUG] debug-file - Executing task :entry:default@PreBuild
[2025-10-30T09:22:40.754] [DEBUG] debug-file - Task 'entry:default@PreBuild' cost while wrapping incremental declarations: 1 ms 
[2025-10-30T09:22:41.274] [DEBUG] debug-file - current product is not Atomic service.
[2025-10-30T09:22:41.275] [DEBUG] debug-file - Use tool [win32: JAVA_HOME, CLASSPATH]
 [
  { JAVA_HOME: 'F:\\deveco\\DevEco Studio\\jbr' },
  { CLASSPATH: '.;F:\\jdk-23\\lib\\dt.jar;F:\\jdk-23\\lib\\tools.jar' }
]
[2025-10-30T09:22:41.275] [DEBUG] debug-file - Use tool [win32: NODE_HOME]
 [ { NODE_HOME: 'F:\\deveco\\DevEco Studio\\tools\\node' } ]
[2025-10-30T09:22:41.277] [DEBUG] debug-file - entry : default@PreBuild cost memory 4.933174133300781
[2025-10-30T09:22:41.277] [DEBUG] debug-file - runTaskFromQueue task cost before running: 1 min 9 s 50 ms 
[2025-10-30T09:22:41.288] [INFO] debug-file - Finished :entry:default@PreBuild... after 532 ms 
[2025-10-30T09:22:41.292] [DEBUG] debug-file - Executing task :entry:default@CreateModuleInfo
[2025-10-30T09:22:41.293] [DEBUG] debug-file - Task 'entry:default@CreateModuleInfo' cost while wrapping incremental declarations: 1 ms 
[2025-10-30T09:22:41.294] [DEBUG] debug-file - entry : default@CreateModuleInfo cost memory 0.04169464111328125
[2025-10-30T09:22:41.294] [DEBUG] debug-file - runTaskFromQueue task cost before running: 1 min 9 s 67 ms 
[2025-10-30T09:22:41.295] [INFO] debug-file - Finished :entry:default@CreateModuleInfo... after 3 ms 
[2025-10-30T09:22:41.299] [DEBUG] debug-file - Executing task :entry:default@GenerateMetadata
[2025-10-30T09:22:41.302] [DEBUG] debug-file - Task 'entry:default@GenerateMetadata' cost while wrapping incremental declarations: 3 ms 
[2025-10-30T09:22:41.313] [DEBUG] debug-file - entry : default@GenerateMetadata cost memory 0.08718109130859375
[2025-10-30T09:22:41.314] [DEBUG] debug-file - runTaskFromQueue task cost before running: 1 min 9 s 86 ms 
[2025-10-30T09:22:41.315] [INFO] debug-file - Finished :entry:default@GenerateMetadata... after 15 ms 
[2025-10-30T09:22:41.320] [DEBUG] debug-file - Executing task :entry:default@ConfigureCmake
[2025-10-30T09:22:41.320] [DEBUG] debug-file - entry : default@ConfigureCmake cost memory 0.0161590576171875
[2025-10-30T09:22:41.320] [DEBUG] debug-file - runTaskFromQueue task cost before running: 1 min 9 s 93 ms 
[2025-10-30T09:22:41.321] [INFO] debug-file - Finished :entry:default@ConfigureCmake... after 1 ms 
[2025-10-30T09:22:41.325] [DEBUG] debug-file - Executing task :entry:default@MergeProfile
[2025-10-30T09:22:41.326] [DEBUG] debug-file - Task 'entry:default@MergeProfile' cost while wrapping incremental declarations: 1 ms 
[2025-10-30T09:22:41.329] [DEBUG] debug-file - Change app api release type with 'Release'
[2025-10-30T09:22:41.330] [DEBUG] debug-file - Change app compile API version with '6.0.0.47'
[2025-10-30T09:22:41.330] [DEBUG] debug-file - Change app target API version with '50101019'
[2025-10-30T09:22:41.330] [DEBUG] debug-file - Change app minimum API version with '50101019'
[2025-10-30T09:22:41.331] [DEBUG] debug-file - Use cli appEnvironment
[2025-10-30T09:22:41.339] [DEBUG] debug-file - entry : default@MergeProfile cost memory 0.18286895751953125
[2025-10-30T09:22:41.339] [DEBUG] debug-file - runTaskFromQueue task cost before running: 1 min 9 s 112 ms 
[2025-10-30T09:22:41.340] [INFO] debug-file - Finished :entry:default@MergeProfile... after 15 ms 
[2025-10-30T09:22:41.345] [DEBUG] debug-file - Executing task :entry:default@CreateBuildProfile
[2025-10-30T09:22:41.347] [DEBUG] debug-file - Task 'entry:default@CreateBuildProfile' cost while wrapping incremental declarations: 2 ms 
[2025-10-30T09:22:41.356] [DEBUG] debug-file - entry : default@CreateBuildProfile cost memory 0.08099365234375
[2025-10-30T09:22:41.357] [DEBUG] debug-file - runTaskFromQueue task cost before running: 1 min 9 s 129 ms 
[2025-10-30T09:22:41.357] [INFO] debug-file - Finished :entry:default@CreateBuildProfile... after 12 ms 
[2025-10-30T09:22:41.362] [DEBUG] debug-file - Executing task :entry:default@PreCheckSyscap
[2025-10-30T09:22:41.363] [DEBUG] debug-file - entry : default@PreCheckSyscap cost memory 0.0186614990234375
[2025-10-30T09:22:41.363] [DEBUG] debug-file - runTaskFromQueue task cost before running: 1 min 9 s 136 ms 
[2025-10-30T09:22:41.365] [INFO] debug-file - Finished :entry:default@PreCheckSyscap... after 2 ms 
[2025-10-30T09:22:41.372] [DEBUG] debug-file - Executing task :entry:default@GeneratePkgContextInfo
[2025-10-30T09:22:41.404] [DEBUG] debug-file - Task 'entry:default@GeneratePkgContextInfo' cost while wrapping incremental declarations: 1 ms 
[2025-10-30T09:22:41.406] [DEBUG] debug-file - entry : default@GeneratePkgContextInfo cost memory 0.33251190185546875
[2025-10-30T09:22:41.406] [DEBUG] debug-file - runTaskFromQueue task cost before running: 1 min 9 s 178 ms 
[2025-10-30T09:22:41.406] [INFO] debug-file - Finished :entry:default@GeneratePkgContextInfo... after 34 ms 
[2025-10-30T09:22:41.423] [DEBUG] debug-file - Executing task :entry:default@ProcessIntegratedHsp
[2025-10-30T09:22:41.425] [DEBUG] debug-file - entry : default@ProcessIntegratedHsp cost memory 0.0319671630859375
[2025-10-30T09:22:41.425] [DEBUG] debug-file - runTaskFromQueue task cost before running: 1 min 9 s 197 ms 
[2025-10-30T09:22:41.426] [INFO] debug-file - Finished :entry:default@ProcessIntegratedHsp... after 3 ms 
[2025-10-30T09:22:41.430] [DEBUG] debug-file - Executing task :entry:default@BuildNativeWithCmake
[2025-10-30T09:22:41.431] [DEBUG] debug-file - entry : default@BuildNativeWithCmake cost memory 0.01758575439453125
[2025-10-30T09:22:41.431] [DEBUG] debug-file - runTaskFromQueue task cost before running: 1 min 9 s 203 ms 
[2025-10-30T09:22:41.431] [INFO] debug-file - Finished :entry:default@BuildNativeWithCmake... after 1 ms 
[2025-10-30T09:22:41.436] [DEBUG] debug-file - Executing task :entry:default@MakePackInfo
[2025-10-30T09:22:41.441] [DEBUG] debug-file - Module Pack Info:  {
  summary: {
    app: { bundleName: 'c***b', bundleType: 'app', version: [Object] },
    modules: [ [Object] ]
  },
  packages: [
    {
      deviceType: [Array],
      moduleType: 'entry',
      deliveryWithInstall: true,
      name: 'entry-default'
    }
  ]
}
[2025-10-30T09:22:41.446] [DEBUG] debug-file - entry : default@MakePackInfo cost memory 0.1049957275390625
[2025-10-30T09:22:41.447] [DEBUG] debug-file - runTaskFromQueue task cost before running: 1 min 9 s 219 ms 
[2025-10-30T09:22:41.448] [INFO] debug-file - Finished :entry:default@MakePackInfo... after 11 ms 
[2025-10-30T09:22:41.453] [DEBUG] debug-file - Executing task :entry:default@SyscapTransform
[2025-10-30T09:22:41.454] [DEBUG] debug-file - File: 'F:\DevEcoStudioProjects\Rdb-master\entry\src\main\syscap.json' from 'sysCapJsonPath' is not exists, just ignore.
[2025-10-30T09:22:41.461] [DEBUG] debug-file - Task 'entry:default@SyscapTransform' cost while wrapping incremental declarations: 8 ms 
[2025-10-30T09:22:41.462] [DEBUG] debug-file - entry : default@SyscapTransform cost memory 0.06116485595703125
[2025-10-30T09:22:41.462] [DEBUG] debug-file - runTaskFromQueue task cost before running: 1 min 9 s 235 ms 
[2025-10-30T09:22:41.463] [INFO] debug-file - Finished :entry:default@SyscapTransform... after 9 ms 
[2025-10-30T09:22:41.469] [DEBUG] debug-file - Executing task :entry:default@ProcessProfile
[2025-10-30T09:22:41.472] [DEBUG] debug-file - Task 'entry:default@ProcessProfile' cost while wrapping incremental declarations: 1 ms 
[2025-10-30T09:22:41.478] [DEBUG] debug-file - [
  'F:\\deveco\\DevEco Studio\\tools\\node\\node.exe',
  'F:\\deveco\\DevEco Studio\\sdk\\default\\openharmony\\ets\\build-tools\\ets-loader\\bin\\ark\\ts2abc.js',
  '--target-api-version',
  '19'
]
[2025-10-30T09:22:42.640] [DEBUG] debug-file - 13.0.1.0
[2025-10-30T09:22:42.649] [DEBUG] debug-file - No need to add fake ui ability because of not in preview process.
[2025-10-30T09:22:42.655] [DEBUG] debug-file - entry : default@ProcessProfile cost memory -8.921012878417969
[2025-10-30T09:22:42.656] [DEBUG] debug-file - runTaskFromQueue task cost before running: 1 min 10 s 428 ms 
[2025-10-30T09:22:42.657] [INFO] debug-file - Finished :entry:default@ProcessProfile... after 1 s 187 ms 
[2025-10-30T09:22:42.661] [DEBUG] debug-file - Executing task :entry:default@ProcessRouterMap
[2025-10-30T09:22:42.678] [DEBUG] debug-file - entry : default@ProcessRouterMap cost memory 0.08686065673828125
[2025-10-30T09:22:42.678] [DEBUG] debug-file - runTaskFromQueue task cost before running: 1 min 10 s 451 ms 
[2025-10-30T09:22:42.680] [INFO] debug-file - Finished :entry:default@ProcessRouterMap... after 18 ms 
[2025-10-30T09:22:42.685] [DEBUG] debug-file - Executing task :entry:default@ProcessShareConfig
[2025-10-30T09:22:42.699] [DEBUG] debug-file - entry : default@ProcessShareConfig cost memory 0.0712890625
[2025-10-30T09:22:42.700] [DEBUG] debug-file - runTaskFromQueue task cost before running: 1 min 10 s 472 ms 
[2025-10-30T09:22:42.701] [INFO] debug-file - Finished :entry:default@ProcessShareConfig... after 15 ms 
[2025-10-30T09:22:42.706] [DEBUG] debug-file - Executing task :entry:default@ProcessStartupConfig
[2025-10-30T09:22:42.707] [DEBUG] debug-file - Task 'entry:default@ProcessStartupConfig' cost while wrapping incremental declarations: 1 ms 
[2025-10-30T09:22:42.710] [DEBUG] debug-file - entry : default@ProcessStartupConfig cost memory 0.064483642578125
[2025-10-30T09:22:42.710] [DEBUG] debug-file - runTaskFromQueue task cost before running: 1 min 10 s 483 ms 
[2025-10-30T09:22:42.711] [INFO] debug-file - Finished :entry:default@ProcessStartupConfig... after 4 ms 
[2025-10-30T09:22:42.718] [DEBUG] debug-file - Executing task :entry:default@BuildNativeWithNinja
[2025-10-30T09:22:42.726] [DEBUG] debug-file - entry : default@BuildNativeWithNinja cost memory 0.029449462890625
[2025-10-30T09:22:42.726] [DEBUG] debug-file - runTaskFromQueue task cost before running: 1 min 10 s 498 ms 
[2025-10-30T09:22:42.728] [INFO] debug-file - Finished :entry:default@BuildNativeWithNinja... after 8 ms 
[2025-10-30T09:22:42.734] [DEBUG] debug-file - restool module names: entry; moduleName=entry, taskName=default@ProcessResource
[2025-10-30T09:22:42.761] [DEBUG] debug-file - Executing task :entry:default@ProcessResource
[2025-10-30T09:22:42.761] [DEBUG] debug-file - Task 'entry:default@ProcessResource' cost while wrapping incremental declarations: 1 ms 
[2025-10-30T09:22:42.767] [DEBUG] debug-file - entry : default@ProcessResource cost memory 0.1146697998046875
[2025-10-30T09:22:42.770] [DEBUG] debug-file - runTaskFromQueue task cost before running: 1 min 10 s 543 ms 
[2025-10-30T09:22:42.775] [INFO] debug-file - Finished :entry:default@ProcessResource... after 32 ms 
[2025-10-30T09:22:42.783] [DEBUG] debug-file - Executing task :entry:default@GenerateLoaderJson
[2025-10-30T09:22:42.785] [DEBUG] debug-file - Task 'entry:default@GenerateLoaderJson' cost while wrapping incremental declarations: 1 ms 
[2025-10-30T09:22:42.826] [DEBUG] debug-file - entry : default@GenerateLoaderJson cost memory 0.4793548583984375
[2025-10-30T09:22:42.826] [DEBUG] debug-file - runTaskFromQueue task cost before running: 1 min 10 s 599 ms 
[2025-10-30T09:22:42.841] [INFO] debug-file - Finished :entry:default@GenerateLoaderJson... after 43 ms 
[2025-10-30T09:22:42.845] [DEBUG] debug-file - Executing task :entry:default@ProcessLibs
[2025-10-30T09:22:42.861] [DEBUG] debug-file - Worker dispatch failed, running processLibs on main thread.
[2025-10-30T09:22:42.865] [DEBUG] debug-file - entry : default@ProcessLibs cost memory 0.30340576171875
[2025-10-30T09:22:42.866] [DEBUG] debug-file - runTaskFromQueue task cost before running: 1 min 10 s 638 ms 
[2025-10-30T09:22:42.868] [INFO] debug-file - Finished :entry:default@ProcessLibs... after 22 ms 
[2025-10-30T09:22:42.873] [DEBUG] debug-file - restool module names: entry; moduleName=entry, taskName=default@CompileResource
[2025-10-30T09:22:42.874] [DEBUG] debug-file - Executing task :entry:default@CompileResource
[2025-10-30T09:22:42.899] [DEBUG] debug-file - Use tool [F:\deveco\DevEco Studio\sdk\default\openharmony\toolchains\restool.exe]
 [
  'F:\\deveco\\DevEco Studio\\sdk\\default\\openharmony\\toolchains\\restool.exe',
  '-l',
  'F:\\DevEcoStudioProjects\\Rdb-master\\entry\\build\\default\\intermediates\\res\\default\\resConfig.json'
]
[2025-10-30T09:22:42.905] [DEBUG] debug-file - current process  memoryUsage: {
  rss: 196366336,
  heapTotal: 153972736,
  heapUsed: 123511736,
  external: 3012583,
  arrayBuffers: 178187
} os memoryUsage :15.112556457519531
[2025-10-30T09:22:43.675] [DEBUG] debug-file - Info: Pack: normal pack mode

[2025-10-30T09:22:44.970] [DEBUG] debug-file - Info: hardware concurrency count is : 16
Info: thread count is : 16

[2025-10-30T09:22:44.971] [DEBUG] debug-file - Info: thread pool is started

[2025-10-30T09:22:44.992] [DEBUG] debug-file - Info: GenericCompiler::CompileFiles

[2025-10-30T09:22:45.067] [DEBUG] debug-file - Info: GenericCompiler::CompileFiles

[2025-10-30T09:22:45.072] [DEBUG] debug-file - Info: GenericCompiler::CompileFiles

[2025-10-30T09:22:45.100] [DEBUG] debug-file - 10-30 09:22:45.100 28528 36380 E C01400/ImageTranscoderUtils: DecodeToRGBA IN

[2025-10-30T09:22:45.101] [DEBUG] debug-file - 10-30 09:22:45.100 28528 36380 E C01400/ImageTranscoderUtils: ImageFilter IN F:\DevEcoStudioProjects\Rdb-master\AppScope\resources\base\media\app_icon.png

[2025-10-30T09:22:45.137] [DEBUG] debug-file - 10-30 09:22:45.137 28528 36380 E C01400/ImageTranscoder: TranscodeSLR Only zoom-out is supported.

[2025-10-30T09:22:45.138] [DEBUG] debug-file - Warning: ScaleImage failed, error message: INVALID_PARAMETERS, file path = F:\DevEcoStudioProjects\Rdb-master\AppScope\resources\base\media\app_icon.png

[2025-10-30T09:22:45.143] [DEBUG] debug-file - 10-30 09:22:45.143 28528 36380 E C01400/ImageTranscoderUtils: DecodeToRGBA IN

[2025-10-30T09:22:45.143] [DEBUG] debug-file - 10-30 09:22:45.143 28528 36380 E C01400/ImageTranscoderUtils: ImageFilter IN F:\DevEcoStudioProjects\Rdb-master\entry\src\main\resources\base\media\icon.png

[2025-10-30T09:22:45.146] [DEBUG] debug-file - 10-30 09:22:45.146 28528 36380 E C01400/ImageTranscoder: TranscodeSLR Only zoom-out is supported.

[2025-10-30T09:22:45.147] [DEBUG] debug-file - Warning: ScaleImage failed, error message: INVALID_PARAMETERS, file path = F:\DevEcoStudioProjects\Rdb-master\entry\src\main\resources\base\media\icon.png

[2025-10-30T09:22:45.153] [DEBUG] debug-file - Warning: The width or height of the png file referenced by the icon exceeds the limit (41 pixels)
at F:\DevEcoStudioProjects\Rdb-master\AppScope\resources\base\media\app_icon.png

[2025-10-30T09:22:45.154] [DEBUG] debug-file - Warning: The width or height of the png file referenced by the icon exceeds the limit (41 pixels)
at F:\DevEcoStudioProjects\Rdb-master\entry\src\main\resources\base\media\icon.png

[2025-10-30T09:22:45.163] [DEBUG] debug-file - Info: restool resources compile success.

[2025-10-30T09:22:45.165] [DEBUG] debug-file - Info: thread pool is stopped

[2025-10-30T09:22:45.251] [DEBUG] debug-file - entry : default@CompileResource cost memory -12.474441528320312
[2025-10-30T09:22:45.251] [DEBUG] debug-file - runTaskFromQueue task cost before running: 1 min 13 s 24 ms 
[2025-10-30T09:22:45.256] [INFO] debug-file - Finished :entry:default@CompileResource... after 2 s 378 ms 
[2025-10-30T09:22:45.262] [DEBUG] debug-file - Executing task :entry:default@DoNativeStrip
[2025-10-30T09:22:45.264] [DEBUG] debug-file - Task 'entry:default@DoNativeStrip' cost while wrapping incremental declarations: 2 ms 
[2025-10-30T09:22:45.275] [DEBUG] debug-file - entry : default@DoNativeStrip cost memory 0.06847381591796875
[2025-10-30T09:22:45.275] [DEBUG] debug-file - runTaskFromQueue task cost before running: 1 min 13 s 48 ms 
[2025-10-30T09:22:45.276] [INFO] debug-file - Finished :entry:default@DoNativeStrip... after 13 ms 
[2025-10-30T09:22:45.282] [DEBUG] debug-file - Executing task :entry:default@CompileArkTS
[2025-10-30T09:22:45.284] [DEBUG] debug-file - obfuscationOptions: undefined
[2025-10-30T09:22:45.360] [DEBUG] debug-file - build config:
[2025-10-30T09:22:45.361] [DEBUG] debug-file - {
  moduleType: 'entry',
  perf: 0,
  targetName: '.default',
  packageManagerType: 'ohpm',
  localPropertiesPath: 'F:\\DevEcoStudioProjects\\Rdb-master\\local.properties',
  isPreview: false,
  isOhosTest: false,
  isLocalTest: false,
  buildMode: 'Debug',
  hotReloadBuild: undefined,
  watchMode: 'false',
  aceProfilePath: 'F:\\DevEcoStudioProjects\\Rdb-master\\entry\\build\\default\\intermediates\\res\\default\\resources\\base\\profile',
  etsLoaderPath: 'F:\\deveco\\DevEco Studio\\sdk\\default\\openharmony\\ets\\build-tools\\ets-loader',
  modulePath: 'F:\\DevEcoStudioProjects\\Rdb-master\\entry',
  testFrameworkPar: {
    testMode: undefined,
    coveragePathFilter: undefined,
    coverageMode: undefined
  },
  needCoverageInsert: false,
  debugLine: false,
  projectTopDir: 'F:\\DevEcoStudioProjects\\Rdb-master',
  compileSdkVersion: 20,
  compatibleSdkVersion: 19,
  compatibleSdkVersionStage: undefined,
  bundleName: 'c***b',
  etsLoaderVersion: '6.0.0.47',
  etsLoaderReleaseType: 'Release',
  aotCompileMode: 'type',
  apPath: 'F:\\DevEcoStudioProjects\\Rdb-master\\entry\\modules.ap',
  entryModuleName: 'entry',
  entryModuleVersion: '1.0.0',
  entryPackageName: 'entry',
  allModuleNameHash: 'f193d110e9e891220f8cb6e72eb1e142',
  externalApiPaths: [ 'F:\\deveco\\DevEco Studio\\sdk\\default\\hms\\ets' ],
  compilerTypes: [],
  isCrossplatform: false,
  hvigorPluginFile: undefined,
  compilePluginPath: undefined,
  buildGeneratedProfilePath: 'F:\\DevEcoStudioProjects\\Rdb-master\\entry\\build\\default\\generated\\profile\\default',
  bundleType: 'app',
  arkTSVersion: undefined,
  apiVersion: 20,
  needCompleteSourcesMap: false,
  isFaMode: false,
  strictMode: undefined,
  buildDir: 'F:\\DevEcoStudioProjects\\Rdb-master\\entry\\build',
  deviceTypes: [ 'phone' ],
  useNormalizedOHMUrl: false,
  pkgContextInfo: undefined,
  ohPackagePathMap: {},
  dependencyAliasMap: {},
  permission: { requestPermissions: [ [Object] ], definePermissions: undefined },
  integratedHsp: false,
  projectArkOption: undefined,
  sourceMapDir: undefined,
  branchElimination: false,
  transformLib: undefined,
  caseSensitiveCheck: false,
  tsImportSendable: false,
  resolveConflictMode: true,
  depName2RootPath: {},
  depName2DepInfo: {},
  rootPathSet: [ 'F:\\DevEcoStudioProjects\\Rdb-master' ],
  useNativeResolver: true,
  shouldEmitJs: true,
  useTscResolve: false,
  singleFileEmit: false,
  userProjectConfig: {
    autoLazyImport: false,
    allowEmptyBundleName: false,
    reExportCheckMode: 'noCheck',
    executionMode: 'memory',
    usePathPlaceholder: false,
    writeRollupCache: true,
    isExpandImportEnabled: false,
    expandImportExclude: '',
    ignoreCrossplatformCheck: false,
    isPreloadSoEnabled: false
  },
  skipOhModulesLint: false,
  executionMode: 'memory',
  autoLazyImport: false,
  allowEmptyBundleName: false,
  reExportCheckMode: 'noCheck',
  usePathPlaceholder: false,
  writeRollupCache: true,
  isExpandImportEnabled: false,
  expandImportExclude: '',
  ignoreCrossplatformCheck: false,
  isPreloadSoEnabled: false,
  arkCompileCachePath: 'F:\\DevEcoStudioProjects\\Rdb-master\\entry\\build\\default\\cache\\default\\default@CompileArkTS\\esmodule',
  aceModuleJsonPath: 'F:\\DevEcoStudioProjects\\Rdb-master\\entry\\build\\default\\intermediates\\res\\default\\ark_module.json',
  appResource: 'F:\\DevEcoStudioProjects\\Rdb-master\\entry\\build\\default\\intermediates\\res\\default\\ResourceTable.txt',
  rawFileResource: 'F:\\DevEcoStudioProjects\\Rdb-master\\entry\\build\\default\\intermediates\\res\\default\\resources\\rawfile',
  resourceTableHash: '4f4360cc0d6cf547584bd22a572293a5',
  runtimeOS: 'HarmonyOS',
  sdkInfo: 'false:20:6.0.0.47:Release',
  aceModuleRoot: 'F:\\DevEcoStudioProjects\\Rdb-master\\entry\\src\\main\\ets',
  compileMode: 'esmodule',
  aceSuperVisualPath: 'F:\\DevEcoStudioProjects\\Rdb-master\\entry\\src\\main\\supervisual',
  aceBuildJson: 'F:\\DevEcoStudioProjects\\Rdb-master\\entry\\build\\default\\intermediates\\loader\\default\\loader.json',
  cachePath: 'F:\\DevEcoStudioProjects\\Rdb-master\\entry\\build\\default\\cache\\default\\default@CompileArkTS\\esmodule\\debug',
  aceModuleBuild: 'F:\\DevEcoStudioProjects\\Rdb-master\\entry\\build\\default\\intermediates\\loader_out\\default\\ets',
  supportChunks: true,
  declaredFilesPath: undefined,
  shouldCollectDirectImportees: false,
  isByteCodeHarOptimize: false,
  expandImportPath: undefined,
  pkgNameToPkgBriefInfo: {
    entry: {
      pkgRoot: 'F:\\DevEcoStudioProjects\\Rdb-master\\entry',
      originalSourceRoots: undefined,
      sourceRoots: [Array],
      pkgName: 'entry'
    }
  },
  projectModel: {
    'F:\\DevEcoStudioProjects\\Rdb-master\\entry\\src\\main': {
      moduleName: 'entry',
      modulePkgPath: 'F:\\DevEcoStudioProjects\\Rdb-master\\entry',
      belongProjectPath: 'F:\\DevEcoStudioProjects\\Rdb-master'
    },
    'F:\\DevEcoStudioProjects\\Rdb-master\\entry': {
      moduleName: 'entry',
      modulePkgPath: 'F:\\DevEcoStudioProjects\\Rdb-master\\entry',
      belongProjectPath: 'F:\\DevEcoStudioProjects\\Rdb-master'
    },
    'F:\\DevEcoStudioProjects\\Rdb-master': {
      moduleName: 'Rdb-master',
      modulePkgPath: 'F:\\DevEcoStudioProjects\\Rdb-master',
      belongProjectPath: 'F:\\DevEcoStudioProjects\\Rdb-master'
    }
  },
  pkgJsonFileHash: '46da2534709c278ef86d256388f30b57',
  allModulePaths: [ 'F:\\DevEcoStudioProjects\\Rdb-master\\entry' ],
  routerMap: {},
  obfuscationOptions: undefined,
  byteCodeHarToDependencyKeys: undefined,
  compileBlockPkg: [],
  mockParams: {
    decorator: '@MockSetup',
    packageName: '@ohos/hamock',
    etsSourceRootPath: 'src/main/ets',
    mockConfigPath: undefined,
    mockConfigKey2ModuleInfo: {},
    source2ModuleIdMap: {}
  },
  copyCodeResourceEnable: true,
  copyCodeResourceExcludes: [],
  copyCodeResourceIncludes: undefined,
  uiTransformOptimization: false,
  sdkPath: 'F:/deveco/DevEco Studio/sdk',
  needPreloadSoFileSet: {},
  preloadSoFilePath: 'F:\\DevEcoStudioProjects\\Rdb-master\\entry\\build\\default\\intermediates\\preload\\default\\preload.json',
  useSourceHash: false,
  localModuleParamMap: {},
  otherPaths: {
    'entry/*': [
      '..\\*',
      '..\\..\\..\\build\\default\\generated\\profile\\default\\*'
    ]
  },
  collectImportersConfig: undefined
}
[2025-10-30T09:22:45.362] [DEBUG] debug-file - Compile arkts with external api path: F:\deveco\DevEco Studio\sdk\default\hms\ets
[2025-10-30T09:22:45.371] [DEBUG] debug-file - Since there is no instance or instance is terminated, create a new worker pool.
[2025-10-30T09:22:45.371] [DEBUG] debug-file - Worker pool is initialized with config:  {
  minPoolNum: 2,
  maxPoolNum: undefined,
  maxCoreSize: undefined,
  cacheCapacity: undefined,
  cacheTtl: undefined
}
[2025-10-30T09:22:45.374] [DEBUG] debug-file - Create  resident worker with id: 0.
[2025-10-30T09:22:45.384] [DEBUG] debug-file - Create  resident worker with id: 1.
[2025-10-30T09:22:45.392] [DEBUG] debug-file - default@CompileArkTS work[0] is submitted.
[2025-10-30T09:22:45.394] [DEBUG] debug-file - default@CompileArkTS work[0] is pushed to ready queue.
[2025-10-30T09:22:45.395] [DEBUG] debug-file - A work dispatched to worker[15] failed because unable to get work from ready queue.
[2025-10-30T09:22:45.395] [DEBUG] debug-file - A work dispatched to worker[14] failed because unable to get work from ready queue.
[2025-10-30T09:22:45.395] [DEBUG] debug-file - A work dispatched to worker[13] failed because unable to get work from ready queue.
[2025-10-30T09:22:45.395] [DEBUG] debug-file - A work dispatched to worker[12] failed because unable to get work from ready queue.
[2025-10-30T09:22:45.396] [DEBUG] debug-file - A work dispatched to worker[11] failed because unable to get work from ready queue.
[2025-10-30T09:22:45.396] [DEBUG] debug-file - A work dispatched to worker[10] failed because unable to get work from ready queue.
[2025-10-30T09:22:45.396] [DEBUG] debug-file - A work dispatched to worker[9] failed because unable to get work from ready queue.
[2025-10-30T09:22:45.397] [DEBUG] debug-file - A work dispatched to worker[8] failed because unable to get work from ready queue.
[2025-10-30T09:22:45.397] [DEBUG] debug-file - A work dispatched to worker[7] failed because unable to get work from ready queue.
[2025-10-30T09:22:45.397] [DEBUG] debug-file - A work dispatched to worker[6] failed because unable to get work from ready queue.
[2025-10-30T09:22:45.397] [DEBUG] debug-file - A work dispatched to worker[5] failed because unable to get work from ready queue.
[2025-10-30T09:22:45.398] [DEBUG] debug-file - Create  resident worker with id: 4.
[2025-10-30T09:22:45.402] [DEBUG] debug-file - default@CompileArkTS work[0] has been dispatched to worker[4].
[2025-10-30T09:22:45.403] [DEBUG] debug-file - default@CompileArkTS work[0] is dispatched.
[2025-10-30T09:22:45.403] [DEBUG] debug-file - CopyResources startTime: 1861113712100
[2025-10-30T09:22:45.404] [DEBUG] debug-file - default@CompileArkTS work[1] is submitted.
[2025-10-30T09:22:45.404] [DEBUG] debug-file - default@CompileArkTS work[1] is pushed to ready queue.
[2025-10-30T09:22:45.405] [DEBUG] debug-file - A work dispatched to worker[15] failed because unable to get work from ready queue.
[2025-10-30T09:22:45.405] [DEBUG] debug-file - Create  resident worker with id: 14.
[2025-10-30T09:22:45.408] [DEBUG] debug-file - default@CompileArkTS work[1] has been dispatched to worker[14].
[2025-10-30T09:22:45.408] [DEBUG] debug-file - default@CompileArkTS work[1] is dispatched.
[2025-10-30T09:22:45.409] [DEBUG] debug-file - entry : default@CompileArkTS cost memory 1.7027587890625
[2025-10-30T09:22:45.416] [DEBUG] debug-file - Executing task :entry:default@BuildJS
[2025-10-30T09:22:45.429] [DEBUG] debug-file - entry : default@BuildJS cost memory 0.12332916259765625
[2025-10-30T09:22:45.429] [DEBUG] debug-file - runTaskFromQueue task cost before running: 1 min 13 s 202 ms 
[2025-10-30T09:22:45.430] [INFO] debug-file - Finished :entry:default@BuildJS... after 13 ms 
[2025-10-30T09:22:45.436] [DEBUG] debug-file - Executing task :entry:default@CacheNativeLibs
[2025-10-30T09:22:45.438] [DEBUG] debug-file - Task 'entry:default@CacheNativeLibs' cost while wrapping incremental declarations: 2 ms 
[2025-10-30T09:22:45.439] [DEBUG] debug-file - default@CacheNativeLibs work[2] is submitted.
[2025-10-30T09:22:45.440] [DEBUG] debug-file - default@CacheNativeLibs work[2] is pushed to ready queue.
[2025-10-30T09:22:45.440] [DEBUG] debug-file - A work dispatched to worker[15] failed because unable to get work from ready queue.
[2025-10-30T09:22:45.441] [DEBUG] debug-file - A work dispatched to worker[14] failed because of worker busy.
[2025-10-30T09:22:45.441] [DEBUG] debug-file - Create  resident worker with id: 13.
[2025-10-30T09:22:45.450] [DEBUG] debug-file - default@CacheNativeLibs work[2] has been dispatched to worker[13].
[2025-10-30T09:22:45.450] [DEBUG] debug-file - default@CacheNativeLibs work[2] is dispatched.
[2025-10-30T09:22:45.452] [DEBUG] debug-file - entry : default@CacheNativeLibs cost memory 0.21277618408203125
[2025-10-30T09:22:50.757] [DEBUG] debug-file - worker[13] has one work done.
[2025-10-30T09:22:50.758] [DEBUG] debug-file - default@CacheNativeLibs work[2] done.
[2025-10-30T09:22:50.759] [DEBUG] debug-file - A work dispatched to worker[13] failed because unable to get work from ready queue.
[2025-10-30T09:22:50.760] [INFO] debug-file - Finished :entry:default@CacheNativeLibs... after 41 ms 
[2025-10-30T09:22:50.857] [DEBUG] debug-file - worker[14] has one work done.
[2025-10-30T09:22:50.858] [DEBUG] debug-file - CopyResources is end, endTime: 1866568193300
[2025-10-30T09:22:50.858] [DEBUG] debug-file - default@CompileArkTS work[1] done.
[2025-10-30T09:22:50.858] [DEBUG] debug-file - A work dispatched to worker[14] failed because unable to get work from ready queue.
[2025-10-30T09:24:09.788] [DEBUG] debug-file - Ark compile task finished.finished time is 1945497229900
[2025-10-30T09:24:09.790] [DEBUG] debug-file - worker[4] has one work done.
[2025-10-30T09:24:09.801] [DEBUG] debug-file - default@CompileArkTS work[0] done.
[2025-10-30T09:24:09.813] [INFO] debug-file - Finished :entry:default@CompileArkTS... after 1 min 8 s 918 ms 
[2025-10-30T09:24:09.825] [DEBUG] debug-file - Executing task :entry:default@GeneratePkgModuleJson
[2025-10-30T09:24:09.831] [DEBUG] debug-file - File: 'F:\DevEcoStudioProjects\Rdb-master\entry\build\default\intermediates\preload\default\preload.json' from 'preloadSoJsonPath' is not exists, just ignore.
[2025-10-30T09:24:09.831] [DEBUG] debug-file - Task 'entry:default@GeneratePkgModuleJson' cost while wrapping incremental declarations: 3 ms 
[2025-10-30T09:24:09.868] [DEBUG] debug-file - entry : default@GeneratePkgModuleJson cost memory 0.07366180419921875
[2025-10-30T09:24:09.868] [DEBUG] debug-file - runTaskFromQueue task cost before running: 2 min 37 s 641 ms 
[2025-10-30T09:24:09.869] [INFO] debug-file - Finished :entry:default@GeneratePkgModuleJson... after 44 ms 
[2025-10-30T09:24:09.873] [DEBUG] debug-file - Executing task :entry:default@ProcessCompiledResources
[2025-10-30T09:24:09.874] [DEBUG] debug-file - File: 'F:\DevEcoStudioProjects\Rdb-master\entry\build\default\intermediates\preload\default\preload.json' from 'preloadSoJsonPath' is not exists, just ignore.
[2025-10-30T09:24:09.876] [DEBUG] debug-file - Task 'entry:default@ProcessCompiledResources' cost while wrapping incremental declarations: 3 ms 
[2025-10-30T09:24:09.878] [DEBUG] debug-file - entry : default@ProcessCompiledResources cost memory 0.06407928466796875
[2025-10-30T09:24:09.879] [DEBUG] debug-file - runTaskFromQueue task cost before running: 2 min 37 s 652 ms 
[2025-10-30T09:24:09.880] [INFO] debug-file - Finished :entry:default@ProcessCompiledResources... after 6 ms 
[2025-10-30T09:24:09.898] [DEBUG] debug-file - Executing task :entry:default@PackageHap
[2025-10-30T09:24:09.921] [DEBUG] debug-file - Use tool [F:\deveco\DevEco Studio\sdk\default\openharmony\toolchains\lib\app_packing_tool.jar]
 [
  'java',
  '-Dfile.encoding=GBK',
  '-jar',
  'F:\\deveco\\DevEco Studio\\sdk\\default\\openharmony\\toolchains\\lib\\app_packing_tool.jar',
  '--mode',
  'hap',
  '--force',
  'true',
  '--lib-path',
  'F:\\DevEcoStudioProjects\\Rdb-master\\entry\\build\\default\\intermediates\\stripped_native_libs\\default',
  '--json-path',
  'F:\\DevEcoStudioProjects\\Rdb-master\\entry\\build\\default\\intermediates\\package\\default\\module.json',
  '--resources-path',
  'F:\\DevEcoStudioProjects\\Rdb-master\\entry\\build\\default\\intermediates\\res\\default\\resources',
  '--index-path',
  'F:\\DevEcoStudioProjects\\Rdb-master\\entry\\build\\default\\intermediates\\res\\default\\resources.index',
  '--pack-info-path',
  'F:\\DevEcoStudioProjects\\Rdb-master\\entry\\build\\default\\outputs\\default\\pack.info',
  '--out-path',
  'F:\\DevEcoStudioProjects\\Rdb-master\\entry\\build\\default\\outputs\\default\\entry-default-unsigned.hap',
  '--ets-path',
  'F:\\DevEcoStudioProjects\\Rdb-master\\entry\\build\\default\\intermediates\\loader_out\\default\\ets'
]
[2025-10-30T09:24:10.424] [DEBUG] debug-file - A work dispatched to worker[4] failed because unable to get work from ready queue.
[2025-10-30T09:24:11.910] [DEBUG] debug-file - java daemon socket received message:{"code":0,"message":"pack success"}
[2025-10-30T09:24:11.934] [DEBUG] debug-file - entry : default@PackageHap cost memory -0.06763458251953125
[2025-10-30T09:24:11.935] [DEBUG] debug-file - runTaskFromQueue task cost before running: 2 min 39 s 708 ms 
[2025-10-30T09:24:11.939] [INFO] debug-file - Finished :entry:default@PackageHap... after 2 s 38 ms 
[2025-10-30T09:24:11.944] [DEBUG] debug-file - Executing task :entry:default@PackingCheck
[2025-10-30T09:24:12.011] [DEBUG] debug-file - entry : default@PackingCheck cost memory -0.21634674072265625
[2025-10-30T09:24:12.012] [DEBUG] debug-file - runTaskFromQueue task cost before running: 2 min 39 s 785 ms 
[2025-10-30T09:24:12.013] [INFO] debug-file - Finished :entry:default@PackingCheck... after 69 ms 
[2025-10-30T09:24:12.025] [DEBUG] debug-file - Executing task :entry:default@SignHap
[2025-10-30T09:24:12.026] [WARN] debug-file - Will skip sign 'hos_hap'. No signingConfigs profile is configured in current project.
             If needed, configure the signingConfigs in F:\DevEcoStudioProjects\Rdb-master\build-profile.json5.
[2025-10-30T09:24:12.032] [DEBUG] debug-file - entry : default@SignHap cost memory 0.07598114013671875
[2025-10-30T09:24:12.032] [DEBUG] debug-file - runTaskFromQueue task cost before running: 2 min 39 s 805 ms 
[2025-10-30T09:24:12.034] [INFO] debug-file - Finished :entry:default@SignHap... after 7 ms 
[2025-10-30T09:24:12.041] [DEBUG] debug-file - Executing task :entry:default@CollectDebugSymbol
[2025-10-30T09:24:12.049] [DEBUG] debug-file - entry : default@CollectDebugSymbol cost memory 0.09058380126953125
[2025-10-30T09:24:12.050] [DEBUG] debug-file - runTaskFromQueue task cost before running: 2 min 39 s 823 ms 
[2025-10-30T09:24:12.050] [INFO] debug-file - Finished :entry:default@CollectDebugSymbol... after 9 ms 
[2025-10-30T09:24:12.052] [DEBUG] debug-file - Executing task :entry:assembleHap
[2025-10-30T09:24:12.052] [DEBUG] debug-file - entry : assembleHap cost memory 0.01444244384765625
[2025-10-30T09:24:12.053] [DEBUG] debug-file - runTaskFromQueue task cost before running: 2 min 39 s 826 ms 
[2025-10-30T09:24:12.054] [INFO] debug-file - Finished :entry:assembleHap... after 2 ms 
[2025-10-30T09:24:12.101] [INFO] debug-file - BUILD SUCCESSFUL in 2 min 39 s 873 ms 
[2025-10-30T09:24:12.112] [DEBUG] debug-file - Update task entry:default@PreBuild input file:F:\DevEcoStudioProjects\Rdb-master\AppScope\app.json5 cache by regenerate.
[2025-10-30T09:24:12.115] [DEBUG] debug-file - Update task entry:default@PreBuild input file:F:\DevEcoStudioProjects\Rdb-master\entry\src\main\module.json5 cache by regenerate.
[2025-10-30T09:24:12.117] [DEBUG] debug-file - Update task entry:default@PreBuild input file:F:\DevEcoStudioProjects\Rdb-master\build-profile.json5 cache by regenerate.
[2025-10-30T09:24:12.123] [DEBUG] debug-file - Update task entry:default@PreBuild input file:F:\DevEcoStudioProjects\Rdb-master\entry\build-profile.json5 cache by regenerate.
[2025-10-30T09:24:12.127] [DEBUG] debug-file - Update task entry:default@PreBuild input file:F:\DevEcoStudioProjects\Rdb-master\entry\src\main\resources\base\profile\main_pages.json cache by regenerate.
[2025-10-30T09:24:12.130] [DEBUG] debug-file - Update task entry:default@PreBuild input file:F:\DevEcoStudioProjects\Rdb-master\hvigor\hvigor-config.json5 cache by regenerate.
[2025-10-30T09:24:12.132] [DEBUG] debug-file - Update task entry:default@PreBuild input file:F:\DevEcoStudioProjects\Rdb-master\entry\oh-package.json5 cache by regenerate.
[2025-10-30T09:24:12.134] [DEBUG] debug-file - Update task entry:default@PreBuild input file:F:\DevEcoStudioProjects\Rdb-master\oh-package.json5 cache by regenerate.
[2025-10-30T09:24:12.137] [DEBUG] debug-file - Incremental task entry:default@PreBuild post-execution cost:30 ms .
[2025-10-30T09:24:12.137] [DEBUG] debug-file - Update task entry:default@CreateModuleInfo output file:F:\DevEcoStudioProjects\Rdb-master\entry\build\default\generated\profile\default\ModuleInfo.ts cache.
[2025-10-30T09:24:12.139] [DEBUG] debug-file - Incremental task entry:default@CreateModuleInfo post-execution cost:2 ms .
[2025-10-30T09:24:12.139] [DEBUG] debug-file - Update task entry:default@GenerateMetadata input file:F:\DevEcoStudioProjects\Rdb-master\entry\src\main\module.json5 cache by regenerate.
[2025-10-30T09:24:12.141] [DEBUG] debug-file - Update task entry:default@GenerateMetadata output file:F:\DevEcoStudioProjects\Rdb-master\entry\build\default\intermediates\hap_metadata\default\output_metadata.json cache.
[2025-10-30T09:24:12.143] [DEBUG] debug-file - Incremental task entry:default@GenerateMetadata post-execution cost:4 ms .
[2025-10-30T09:24:12.143] [DEBUG] debug-file - Update task entry:default@MergeProfile input file:F:\DevEcoStudioProjects\Rdb-master\AppScope\app.json5 cache by regenerate.
[2025-10-30T09:24:12.145] [DEBUG] debug-file - Update task entry:default@MergeProfile input file:F:\DevEcoStudioProjects\Rdb-master\build-profile.json5 cache by regenerate.
[2025-10-30T09:24:12.147] [DEBUG] debug-file - Update task entry:default@MergeProfile input file:F:\DevEcoStudioProjects\Rdb-master\entry\src\main\module.json5 cache by regenerate.
[2025-10-30T09:24:12.151] [DEBUG] debug-file - Update task entry:default@MergeProfile output file:F:\DevEcoStudioProjects\Rdb-master\entry\build\default\intermediates\merge_profile\default\module.json cache.
[2025-10-30T09:24:12.154] [DEBUG] debug-file - Incremental task entry:default@MergeProfile post-execution cost:11 ms .
[2025-10-30T09:24:12.155] [DEBUG] debug-file - Update task entry:default@CreateBuildProfile input file:F:\DevEcoStudioProjects\Rdb-master\AppScope\app.json5 cache by regenerate.
[2025-10-30T09:24:12.157] [DEBUG] debug-file - Update task entry:default@CreateBuildProfile input file:F:\DevEcoStudioProjects\Rdb-master\build-profile.json5 cache by regenerate.
[2025-10-30T09:24:12.159] [DEBUG] debug-file - Update task entry:default@CreateBuildProfile output file:F:\DevEcoStudioProjects\Rdb-master\entry\build\default\generated\profile\default\BuildProfile.ets cache.
[2025-10-30T09:24:12.160] [DEBUG] debug-file - Incremental task entry:default@CreateBuildProfile post-execution cost:6 ms .
[2025-10-30T09:24:12.161] [DEBUG] debug-file - Update task entry:default@GeneratePkgContextInfo output file:F:\DevEcoStudioProjects\Rdb-master\entry\build\default\intermediates\loader\default\pkgContextInfo.json cache.
[2025-10-30T09:24:12.162] [DEBUG] debug-file - Incremental task entry:default@GeneratePkgContextInfo post-execution cost:1 ms .
[2025-10-30T09:24:12.162] [DEBUG] debug-file - Update task entry:default@ProcessIntegratedHsp output file:F:\DevEcoStudioProjects\Rdb-master\build\cache\default\integrated_hsp\integratedHspCache.json cache.
[2025-10-30T09:24:12.163] [DEBUG] debug-file - Incremental task entry:default@ProcessIntegratedHsp post-execution cost:1 ms .
[2025-10-30T09:24:12.163] [DEBUG] debug-file - Update task entry:default@MakePackInfo input file:F:\DevEcoStudioProjects\Rdb-master\AppScope\app.json5 cache by regenerate.
[2025-10-30T09:24:12.165] [DEBUG] debug-file - Update task entry:default@MakePackInfo input file:F:\DevEcoStudioProjects\Rdb-master\entry\src\main\module.json5 cache by regenerate.
[2025-10-30T09:24:12.167] [DEBUG] debug-file - Update task entry:default@MakePackInfo input file:F:\DevEcoStudioProjects\Rdb-master\build-profile.json5 cache by regenerate.
[2025-10-30T09:24:12.170] [DEBUG] debug-file - Update task entry:default@MakePackInfo output file:F:\DevEcoStudioProjects\Rdb-master\entry\build\default\outputs\default\pack.info cache.
[2025-10-30T09:24:12.173] [DEBUG] debug-file - Incremental task entry:default@MakePackInfo post-execution cost:10 ms .
[2025-10-30T09:24:12.173] [DEBUG] debug-file - Update task entry:default@SyscapTransform input file:F:\deveco\DevEco Studio\sdk\default\openharmony\toolchains\syscap_tool.exe cache by regenerate.
[2025-10-30T09:24:12.176] [DEBUG] debug-file - Update task entry:default@SyscapTransform input file:F:\deveco\DevEco Studio\sdk\default\openharmony\ets\api\device-define cache by regenerate.
[2025-10-30T09:24:12.188] [DEBUG] debug-file - Update task entry:default@SyscapTransform output file:F:\DevEcoStudioProjects\Rdb-master\entry\build\default\intermediates\syscap\default\rpcid.sc cache.
[2025-10-30T09:24:12.189] [DEBUG] debug-file - Incremental task entry:default@SyscapTransform post-execution cost:17 ms .
[2025-10-30T09:24:12.190] [DEBUG] debug-file - Update task entry:default@ProcessProfile input file:F:\DevEcoStudioProjects\Rdb-master\entry\build\default\intermediates\merge_profile\default\module.json cache by regenerate.
[2025-10-30T09:24:12.192] [DEBUG] debug-file - Update task entry:default@ProcessProfile output file:F:\DevEcoStudioProjects\Rdb-master\entry\build\default\intermediates\process_profile\default\module.json cache.
[2025-10-30T09:24:12.194] [DEBUG] debug-file - Incremental task entry:default@ProcessProfile post-execution cost:5 ms .
[2025-10-30T09:24:12.196] [DEBUG] debug-file - Update task entry:default@ProcessRouterMap input file:F:\DevEcoStudioProjects\Rdb-master\entry\oh-package.json5 cache by regenerate.
[2025-10-30T09:24:12.198] [DEBUG] debug-file - Update task entry:default@ProcessRouterMap input file:F:\DevEcoStudioProjects\Rdb-master\oh-package.json5 cache by regenerate.
[2025-10-30T09:24:12.199] [DEBUG] debug-file - Update task entry:default@ProcessRouterMap input file:F:\DevEcoStudioProjects\Rdb-master\entry\src\main\module.json5 cache by regenerate.
[2025-10-30T09:24:12.202] [DEBUG] debug-file - Update task entry:default@ProcessRouterMap output file:F:\DevEcoStudioProjects\Rdb-master\entry\build\default\intermediates\router_map\default\temp-router-map.json cache.
[2025-10-30T09:24:12.209] [DEBUG] debug-file - Update task entry:default@ProcessRouterMap output file:F:\DevEcoStudioProjects\Rdb-master\entry\build\default\intermediates\router_map\default\loader-router-map.json cache.
[2025-10-30T09:24:12.212] [DEBUG] debug-file - Incremental task entry:default@ProcessRouterMap post-execution cost:17 ms .
[2025-10-30T09:24:12.214] [DEBUG] debug-file - Update task entry:default@ProcessShareConfig input file:F:\DevEcoStudioProjects\Rdb-master\entry\oh-package.json5 cache by regenerate.
[2025-10-30T09:24:12.216] [DEBUG] debug-file - Update task entry:default@ProcessShareConfig input file:F:\DevEcoStudioProjects\Rdb-master\oh-package.json5 cache by regenerate.
[2025-10-30T09:24:12.218] [DEBUG] debug-file - Update task entry:default@ProcessShareConfig input file:F:\DevEcoStudioProjects\Rdb-master\entry\src\main\module.json5 cache by regenerate.
[2025-10-30T09:24:12.221] [DEBUG] debug-file - Update task entry:default@ProcessShareConfig output file:F:\DevEcoStudioProjects\Rdb-master\entry\build\default\intermediates\share_config\default\temp-share-config.json cache.
[2025-10-30T09:24:12.223] [DEBUG] debug-file - Incremental task entry:default@ProcessShareConfig post-execution cost:11 ms .
[2025-10-30T09:24:12.225] [DEBUG] debug-file - Update task entry:default@ProcessStartupConfig output file:F:\DevEcoStudioProjects\Rdb-master\entry\build\default\intermediates\startup\default\startup_config.json cache.
[2025-10-30T09:24:12.226] [DEBUG] debug-file - Incremental task entry:default@ProcessStartupConfig post-execution cost:3 ms .
[2025-10-30T09:24:12.227] [DEBUG] debug-file - Update task entry:default@ProcessResource output file:F:\DevEcoStudioProjects\Rdb-master\entry\build\default\intermediates\res\default\resConfig.json cache.
[2025-10-30T09:24:12.228] [DEBUG] debug-file - Update task entry:default@ProcessResource output file:F:\DevEcoStudioProjects\Rdb-master\entry\build\default\intermediates\res\default\opt-compression.json cache.
[2025-10-30T09:24:12.230] [DEBUG] debug-file - Incremental task entry:default@ProcessResource post-execution cost:4 ms .
[2025-10-30T09:24:12.235] [DEBUG] debug-file - Update task entry:default@GenerateLoaderJson input file:F:\DevEcoStudioProjects\Rdb-master\entry\build\default\intermediates\router_map\default\temp-router-map.json cache by regenerate.
[2025-10-30T09:24:12.237] [DEBUG] debug-file - Update task entry:default@GenerateLoaderJson output file:F:\DevEcoStudioProjects\Rdb-master\entry\build\default\intermediates\loader\default\loader.json cache.
[2025-10-30T09:24:12.239] [DEBUG] debug-file - Incremental task entry:default@GenerateLoaderJson post-execution cost:9 ms .
[2025-10-30T09:24:12.241] [DEBUG] debug-file - Update task entry:default@ProcessLibs input file:F:\DevEcoStudioProjects\Rdb-master\build-profile.json5 cache by regenerate.
[2025-10-30T09:24:12.243] [DEBUG] debug-file - Update task entry:default@ProcessLibs input file:F:\DevEcoStudioProjects\Rdb-master\entry\build-profile.json5 cache by regenerate.
[2025-10-30T09:24:12.244] [DEBUG] debug-file - Update task entry:default@ProcessLibs output file:F:\DevEcoStudioProjects\Rdb-master\entry\build\default\intermediates\libs\default cache.
[2025-10-30T09:24:12.246] [DEBUG] debug-file - Incremental task entry:default@ProcessLibs post-execution cost:7 ms .
[2025-10-30T09:24:12.258] [DEBUG] debug-file - Update task entry:default@CompileResource input file:F:\DevEcoStudioProjects\Rdb-master\entry\src\main\resources cache by regenerate.
[2025-10-30T09:24:12.333] [DEBUG] debug-file - Update task entry:default@CompileResource input file:F:\DevEcoStudioProjects\Rdb-master\AppScope\resources cache by regenerate.
[2025-10-30T09:24:12.344] [DEBUG] debug-file - Update task entry:default@CompileResource input file:F:\DevEcoStudioProjects\Rdb-master\entry\build\default\intermediates\process_profile\default\module.json cache by regenerate.
[2025-10-30T09:24:12.346] [DEBUG] debug-file - Update task entry:default@CompileResource input file:F:\DevEcoStudioProjects\Rdb-master\entry\build\default\intermediates\res\default\resConfig.json cache by regenerate.
[2025-10-30T09:24:12.348] [DEBUG] debug-file - Update task entry:default@CompileResource output file:F:\DevEcoStudioProjects\Rdb-master\entry\build\default\intermediates\res\default cache.
[2025-10-30T09:24:12.421] [DEBUG] debug-file - Update task entry:default@CompileResource output file:F:\DevEcoStudioProjects\Rdb-master\entry\build\default\generated\r\default\ResourceTable.h cache.
[2025-10-30T09:24:12.424] [DEBUG] debug-file - Update task entry:default@CompileResource output file:F:\DevEcoStudioProjects\Rdb-master\entry\build\default\generated\r\default cache.
[2025-10-30T09:24:12.427] [DEBUG] debug-file - Incremental task entry:default@CompileResource post-execution cost:181 ms .
[2025-10-30T09:24:12.428] [DEBUG] debug-file - Update task entry:default@DoNativeStrip input file:F:\DevEcoStudioProjects\Rdb-master\entry\build\default\intermediates\libs\default cache by regenerate.
[2025-10-30T09:24:12.430] [DEBUG] debug-file - Update task entry:default@DoNativeStrip output file:F:\DevEcoStudioProjects\Rdb-master\entry\build\default\intermediates\stripped_native_libs\default cache.
[2025-10-30T09:24:12.432] [DEBUG] debug-file - Incremental task entry:default@DoNativeStrip post-execution cost:4 ms .
[2025-10-30T09:24:12.438] [DEBUG] debug-file - Update task entry:default@CompileArkTS input file:F:\DevEcoStudioProjects\Rdb-master\entry\build\default\intermediates\loader\default cache by regenerate.
[2025-10-30T09:24:12.442] [DEBUG] debug-file - Update task entry:default@CompileArkTS input file:F:\DevEcoStudioProjects\Rdb-master\entry\build\default\intermediates\res\default\resources\rawfile cache by regenerate.
[2025-10-30T09:24:12.475] [DEBUG] debug-file - Update task entry:default@CompileArkTS input file:F:\DevEcoStudioProjects\Rdb-master\entry\build\default\intermediates\res\default\ResourceTable.txt cache by regenerate.
[2025-10-30T09:24:12.476] [DEBUG] debug-file - Update task entry:default@CompileArkTS input file:F:\DevEcoStudioProjects\Rdb-master\entry\build\default\intermediates\res\default\ark_module.json cache by regenerate.
[2025-10-30T09:24:12.478] [DEBUG] debug-file - Update task entry:default@CompileArkTS input file:F:\DevEcoStudioProjects\Rdb-master\entry\build\default\intermediates\res\default\resources\base\profile cache by regenerate.
[2025-10-30T09:24:12.482] [DEBUG] debug-file - Update task entry:default@CompileArkTS input file:F:\DevEcoStudioProjects\Rdb-master\entry\src\main\ets cache by regenerate.
[2025-10-30T09:24:12.503] [DEBUG] debug-file - Update task entry:default@CompileArkTS input file:F:\DevEcoStudioProjects\Rdb-master\entry\build\default\generated\profile\default\BuildProfile.ets cache by regenerate.
[2025-10-30T09:24:12.505] [DEBUG] debug-file - Update task entry:default@CompileArkTS output file:F:\DevEcoStudioProjects\Rdb-master\entry\build\default\intermediates\loader_out\default\ets cache.
[2025-10-30T09:24:12.512] [DEBUG] debug-file - Incremental task entry:default@CompileArkTS post-execution cost:81 ms .
[2025-10-30T09:24:12.523] [DEBUG] debug-file - Update task entry:default@BuildJS input file:F:\DevEcoStudioProjects\Rdb-master\entry\build\default\intermediates\loader\default cache by regenerate.
[2025-10-30T09:24:12.527] [DEBUG] debug-file - Update task entry:default@BuildJS input file:F:\DevEcoStudioProjects\Rdb-master\entry\build\default\intermediates\res\default\resources\rawfile cache by regenerate.
[2025-10-30T09:24:12.567] [DEBUG] debug-file - Update task entry:default@BuildJS input file:F:\DevEcoStudioProjects\Rdb-master\entry\build\default\intermediates\res\default\ResourceTable.txt cache by regenerate.
[2025-10-30T09:24:12.569] [DEBUG] debug-file - Update task entry:default@BuildJS input file:F:\DevEcoStudioProjects\Rdb-master\entry\build\default\intermediates\res\default\ark_module.json cache by regenerate.
[2025-10-30T09:24:12.572] [DEBUG] debug-file - Update task entry:default@BuildJS input file:F:\DevEcoStudioProjects\Rdb-master\entry\build\default\intermediates\res\default\resources\base\profile cache by regenerate.
[2025-10-30T09:24:12.576] [DEBUG] debug-file - Update task entry:default@BuildJS output file:F:\DevEcoStudioProjects\Rdb-master\entry\build\default\intermediates\loader_out\default\js cache.
[2025-10-30T09:24:12.578] [DEBUG] debug-file - Incremental task entry:default@BuildJS post-execution cost:61 ms .
[2025-10-30T09:24:12.578] [DEBUG] debug-file - Update task entry:default@CacheNativeLibs input file:F:\DevEcoStudioProjects\Rdb-master\entry\build\default\intermediates\stripped_native_libs\default cache by regenerate.
[2025-10-30T09:24:12.580] [DEBUG] debug-file - Update task entry:default@CacheNativeLibs input file:F:\DevEcoStudioProjects\Rdb-master\entry\build\default\intermediates\libs\default cache by regenerate.
[2025-10-30T09:24:12.582] [DEBUG] debug-file - Update task entry:default@CacheNativeLibs output file:F:\DevEcoStudioProjects\Rdb-master\entry\build\default\intermediates\patch\default\base_native_libs.json cache.
[2025-10-30T09:24:12.585] [DEBUG] debug-file - Incremental task entry:default@CacheNativeLibs post-execution cost:7 ms .
[2025-10-30T09:24:12.586] [DEBUG] debug-file - Update task entry:default@GeneratePkgModuleJson input file:F:\DevEcoStudioProjects\Rdb-master\entry\build\default\intermediates\res\default\module.json cache by regenerate.
[2025-10-30T09:24:12.590] [DEBUG] debug-file - Update task entry:default@GeneratePkgModuleJson output file:F:\DevEcoStudioProjects\Rdb-master\entry\build\default\intermediates\package\default\module.json cache.
[2025-10-30T09:24:12.591] [DEBUG] debug-file - Incremental task entry:default@GeneratePkgModuleJson post-execution cost:7 ms .
[2025-10-30T09:24:12.592] [DEBUG] debug-file - Incremental task entry:default@ProcessCompiledResources post-execution cost:1 ms .
[2025-10-30T09:24:12.596] [DEBUG] debug-file - Update task entry:default@PackageHap input file:F:\DevEcoStudioProjects\Rdb-master\entry\build\default\intermediates\stripped_native_libs\default cache by regenerate.
[2025-10-30T09:24:12.600] [DEBUG] debug-file - Update task entry:default@PackageHap input file:F:\DevEcoStudioProjects\Rdb-master\entry\build\default\intermediates\res\default\module.json cache by regenerate.
[2025-10-30T09:24:12.601] [DEBUG] debug-file - Update task entry:default@PackageHap input file:F:\DevEcoStudioProjects\Rdb-master\entry\build\default\intermediates\res\default\resources cache by regenerate.
[2025-10-30T09:24:12.657] [DEBUG] debug-file - Update task entry:default@PackageHap input file:F:\DevEcoStudioProjects\Rdb-master\entry\build\default\intermediates\res\default\resources.index cache by regenerate.
[2025-10-30T09:24:12.659] [DEBUG] debug-file - Update task entry:default@PackageHap input file:F:\DevEcoStudioProjects\Rdb-master\entry\build\default\outputs\default\pack.info cache by regenerate.
[2025-10-30T09:24:12.661] [DEBUG] debug-file - Update task entry:default@PackageHap input file:F:\DevEcoStudioProjects\Rdb-master\entry\build\default\intermediates\loader_out\default\ets cache by regenerate.
[2025-10-30T09:24:12.667] [DEBUG] debug-file - Update task entry:default@PackageHap input file:F:\DevEcoStudioProjects\Rdb-master\entry\build\default\intermediates\loader_out\default\ets\sourceMaps.map cache by regenerate.
[2025-10-30T09:24:12.669] [DEBUG] debug-file - Update task entry:default@PackageHap input file:F:\DevEcoStudioProjects\Rdb-master\entry\build\default\generated\profile\default\BuildProfile.ets cache by regenerate.
[2025-10-30T09:24:12.672] [DEBUG] debug-file - Update task entry:default@PackageHap output file:F:\DevEcoStudioProjects\Rdb-master\entry\build\default\outputs\default\entry-default-unsigned.hap cache.
[2025-10-30T09:24:12.674] [DEBUG] debug-file - Update task entry:default@PackageHap output file:F:\DevEcoStudioProjects\Rdb-master\entry\build\default\intermediates\source_map\default\sourceMaps.map cache.
[2025-10-30T09:24:12.679] [DEBUG] debug-file - Update task entry:default@PackageHap output file:F:\DevEcoStudioProjects\Rdb-master\entry\build\default\outputs\default\mapping\sourceMaps.map cache.
[2025-10-30T09:24:12.682] [DEBUG] debug-file - Incremental task entry:default@PackageHap post-execution cost:90 ms .
[2025-10-30T09:24:12.685] [DEBUG] debug-file - Update task entry:default@SignHap input file:F:\DevEcoStudioProjects\Rdb-master\entry\build\default\outputs\default\entry-default-unsigned.hap cache by regenerate.
[2025-10-30T09:24:12.688] [DEBUG] debug-file - Update task entry:default@SignHap output file:F:\DevEcoStudioProjects\Rdb-master\entry\build\default\outputs\default\entry-default-signed.hap cache.
[2025-10-30T09:24:12.689] [DEBUG] debug-file - Incremental task entry:default@SignHap post-execution cost:7 ms .
[2025-10-30T09:24:12.692] [DEBUG] debug-file - Update task entry:default@CollectDebugSymbol input file:F:\DevEcoStudioProjects\Rdb-master\entry\build\default\intermediates\loader_out\default\ets\sourceMaps.map cache by regenerate.
[2025-10-30T09:24:12.693] [DEBUG] debug-file - Update task entry:default@CollectDebugSymbol input file:F:\DevEcoStudioProjects\Rdb-master\entry\build\default\intermediates\libs\default cache by regenerate.
[2025-10-30T09:24:12.695] [DEBUG] debug-file - Update task entry:default@CollectDebugSymbol output file:F:\DevEcoStudioProjects\Rdb-master\entry\build\default\outputs\default\symbol cache.
[2025-10-30T09:24:12.696] [DEBUG] debug-file - Incremental task entry:default@CollectDebugSymbol post-execution cost:7 ms .
[2025-10-30T09:24:12.798] [DEBUG] debug-file - Cleanup worker 0.
[2025-10-30T09:24:12.799] [DEBUG] debug-file - Worker 0 has been cleaned up.
[2025-10-30T09:24:12.799] [DEBUG] debug-file - Current idle worker size: 4.
[2025-10-30T09:24:12.799] [DEBUG] debug-file - Current resident worker size: 5.
[2025-10-30T09:24:12.799] [DEBUG] debug-file - Cleanup worker 1.
[2025-10-30T09:24:12.800] [DEBUG] debug-file - Worker 1 has been cleaned up.
[2025-10-30T09:24:12.800] [DEBUG] debug-file - Current idle worker size: 3.
[2025-10-30T09:24:12.800] [DEBUG] debug-file - Current resident worker size: 5.
[2025-10-30T09:24:12.800] [DEBUG] debug-file - Cleanup worker 13.
[2025-10-30T09:24:12.801] [DEBUG] debug-file - Worker 13 has been cleaned up.
[2025-10-30T09:24:12.801] [DEBUG] debug-file - Current idle worker size: 2.
[2025-10-30T09:24:12.801] [DEBUG] debug-file - Current resident worker size: 5.
[2025-10-30T09:24:12.801] [DEBUG] debug-file - Cleanup worker 14.
[2025-10-30T09:24:12.801] [DEBUG] debug-file - Worker 14 has been cleaned up.
[2025-10-30T09:24:12.801] [DEBUG] debug-file - Current idle worker size: 1.
[2025-10-30T09:24:12.802] [DEBUG] debug-file - Current resident worker size: 5.
[2025-10-30T09:24:12.809] [DEBUG] debug-file - hvigor build process will be closed.
[2025-10-30T09:24:12.822] [DEBUG] debug-file - session manager: send message to worker process.
[2025-10-30T09:24:12.824] [DEBUG] debug-file - session manager: send message to worker process.
[2025-10-30T09:24:12.811] [DEBUG] debug-file - java daemon socket close code:1000 reason:close by user
[2025-10-30T09:24:12.818] [DEBUG] debug-file - worker[0] exits with exit code 1.
[2025-10-30T09:24:12.820] [DEBUG] debug-file - worker[1] exits with exit code 1.
[2025-10-30T09:24:12.823] [DEBUG] debug-file - watch worker: worker id should be larger than 0. Nothing will be sent to any worker thread.
[2025-10-30T09:24:12.825] [DEBUG] debug-file - worker[14] exits with exit code 1.
[2025-10-30T09:24:12.826] [DEBUG] debug-file - worker[13] exits with exit code 1.
[2025-10-30T09:24:12.827] [DEBUG] debug-file - watch worker: worker id should be larger than 0. Nothing will be sent to any worker thread.
[2025-10-30T09:35:05.931] [DEBUG] debug-file - session manager: set active socket. socketId=_hHDl3pBAQUWPt0dAAAD
[2025-10-30T09:35:05.977] [DEBUG] debug-file - watch worker: worker id should be larger than 0. Nothing will be sent to any worker thread.
[2025-10-30T09:35:06.004] [DEBUG] debug-file - Hvigor init with startParameters:{
  hvigorfileTypeCheck: false,
  parallelExecution: true,
  incrementalExecution: true,
  printStackTrace: false,
  daemon: true,
  analyze: 0,
  logLevel: Level { level: 20000, levelStr: 'INFO', colour: 'green' },
  optimizationStrategy: 'memory',
  hotCompile: undefined,
  hotReloadBuild: undefined
}
[2025-10-30T09:35:06.018] [DEBUG] debug-file - Cache service initialization finished in 15 ms 
[2025-10-30T09:35:06.021] [DEBUG] debug-file - hvigorfile, resolving F:\DevEcoStudioProjects\Rdb-master\hvigorfile.ts
[2025-10-30T09:35:06.039] [DEBUG] debug-file - hvigorfile, require result:  {}
[2025-10-30T09:35:06.039] [DEBUG] debug-file - hvigorfile, binding system plugins {}
[2025-10-30T09:35:06.078] [DEBUG] debug-file - Start initialize project's product build option map with build mode debug.
[2025-10-30T09:35:06.079] [DEBUG] debug-file - Picking option from product 'default' with build mode 'debug'.
[2025-10-30T09:35:06.079] [DEBUG] debug-file - Product 'default' build option initialized
[2025-10-30T09:35:06.080] [DEBUG] debug-file - End initialize project's product build option map with build mode 'debug'.
[2025-10-30T09:35:06.082] [DEBUG] debug-file - Obtain build option for product 'default'in this build.
[2025-10-30T09:35:06.086] [DEBUG] debug-file - No signingConfig found, initRemoteHspCache failed.
[2025-10-30T09:35:06.103] [DEBUG] debug-file - Start recording SDK configuration permission data.
[2025-10-30T09:35:06.202] [DEBUG] debug-file - Sdk init in 112 ms 
[2025-10-30T09:35:06.211] [DEBUG] debug-file - Project task initialization takes 8 ms 
[2025-10-30T09:35:06.211] [DEBUG] debug-file - hvigorfile, resolve finished F:\DevEcoStudioProjects\Rdb-master\hvigorfile.ts
[2025-10-30T09:35:06.212] [DEBUG] debug-file - hvigorfile, resolving F:\DevEcoStudioProjects\Rdb-master\entry\hvigorfile.ts
[2025-10-30T09:35:06.223] [DEBUG] debug-file - hvigorfile, require result:  {}
[2025-10-30T09:35:06.223] [DEBUG] debug-file - hvigorfile, binding system plugins {}
[2025-10-30T09:35:06.232] [DEBUG] debug-file - failed to load cangjie to dynamically generate schemas: Error: Cannot find module '@ohos/cangjie-build-support/index'
Require stack:
- F:\deveco\DevEco Studio\tools\hvigor\hvigor-ohos-plugin\src\plugin\factory\plugin-factory.js
- F:\deveco\DevEco Studio\tools\hvigor\hvigor-ohos-plugin\index.js
- F:\DevEcoStudioProjects\Rdb-master\hvigorfile.ts
- F:\deveco\DevEco Studio\tools\hvigor\hvigor\src\base\internal\lifecycle\configuration.js
- F:\deveco\DevEco Studio\tools\hvigor\hvigor\src\base\boot\index.js
- F:\deveco\DevEco Studio\tools\hvigor\hvigor\src\base\daemon\cluster\worker-process-lifecycle.js
- F:\deveco\DevEco Studio\tools\hvigor\hvigor\src\base\daemon\process\daemon-process-boot-script.js
[2025-10-30T09:35:06.248] [DEBUG] debug-file - Start initialize module-target build option map, moduleName=entry, buildMode=release
[2025-10-30T09:35:06.248] [DEBUG] debug-file - Target 'default' config initialized
[2025-10-30T09:35:06.248] [DEBUG] debug-file - Module 'entry' target 'default' build option initialized
[2025-10-30T09:35:06.249] [DEBUG] debug-file - End initialize module-target build option map, moduleName=entry
[2025-10-30T09:35:06.249] [DEBUG] debug-file - Start initialize module-target build option map, moduleName=entry, buildMode=debug
[2025-10-30T09:35:06.249] [DEBUG] debug-file - Target 'default' config initialized
[2025-10-30T09:35:06.249] [DEBUG] debug-file - Module 'entry' target 'default' build option initialized
[2025-10-30T09:35:06.250] [DEBUG] debug-file - End initialize module-target build option map, moduleName=entry
[2025-10-30T09:35:06.250] [DEBUG] debug-file - Start initialize module-target build option map, moduleName=entry, buildMode=debug
[2025-10-30T09:35:06.250] [DEBUG] debug-file - Target 'default' config initialized
[2025-10-30T09:35:06.250] [DEBUG] debug-file - Module 'entry' target 'default' build option initialized
[2025-10-30T09:35:06.250] [DEBUG] debug-file - End initialize module-target build option map, moduleName=entry
[2025-10-30T09:35:06.250] [DEBUG] debug-file - Obtain build option for module 'entry' target 'default'in this build.
[2025-10-30T09:35:06.254] [DEBUG] debug-file - Module entry task initialization takes 2 ms 
[2025-10-30T09:35:06.254] [DEBUG] debug-file - hvigorfile, resolve finished F:\DevEcoStudioProjects\Rdb-master\entry\hvigorfile.ts
[2025-10-30T09:35:06.302] [DEBUG] debug-file - hvigorfile, resolve hvigorfile dependencies in 45 ms 
[2025-10-30T09:35:06.303] [DEBUG] debug-file - project has submodules:entry
[2025-10-30T09:35:06.308] [DEBUG] debug-file - start to load updatedOhPackageInfo to the disk
[2025-10-30T09:35:06.335] [DEBUG] debug-file - load to the disk finished
[2025-10-30T09:35:06.339] [DEBUG] debug-file - Start to initialize dependency information.
[2025-10-30T09:35:06.342] [DEBUG] debug-file - Module Rdb-master Collected Dependency: 
[2025-10-30T09:35:06.342] [DEBUG] debug-file - Module Rdb-master's total dependency: 0
[2025-10-30T09:35:06.344] [DEBUG] debug-file - Start to initialize dependency information.
[2025-10-30T09:35:06.352] [DEBUG] debug-file - Module entry Collected Dependency: 
[2025-10-30T09:35:06.352] [DEBUG] debug-file - Module entry's total dependency: 0
[2025-10-30T09:35:06.357] [DEBUG] debug-file - Configuration phase cost:338 ms 
[2025-10-30T09:35:06.359] [DEBUG] debug-file - Configuration task cost before running: 369 ms 
[2025-10-30T09:35:06.373] [DEBUG] debug-file - Executing task :entry:default@PreBuild
[2025-10-30T09:35:06.374] [DEBUG] debug-file - Task 'entry:default@PreBuild' cost while wrapping incremental declarations: 1 ms 
[2025-10-30T09:35:06.417] [DEBUG] debug-file - Incremental task entry:default@PreBuild pre-execution cost: 29 ms .
[2025-10-30T09:35:06.418] [DEBUG] debug-file - entry : default@PreBuild cost memory 0.29293060302734375
[2025-10-30T09:35:06.426] [INFO] debug-file - UP-TO-DATE :entry:default@PreBuild...  
[2025-10-30T09:35:06.429] [DEBUG] debug-file - Executing task :entry:default@CreateModuleInfo
[2025-10-30T09:35:06.429] [DEBUG] debug-file - Task 'entry:default@CreateModuleInfo' cost while wrapping incremental declarations: 1 ms 
[2025-10-30T09:35:06.430] [DEBUG] debug-file - entry : default@CreateModuleInfo cost memory 0.0415496826171875
[2025-10-30T09:35:06.431] [DEBUG] debug-file - runTaskFromQueue task cost before running: 441 ms 
[2025-10-30T09:35:06.431] [INFO] debug-file - Finished :entry:default@CreateModuleInfo... after 2 ms 
[2025-10-30T09:35:06.437] [DEBUG] debug-file - Executing task :entry:default@GenerateMetadata
[2025-10-30T09:35:06.438] [DEBUG] debug-file - Task 'entry:default@GenerateMetadata' cost while wrapping incremental declarations: 2 ms 
[2025-10-30T09:35:06.443] [DEBUG] debug-file - Incremental task entry:default@GenerateMetadata pre-execution cost: 5 ms .
[2025-10-30T09:35:06.444] [DEBUG] debug-file - entry : default@GenerateMetadata cost memory 0.09250640869140625
[2025-10-30T09:35:06.444] [INFO] debug-file - UP-TO-DATE :entry:default@GenerateMetadata...  
[2025-10-30T09:35:06.448] [DEBUG] debug-file - Executing task :entry:default@ConfigureCmake
[2025-10-30T09:35:06.448] [DEBUG] debug-file - entry : default@ConfigureCmake cost memory 0.0162353515625
[2025-10-30T09:35:06.449] [DEBUG] debug-file - runTaskFromQueue task cost before running: 459 ms 
[2025-10-30T09:35:06.449] [INFO] debug-file - Finished :entry:default@ConfigureCmake... after 1 ms 
[2025-10-30T09:35:06.452] [DEBUG] debug-file - Executing task :entry:default@MergeProfile
[2025-10-30T09:35:06.452] [DEBUG] debug-file - Task 'entry:default@MergeProfile' cost while wrapping incremental declarations: 1 ms 
[2025-10-30T09:35:06.461] [DEBUG] debug-file - Incremental task entry:default@MergeProfile pre-execution cost: 9 ms .
[2025-10-30T09:35:06.462] [DEBUG] debug-file - entry : default@MergeProfile cost memory 0.135589599609375
[2025-10-30T09:35:06.462] [INFO] debug-file - UP-TO-DATE :entry:default@MergeProfile...  
[2025-10-30T09:35:06.467] [DEBUG] debug-file - Executing task :entry:default@CreateBuildProfile
[2025-10-30T09:35:06.469] [DEBUG] debug-file - Task 'entry:default@CreateBuildProfile' cost while wrapping incremental declarations: 2 ms 
[2025-10-30T09:35:06.476] [DEBUG] debug-file - Incremental task entry:default@CreateBuildProfile pre-execution cost: 7 ms .
[2025-10-30T09:35:06.476] [DEBUG] debug-file - entry : default@CreateBuildProfile cost memory 0.09838104248046875
[2025-10-30T09:35:06.477] [INFO] debug-file - UP-TO-DATE :entry:default@CreateBuildProfile...  
[2025-10-30T09:35:06.480] [DEBUG] debug-file - Executing task :entry:default@PreCheckSyscap
[2025-10-30T09:35:06.481] [DEBUG] debug-file - entry : default@PreCheckSyscap cost memory 0.01638031005859375
[2025-10-30T09:35:06.481] [DEBUG] debug-file - runTaskFromQueue task cost before running: 491 ms 
[2025-10-30T09:35:06.482] [INFO] debug-file - Finished :entry:default@PreCheckSyscap... after 1 ms 
[2025-10-30T09:35:06.486] [DEBUG] debug-file - Executing task :entry:default@GeneratePkgContextInfo
[2025-10-30T09:35:06.495] [DEBUG] debug-file - Task 'entry:default@GeneratePkgContextInfo' cost while wrapping incremental declarations: 1 ms 
[2025-10-30T09:35:06.496] [DEBUG] debug-file - entry : default@GeneratePkgContextInfo cost memory 0.15728759765625
[2025-10-30T09:35:06.497] [DEBUG] debug-file - runTaskFromQueue task cost before running: 507 ms 
[2025-10-30T09:35:06.497] [INFO] debug-file - Finished :entry:default@GeneratePkgContextInfo... after 11 ms 
[2025-10-30T09:35:06.509] [DEBUG] debug-file - Executing task :entry:default@ProcessIntegratedHsp
[2025-10-30T09:35:06.510] [DEBUG] debug-file - entry:default@ProcessIntegratedHsp is not up-to-date, since the output file 'F:\DevEcoStudioProjects\Rdb-master\build\cache\default\integrated_hsp\integratedHspCache.json' does not exist.
[2025-10-30T09:35:06.510] [DEBUG] debug-file - Incremental task entry:default@ProcessIntegratedHsp pre-execution cost: 1 ms .
[2025-10-30T09:35:06.510] [DEBUG] debug-file - entry : default@ProcessIntegratedHsp cost memory 0.06158447265625
[2025-10-30T09:35:06.511] [DEBUG] debug-file - runTaskFromQueue task cost before running: 521 ms 
[2025-10-30T09:35:06.511] [INFO] debug-file - Finished :entry:default@ProcessIntegratedHsp... after 2 ms 
[2025-10-30T09:35:06.515] [DEBUG] debug-file - Executing task :entry:default@BuildNativeWithCmake
[2025-10-30T09:35:06.515] [DEBUG] debug-file - entry : default@BuildNativeWithCmake cost memory 0.01720428466796875
[2025-10-30T09:35:06.515] [DEBUG] debug-file - runTaskFromQueue task cost before running: 525 ms 
[2025-10-30T09:35:06.515] [INFO] debug-file - Finished :entry:default@BuildNativeWithCmake... after 1 ms 
[2025-10-30T09:35:06.519] [DEBUG] debug-file - Executing task :entry:default@MakePackInfo
[2025-10-30T09:35:06.528] [DEBUG] debug-file - Incremental task entry:default@MakePackInfo pre-execution cost: 8 ms .
[2025-10-30T09:35:06.529] [DEBUG] debug-file - entry : default@MakePackInfo cost memory 0.1066741943359375
[2025-10-30T09:35:06.530] [INFO] debug-file - UP-TO-DATE :entry:default@MakePackInfo...  
[2025-10-30T09:35:06.535] [DEBUG] debug-file - Executing task :entry:default@SyscapTransform
[2025-10-30T09:35:06.535] [DEBUG] debug-file - File: 'F:\DevEcoStudioProjects\Rdb-master\entry\src\main\syscap.json' from 'sysCapJsonPath' is not exists, just ignore.
[2025-10-30T09:35:06.538] [DEBUG] debug-file - Task 'entry:default@SyscapTransform' cost while wrapping incremental declarations: 3 ms 
[2025-10-30T09:35:06.547] [DEBUG] debug-file - entry:default@SyscapTransform is not up-to-date, since the output file 'F:\DevEcoStudioProjects\Rdb-master\entry\build\default\intermediates\syscap\default\rpcid.sc' does not exist.
[2025-10-30T09:35:06.547] [DEBUG] debug-file - Incremental task entry:default@SyscapTransform pre-execution cost: 10 ms .
[2025-10-30T09:35:06.548] [DEBUG] debug-file - entry : default@SyscapTransform cost memory 0.151611328125
[2025-10-30T09:35:06.548] [DEBUG] debug-file - runTaskFromQueue task cost before running: 558 ms 
[2025-10-30T09:35:06.549] [INFO] debug-file - Finished :entry:default@SyscapTransform... after 14 ms 
[2025-10-30T09:35:06.552] [DEBUG] debug-file - Executing task :entry:default@ProcessProfile
[2025-10-30T09:35:06.554] [DEBUG] debug-file - Task 'entry:default@ProcessProfile' cost while wrapping incremental declarations: 1 ms 
[2025-10-30T09:35:06.558] [DEBUG] debug-file - Incremental task entry:default@ProcessProfile pre-execution cost: 4 ms .
[2025-10-30T09:35:06.558] [DEBUG] debug-file - entry : default@ProcessProfile cost memory 0.134368896484375
[2025-10-30T09:35:06.559] [INFO] debug-file - UP-TO-DATE :entry:default@ProcessProfile...  
[2025-10-30T09:35:06.562] [DEBUG] debug-file - Executing task :entry:default@ProcessRouterMap
[2025-10-30T09:35:06.573] [DEBUG] debug-file - Incremental task entry:default@ProcessRouterMap pre-execution cost: 8 ms .
[2025-10-30T09:35:06.573] [DEBUG] debug-file - entry : default@ProcessRouterMap cost memory 0.35929107666015625
[2025-10-30T09:35:06.576] [INFO] debug-file - UP-TO-DATE :entry:default@ProcessRouterMap...  
[2025-10-30T09:35:06.579] [DEBUG] debug-file - Executing task :entry:default@ProcessShareConfig
[2025-10-30T09:35:06.588] [DEBUG] debug-file - Incremental task entry:default@ProcessShareConfig pre-execution cost: 8 ms .
[2025-10-30T09:35:06.589] [DEBUG] debug-file - entry : default@ProcessShareConfig cost memory 0.10894012451171875
[2025-10-30T09:35:06.590] [INFO] debug-file - UP-TO-DATE :entry:default@ProcessShareConfig...  
[2025-10-30T09:35:06.593] [DEBUG] debug-file - Executing task :entry:default@ProcessStartupConfig
[2025-10-30T09:35:06.593] [DEBUG] debug-file - Task 'entry:default@ProcessStartupConfig' cost while wrapping incremental declarations: 1 ms 
[2025-10-30T09:35:06.594] [DEBUG] debug-file - entry:default@ProcessStartupConfig is not up-to-date, since the output file 'F:\DevEcoStudioProjects\Rdb-master\entry\build\default\intermediates\startup\default\startup_config.json' does not exist.
[2025-10-30T09:35:06.595] [DEBUG] debug-file - Incremental task entry:default@ProcessStartupConfig pre-execution cost: 1 ms .
[2025-10-30T09:35:06.595] [DEBUG] debug-file - entry : default@ProcessStartupConfig cost memory 0.09909820556640625
[2025-10-30T09:35:06.595] [DEBUG] debug-file - runTaskFromQueue task cost before running: 605 ms 
[2025-10-30T09:35:06.596] [INFO] debug-file - Finished :entry:default@ProcessStartupConfig... after 3 ms 
[2025-10-30T09:35:06.600] [DEBUG] debug-file - Executing task :entry:default@BuildNativeWithNinja
[2025-10-30T09:35:06.601] [DEBUG] debug-file - entry : default@BuildNativeWithNinja cost memory 0.02310943603515625
[2025-10-30T09:35:06.602] [DEBUG] debug-file - runTaskFromQueue task cost before running: 612 ms 
[2025-10-30T09:35:06.603] [INFO] debug-file - Finished :entry:default@BuildNativeWithNinja... after 2 ms 
[2025-10-30T09:35:06.607] [DEBUG] debug-file - restool module names: entry; moduleName=entry, taskName=default@ProcessResource
[2025-10-30T09:35:06.612] [DEBUG] debug-file - Executing task :entry:default@ProcessResource
[2025-10-30T09:35:06.612] [DEBUG] debug-file - Task 'entry:default@ProcessResource' cost while wrapping incremental declarations: 1 ms 
[2025-10-30T09:35:06.617] [DEBUG] debug-file - Incremental task entry:default@ProcessResource pre-execution cost: 5 ms .
[2025-10-30T09:35:06.617] [DEBUG] debug-file - entry : default@ProcessResource cost memory 0.132232666015625
[2025-10-30T09:35:06.623] [INFO] debug-file - UP-TO-DATE :entry:default@ProcessResource...  
[2025-10-30T09:35:06.628] [DEBUG] debug-file - Executing task :entry:default@GenerateLoaderJson
[2025-10-30T09:35:06.628] [DEBUG] debug-file - Task 'entry:default@GenerateLoaderJson' cost while wrapping incremental declarations: 1 ms 
[2025-10-30T09:35:06.661] [DEBUG] debug-file - Incremental task entry:default@GenerateLoaderJson pre-execution cost: 20 ms .
[2025-10-30T09:35:06.662] [DEBUG] debug-file - entry : default@GenerateLoaderJson cost memory 0.435394287109375
[2025-10-30T09:35:06.675] [INFO] debug-file - UP-TO-DATE :entry:default@GenerateLoaderJson...  
[2025-10-30T09:35:06.678] [DEBUG] debug-file - Executing task :entry:default@ProcessLibs
[2025-10-30T09:35:06.689] [DEBUG] debug-file - Incremental task entry:default@ProcessLibs pre-execution cost: 9 ms .
[2025-10-30T09:35:06.690] [DEBUG] debug-file - entry : default@ProcessLibs cost memory -1.5848617553710938
[2025-10-30T09:35:06.692] [INFO] debug-file - UP-TO-DATE :entry:default@ProcessLibs...  
[2025-10-30T09:35:06.697] [DEBUG] debug-file - restool module names: entry; moduleName=entry, taskName=default@CompileResource
[2025-10-30T09:35:06.699] [DEBUG] debug-file - Executing task :entry:default@CompileResource
[2025-10-30T09:35:06.845] [DEBUG] debug-file - Incremental task entry:default@CompileResource pre-execution cost: 141 ms .
[2025-10-30T09:35:06.845] [DEBUG] debug-file - entry : default@CompileResource cost memory 0.988433837890625
[2025-10-30T09:35:06.849] [INFO] debug-file - UP-TO-DATE :entry:default@CompileResource...  
[2025-10-30T09:35:06.852] [DEBUG] debug-file - Executing task :entry:default@DoNativeStrip
[2025-10-30T09:35:06.853] [DEBUG] debug-file - Task 'entry:default@DoNativeStrip' cost while wrapping incremental declarations: 1 ms 
[2025-10-30T09:35:06.858] [DEBUG] debug-file - Incremental task entry:default@DoNativeStrip pre-execution cost: 5 ms .
[2025-10-30T09:35:06.859] [DEBUG] debug-file - entry : default@DoNativeStrip cost memory 0.08751678466796875
[2025-10-30T09:35:06.859] [INFO] debug-file - UP-TO-DATE :entry:default@DoNativeStrip...  
[2025-10-30T09:35:06.863] [DEBUG] debug-file - Executing task :entry:default@CompileArkTS
[2025-10-30T09:35:06.864] [DEBUG] debug-file - obfuscationOptions: undefined
[2025-10-30T09:35:06.948] [DEBUG] debug-file - Incremental task entry:default@CompileArkTS pre-execution cost: 76 ms .
[2025-10-30T09:35:06.948] [DEBUG] debug-file - entry : default@CompileArkTS cost memory -1.05670166015625
[2025-10-30T09:35:06.955] [INFO] debug-file - UP-TO-DATE :entry:default@CompileArkTS...  
[2025-10-30T09:35:06.959] [DEBUG] debug-file - Executing task :entry:default@BuildJS
[2025-10-30T09:35:06.971] [DEBUG] debug-file - entry : default@BuildJS cost memory 0.121185302734375
[2025-10-30T09:35:06.971] [DEBUG] debug-file - runTaskFromQueue task cost before running: 981 ms 
[2025-10-30T09:35:06.971] [INFO] debug-file - Finished :entry:default@BuildJS... after 12 ms 
[2025-10-30T09:35:06.974] [DEBUG] debug-file - Executing task :entry:default@CacheNativeLibs
[2025-10-30T09:35:06.976] [DEBUG] debug-file - Task 'entry:default@CacheNativeLibs' cost while wrapping incremental declarations: 2 ms 
[2025-10-30T09:35:06.982] [DEBUG] debug-file - Incremental task entry:default@CacheNativeLibs pre-execution cost: 6 ms .
[2025-10-30T09:35:06.983] [DEBUG] debug-file - entry : default@CacheNativeLibs cost memory 0.10166168212890625
[2025-10-30T09:35:06.983] [INFO] debug-file - UP-TO-DATE :entry:default@CacheNativeLibs...  
[2025-10-30T09:35:06.986] [DEBUG] debug-file - Executing task :entry:default@GeneratePkgModuleJson
[2025-10-30T09:35:06.987] [DEBUG] debug-file - File: 'F:\DevEcoStudioProjects\Rdb-master\entry\build\default\intermediates\preload\default\preload.json' from 'preloadSoJsonPath' is not exists, just ignore.
[2025-10-30T09:35:06.987] [DEBUG] debug-file - Task 'entry:default@GeneratePkgModuleJson' cost while wrapping incremental declarations: 1 ms 
[2025-10-30T09:35:06.990] [DEBUG] debug-file - Incremental task entry:default@GeneratePkgModuleJson pre-execution cost: 3 ms .
[2025-10-30T09:35:06.991] [DEBUG] debug-file - entry : default@GeneratePkgModuleJson cost memory 0.0948638916015625
[2025-10-30T09:35:06.991] [INFO] debug-file - UP-TO-DATE :entry:default@GeneratePkgModuleJson...  
[2025-10-30T09:35:06.994] [DEBUG] debug-file - Executing task :entry:default@ProcessCompiledResources
[2025-10-30T09:35:06.994] [DEBUG] debug-file - File: 'F:\DevEcoStudioProjects\Rdb-master\entry\build\default\intermediates\preload\default\preload.json' from 'preloadSoJsonPath' is not exists, just ignore.
[2025-10-30T09:35:06.995] [DEBUG] debug-file - Task 'entry:default@ProcessCompiledResources' cost while wrapping incremental declarations: 1 ms 
[2025-10-30T09:35:06.995] [DEBUG] debug-file - entry : default@ProcessCompiledResources cost memory 0.06546783447265625
[2025-10-30T09:35:06.996] [DEBUG] debug-file - runTaskFromQueue task cost before running: 1 s 6 ms 
[2025-10-30T09:35:06.996] [INFO] debug-file - Finished :entry:default@ProcessCompiledResources... after 2 ms 
[2025-10-30T09:35:07.002] [DEBUG] debug-file - Executing task :entry:default@PackageHap
[2025-10-30T09:35:07.071] [DEBUG] debug-file - Incremental task entry:default@PackageHap pre-execution cost: 67 ms .
[2025-10-30T09:35:07.071] [DEBUG] debug-file - entry : default@PackageHap cost memory -1.1469573974609375
[2025-10-30T09:35:07.074] [INFO] debug-file - UP-TO-DATE :entry:default@PackageHap...  
[2025-10-30T09:35:07.077] [DEBUG] debug-file - Executing task :entry:default@PackingCheck
[2025-10-30T09:35:07.093] [DEBUG] debug-file - entry : default@PackingCheck cost memory 0.5197067260742188
[2025-10-30T09:35:07.093] [DEBUG] debug-file - runTaskFromQueue task cost before running: 1 s 103 ms 
[2025-10-30T09:35:07.093] [INFO] debug-file - Finished :entry:default@PackingCheck... after 17 ms 
[2025-10-30T09:35:07.098] [DEBUG] debug-file - Executing task :entry:default@SignHap
[2025-10-30T09:35:07.099] [WARN] debug-file - Will skip sign 'hos_hap'. No signingConfigs profile is configured in current project.
             If needed, configure the signingConfigs in F:\DevEcoStudioProjects\Rdb-master\build-profile.json5.
[2025-10-30T09:35:07.103] [DEBUG] debug-file - entry:default@SignHap is not up-to-date, since the output file 'F:\DevEcoStudioProjects\Rdb-master\entry\build\default\outputs\default\entry-default-signed.hap' does not exist.
[2025-10-30T09:35:07.103] [DEBUG] debug-file - Incremental task entry:default@SignHap pre-execution cost: 3 ms .
[2025-10-30T09:35:07.104] [DEBUG] debug-file - entry : default@SignHap cost memory 0.10370635986328125
[2025-10-30T09:35:07.104] [DEBUG] debug-file - runTaskFromQueue task cost before running: 1 s 114 ms 
[2025-10-30T09:35:07.105] [INFO] debug-file - Finished :entry:default@SignHap... after 6 ms 
[2025-10-30T09:35:07.108] [DEBUG] debug-file - Executing task :entry:default@CollectDebugSymbol
[2025-10-30T09:35:07.111] [DEBUG] debug-file - entry : default@CollectDebugSymbol cost memory 0.0909423828125
[2025-10-30T09:35:07.112] [DEBUG] debug-file - runTaskFromQueue task cost before running: 1 s 122 ms 
[2025-10-30T09:35:07.112] [INFO] debug-file - Finished :entry:default@CollectDebugSymbol... after 4 ms 
[2025-10-30T09:35:07.113] [DEBUG] debug-file - Executing task :entry:assembleHap
[2025-10-30T09:35:07.113] [DEBUG] debug-file - entry : assembleHap cost memory 0.01428985595703125
[2025-10-30T09:35:07.114] [DEBUG] debug-file - runTaskFromQueue task cost before running: 1 s 124 ms 
[2025-10-30T09:35:07.114] [INFO] debug-file - Finished :entry:assembleHap... after 1 ms 
[2025-10-30T09:35:07.134] [INFO] debug-file - BUILD SUCCESSFUL in 1 s 144 ms 
[2025-10-30T09:35:07.135] [DEBUG] debug-file - There is no need to refresh cache, since the incremental task entry:default@PreBuild is up-to-date.
[2025-10-30T09:35:07.135] [DEBUG] debug-file - Update task entry:default@CreateModuleInfo output file:F:\DevEcoStudioProjects\Rdb-master\entry\build\default\generated\profile\default\ModuleInfo.ts cache.
[2025-10-30T09:35:07.136] [DEBUG] debug-file - Incremental task entry:default@CreateModuleInfo post-execution cost:1 ms .
[2025-10-30T09:35:07.136] [DEBUG] debug-file - There is no need to refresh cache, since the incremental task entry:default@GenerateMetadata is up-to-date.
[2025-10-30T09:35:07.136] [DEBUG] debug-file - There is no need to refresh cache, since the incremental task entry:default@MergeProfile is up-to-date.
[2025-10-30T09:35:07.136] [DEBUG] debug-file - There is no need to refresh cache, since the incremental task entry:default@CreateBuildProfile is up-to-date.
[2025-10-30T09:35:07.136] [DEBUG] debug-file - Update task entry:default@GeneratePkgContextInfo output file:F:\DevEcoStudioProjects\Rdb-master\entry\build\default\intermediates\loader\default\pkgContextInfo.json cache.
[2025-10-30T09:35:07.137] [DEBUG] debug-file - Incremental task entry:default@GeneratePkgContextInfo post-execution cost:1 ms .
[2025-10-30T09:35:07.137] [DEBUG] debug-file - Update task entry:default@ProcessIntegratedHsp output file:F:\DevEcoStudioProjects\Rdb-master\build\cache\default\integrated_hsp\integratedHspCache.json cache.
[2025-10-30T09:35:07.137] [DEBUG] debug-file - Incremental task entry:default@ProcessIntegratedHsp post-execution cost:1 ms .
[2025-10-30T09:35:07.138] [DEBUG] debug-file - There is no need to refresh cache, since the incremental task entry:default@MakePackInfo is up-to-date.
[2025-10-30T09:35:07.138] [DEBUG] debug-file - Update task entry:default@SyscapTransform input file:F:\deveco\DevEco Studio\sdk\default\openharmony\toolchains\syscap_tool.exe cache by regenerate.
[2025-10-30T09:35:07.139] [DEBUG] debug-file - Update task entry:default@SyscapTransform input file:F:\deveco\DevEco Studio\sdk\default\openharmony\ets\api\device-define cache by regenerate.
[2025-10-30T09:35:07.146] [DEBUG] debug-file - Update task entry:default@SyscapTransform output file:F:\DevEcoStudioProjects\Rdb-master\entry\build\default\intermediates\syscap\default\rpcid.sc cache.
[2025-10-30T09:35:07.147] [DEBUG] debug-file - Incremental task entry:default@SyscapTransform post-execution cost:10 ms .
[2025-10-30T09:35:07.147] [DEBUG] debug-file - There is no need to refresh cache, since the incremental task entry:default@ProcessProfile is up-to-date.
[2025-10-30T09:35:07.147] [DEBUG] debug-file - There is no need to refresh cache, since the incremental task entry:default@ProcessRouterMap is up-to-date.
[2025-10-30T09:35:07.147] [DEBUG] debug-file - There is no need to refresh cache, since the incremental task entry:default@ProcessShareConfig is up-to-date.
[2025-10-30T09:35:07.148] [DEBUG] debug-file - Update task entry:default@ProcessStartupConfig output file:F:\DevEcoStudioProjects\Rdb-master\entry\build\default\intermediates\startup\default\startup_config.json cache.
[2025-10-30T09:35:07.148] [DEBUG] debug-file - Incremental task entry:default@ProcessStartupConfig post-execution cost:1 ms .
[2025-10-30T09:35:07.148] [DEBUG] debug-file - There is no need to refresh cache, since the incremental task entry:default@ProcessResource is up-to-date.
[2025-10-30T09:35:07.148] [DEBUG] debug-file - There is no need to refresh cache, since the incremental task entry:default@GenerateLoaderJson is up-to-date.
[2025-10-30T09:35:07.150] [DEBUG] debug-file - There is no need to refresh cache, since the incremental task entry:default@ProcessLibs is up-to-date.
[2025-10-30T09:35:07.150] [DEBUG] debug-file - There is no need to refresh cache, since the incremental task entry:default@CompileResource is up-to-date.
[2025-10-30T09:35:07.150] [DEBUG] debug-file - There is no need to refresh cache, since the incremental task entry:default@DoNativeStrip is up-to-date.
[2025-10-30T09:35:07.150] [DEBUG] debug-file - There is no need to refresh cache, since the incremental task entry:default@CompileArkTS is up-to-date.
[2025-10-30T09:35:07.154] [DEBUG] debug-file - Update task entry:default@BuildJS input file:F:\DevEcoStudioProjects\Rdb-master\entry\build\default\intermediates\loader\default cache by regenerate.
[2025-10-30T09:35:07.156] [DEBUG] debug-file - Update task entry:default@BuildJS input file:F:\DevEcoStudioProjects\Rdb-master\entry\build\default\intermediates\res\default\resources\rawfile cache by regenerate.
[2025-10-30T09:35:07.180] [DEBUG] debug-file - Update task entry:default@BuildJS input file:F:\DevEcoStudioProjects\Rdb-master\entry\build\default\intermediates\res\default\ResourceTable.txt cache by regenerate.
[2025-10-30T09:35:07.182] [DEBUG] debug-file - Update task entry:default@BuildJS input file:F:\DevEcoStudioProjects\Rdb-master\entry\build\default\intermediates\res\default\ark_module.json cache by regenerate.
[2025-10-30T09:35:07.183] [DEBUG] debug-file - Update task entry:default@BuildJS input file:F:\DevEcoStudioProjects\Rdb-master\entry\build\default\intermediates\res\default\resources\base\profile cache by regenerate.
[2025-10-30T09:35:07.185] [DEBUG] debug-file - Update task entry:default@BuildJS output file:F:\DevEcoStudioProjects\Rdb-master\entry\build\default\intermediates\loader_out\default\js cache.
[2025-10-30T09:35:07.186] [DEBUG] debug-file - Incremental task entry:default@BuildJS post-execution cost:36 ms .
[2025-10-30T09:35:07.186] [DEBUG] debug-file - There is no need to refresh cache, since the incremental task entry:default@CacheNativeLibs is up-to-date.
[2025-10-30T09:35:07.187] [DEBUG] debug-file - There is no need to refresh cache, since the incremental task entry:default@GeneratePkgModuleJson is up-to-date.
[2025-10-30T09:35:07.187] [DEBUG] debug-file - Incremental task entry:default@ProcessCompiledResources post-execution cost:1 ms .
[2025-10-30T09:35:07.187] [DEBUG] debug-file - There is no need to refresh cache, since the incremental task entry:default@PackageHap is up-to-date.
[2025-10-30T09:35:07.187] [DEBUG] debug-file - Update task entry:default@SignHap input file:F:\DevEcoStudioProjects\Rdb-master\entry\build\default\outputs\default\entry-default-unsigned.hap cache by regenerate.
[2025-10-30T09:35:07.189] [DEBUG] debug-file - Update task entry:default@SignHap output file:F:\DevEcoStudioProjects\Rdb-master\entry\build\default\outputs\default\entry-default-signed.hap cache.
[2025-10-30T09:35:07.190] [DEBUG] debug-file - Incremental task entry:default@SignHap post-execution cost:3 ms .
[2025-10-30T09:35:07.192] [DEBUG] debug-file - Update task entry:default@CollectDebugSymbol input file:F:\DevEcoStudioProjects\Rdb-master\entry\build\default\intermediates\loader_out\default\ets\sourceMaps.map cache by regenerate.
[2025-10-30T09:35:07.193] [DEBUG] debug-file - Update task entry:default@CollectDebugSymbol input file:F:\DevEcoStudioProjects\Rdb-master\entry\build\default\intermediates\libs\default cache by regenerate.
[2025-10-30T09:35:07.195] [DEBUG] debug-file - Update task entry:default@CollectDebugSymbol output file:F:\DevEcoStudioProjects\Rdb-master\entry\build\default\outputs\default\symbol cache.
[2025-10-30T09:35:07.196] [DEBUG] debug-file - Incremental task entry:default@CollectDebugSymbol post-execution cost:6 ms .
[2025-10-30T09:35:07.256] [DEBUG] debug-file - hvigor build process will be closed.
[2025-10-30T09:35:07.284] [DEBUG] debug-file - session manager: send message to worker process.
[2025-10-30T09:35:07.287] [DEBUG] debug-file - session manager: send message to worker process.
[2025-10-30T09:35:07.286] [DEBUG] debug-file - watch worker: worker id should be larger than 0. Nothing will be sent to any worker thread.
[2025-10-30T09:35:07.288] [DEBUG] debug-file - watch worker: worker id should be larger than 0. Nothing will be sent to any worker thread.
[2025-11-02T11:35:48.882] [DEBUG] debug-file - java daemon tryConnect failed Error: connect ECONNREFUSED 127.0.0.1:45050
[2025-11-02T11:35:48.960] [DEBUG] debug-file - java daemon started at port 45050 pid 29000
[2025-11-02T11:35:44.708] [DEBUG] debug-file - env: nodejsVersion=v18.20.1
[2025-11-02T11:35:44.961] [DEBUG] debug-file - env: daemon=true
[2025-11-02T11:35:44.711] [DEBUG] debug-file - env: hvigor-config.json5 content = {
  modelVersion: '5.1.1',
  dependencies: {},
  execution: {},
  logging: {},
  debugging: {}
}
[2025-11-02T11:35:51.647] [DEBUG] debug-file - session manager: set active socket. socketId=l920cyGSegE054WcAAAB
[2025-11-02T11:35:51.671] [DEBUG] debug-file - watch worker: worker id should be larger than 0. Nothing will be sent to any worker thread.
[2025-11-02T11:35:51.687] [DEBUG] debug-file - Hvigor init with startParameters:{
  hvigorfileTypeCheck: false,
  parallelExecution: true,
  incrementalExecution: true,
  printStackTrace: false,
  daemon: true,
  analyze: 0,
  logLevel: Level { level: 20000, levelStr: 'INFO', colour: 'green' },
  optimizationStrategy: 'memory',
  hotCompile: undefined,
  hotReloadBuild: undefined
}
[2025-11-02T11:35:51.724] [DEBUG] debug-file - Cache service initialization finished in 37 ms 
[2025-11-02T11:35:51.727] [DEBUG] debug-file - hvigorfile, resolving F:\DevEcoStudioProjects\Rdb-master\hvigorfile.ts
[2025-11-02T11:36:20.955] [DEBUG] debug-file - hvigorfile, require result:  {}
[2025-11-02T11:36:20.956] [DEBUG] debug-file - hvigorfile, binding system plugins {}
[2025-11-02T11:36:21.243] [DEBUG] debug-file - Start initialize project's product build option map with build mode debug.
[2025-11-02T11:36:21.243] [DEBUG] debug-file - Picking option from product 'default' with build mode 'debug'.
[2025-11-02T11:36:21.244] [DEBUG] debug-file - Product 'default' build option initialized
[2025-11-02T11:36:21.244] [DEBUG] debug-file - End initialize project's product build option map with build mode 'debug'.
[2025-11-02T11:36:21.247] [DEBUG] debug-file - Obtain build option for product 'default'in this build.
[2025-11-02T11:36:21.260] [DEBUG] debug-file - No signingConfig found, initRemoteHspCache failed.
[2025-11-02T11:36:21.272] [DEBUG] debug-file - Local scan or download HarmonyOS sdk components toolchains,ets,js,native,previewer
[2025-11-02T11:36:21.279] [DEBUG] debug-file - Local scan or download hmscore sdk components toolchains,ets,native
[2025-11-02T11:36:21.286] [DEBUG] debug-file - Start recording SDK configuration permission data.
[2025-11-02T11:36:21.350] [DEBUG] debug-file - Sdk init in 80 ms 
[2025-11-02T11:36:21.360] [DEBUG] debug-file - Project task initialization takes 9 ms 
[2025-11-02T11:36:21.361] [DEBUG] debug-file - hvigorfile, resolve finished F:\DevEcoStudioProjects\Rdb-master\hvigorfile.ts
[2025-11-02T11:36:21.362] [DEBUG] debug-file - hvigorfile, resolving F:\DevEcoStudioProjects\Rdb-master\entry\hvigorfile.ts
[2025-11-02T11:36:21.397] [DEBUG] debug-file - hvigorfile, require result:  {}
[2025-11-02T11:36:21.398] [DEBUG] debug-file - hvigorfile, binding system plugins {}
[2025-11-02T11:36:21.401] [DEBUG] debug-file - failed to load cangjie to dynamically generate schemas: Error: Cannot find module '@ohos/cangjie-build-support/index'
Require stack:
- F:\deveco\DevEco Studio\tools\hvigor\hvigor-ohos-plugin\src\plugin\factory\plugin-factory.js
- F:\deveco\DevEco Studio\tools\hvigor\hvigor-ohos-plugin\index.js
- F:\DevEcoStudioProjects\Rdb-master\hvigorfile.ts
- F:\deveco\DevEco Studio\tools\hvigor\hvigor\src\base\internal\lifecycle\configuration.js
- F:\deveco\DevEco Studio\tools\hvigor\hvigor\src\base\boot\index.js
- F:\deveco\DevEco Studio\tools\hvigor\hvigor\src\base\daemon\cluster\worker-process-lifecycle.js
- F:\deveco\DevEco Studio\tools\hvigor\hvigor\src\base\daemon\process\daemon-process-boot-script.js
[2025-11-02T11:36:21.420] [DEBUG] debug-file - Start initialize module-target build option map, moduleName=entry, buildMode=release
[2025-11-02T11:36:21.420] [DEBUG] debug-file - Target 'default' config initialized
[2025-11-02T11:36:21.421] [DEBUG] debug-file - Module 'entry' target 'default' build option initialized
[2025-11-02T11:36:21.421] [DEBUG] debug-file - End initialize module-target build option map, moduleName=entry
[2025-11-02T11:36:21.421] [DEBUG] debug-file - Start initialize module-target build option map, moduleName=entry, buildMode=debug
[2025-11-02T11:36:21.421] [DEBUG] debug-file - Target 'default' config initialized
[2025-11-02T11:36:21.422] [DEBUG] debug-file - Module 'entry' target 'default' build option initialized
[2025-11-02T11:36:21.422] [DEBUG] debug-file - End initialize module-target build option map, moduleName=entry
[2025-11-02T11:36:21.422] [DEBUG] debug-file - Start initialize module-target build option map, moduleName=entry, buildMode=debug
[2025-11-02T11:36:21.422] [DEBUG] debug-file - Target 'default' config initialized
[2025-11-02T11:36:21.422] [DEBUG] debug-file - Module 'entry' target 'default' build option initialized
[2025-11-02T11:36:21.422] [DEBUG] debug-file - End initialize module-target build option map, moduleName=entry
[2025-11-02T11:36:21.423] [DEBUG] debug-file - Obtain build option for module 'entry' target 'default'in this build.
[2025-11-02T11:36:21.432] [DEBUG] debug-file - Module entry task initialization takes 8 ms 
[2025-11-02T11:36:21.433] [DEBUG] debug-file - hvigorfile, resolve finished F:\DevEcoStudioProjects\Rdb-master\entry\hvigorfile.ts
[2025-11-02T11:36:21.461] [DEBUG] debug-file - hvigorfile, resolve hvigorfile dependencies in 28 ms 
[2025-11-02T11:36:21.461] [DEBUG] debug-file - project has submodules:entry
[2025-11-02T11:36:21.464] [DEBUG] debug-file - start to load updatedOhPackageInfo to the disk
[2025-11-02T11:36:21.480] [DEBUG] debug-file - load to the disk finished
[2025-11-02T11:36:21.482] [DEBUG] debug-file - Start to initialize dependency information.
[2025-11-02T11:36:21.487] [DEBUG] debug-file - Module Rdb-master Collected Dependency: 
[2025-11-02T11:36:21.487] [DEBUG] debug-file - Module Rdb-master's total dependency: 0
[2025-11-02T11:36:21.489] [DEBUG] debug-file - Start to initialize dependency information.
[2025-11-02T11:36:21.495] [DEBUG] debug-file - Module entry Collected Dependency: 
[2025-11-02T11:36:21.495] [DEBUG] debug-file - Module entry's total dependency: 0
[2025-11-02T11:36:21.500] [DEBUG] debug-file - Configuration phase cost:29 s 776 ms 
[2025-11-02T11:36:21.504] [DEBUG] debug-file - Configuration task cost before running: 29 s 826 ms 
[2025-11-02T11:36:21.513] [DEBUG] debug-file - Executing task :entry:default@PreBuild
[2025-11-02T11:36:21.516] [DEBUG] debug-file - Task 'entry:default@PreBuild' cost while wrapping incremental declarations: 1 ms 
[2025-11-02T11:36:21.534] [DEBUG] debug-file - Incremental task entry:default@PreBuild pre-execution cost: 12 ms .
[2025-11-02T11:36:21.534] [DEBUG] debug-file - entry : default@PreBuild cost memory 0.3994598388671875
[2025-11-02T11:36:21.538] [INFO] debug-file - UP-TO-DATE :entry:default@PreBuild...  
[2025-11-02T11:36:21.540] [DEBUG] debug-file - Executing task :entry:default@CreateModuleInfo
[2025-11-02T11:36:21.541] [DEBUG] debug-file - Task 'entry:default@CreateModuleInfo' cost while wrapping incremental declarations: 1 ms 
[2025-11-02T11:36:21.541] [DEBUG] debug-file - entry : default@CreateModuleInfo cost memory 0.0529327392578125
[2025-11-02T11:36:21.542] [DEBUG] debug-file - runTaskFromQueue task cost before running: 29 s 864 ms 
[2025-11-02T11:36:21.542] [INFO] debug-file - Finished :entry:default@CreateModuleInfo... after 2 ms 
[2025-11-02T11:36:21.544] [DEBUG] debug-file - Executing task :entry:default@GenerateMetadata
[2025-11-02T11:36:21.545] [DEBUG] debug-file - Task 'entry:default@GenerateMetadata' cost while wrapping incremental declarations: 1 ms 
[2025-11-02T11:36:21.547] [DEBUG] debug-file - Incremental task entry:default@GenerateMetadata pre-execution cost: 2 ms .
[2025-11-02T11:36:21.547] [DEBUG] debug-file - entry : default@GenerateMetadata cost memory 0.112060546875
[2025-11-02T11:36:21.547] [INFO] debug-file - UP-TO-DATE :entry:default@GenerateMetadata...  
[2025-11-02T11:36:21.549] [DEBUG] debug-file - Executing task :entry:default@ConfigureCmake
[2025-11-02T11:36:21.550] [DEBUG] debug-file - entry : default@ConfigureCmake cost memory 0.0161590576171875
[2025-11-02T11:36:21.550] [DEBUG] debug-file - runTaskFromQueue task cost before running: 29 s 872 ms 
[2025-11-02T11:36:21.550] [INFO] debug-file - Finished :entry:default@ConfigureCmake... after 1 ms 
[2025-11-02T11:36:21.552] [DEBUG] debug-file - Executing task :entry:default@MergeProfile
[2025-11-02T11:36:21.553] [DEBUG] debug-file - Task 'entry:default@MergeProfile' cost while wrapping incremental declarations: 1 ms 
[2025-11-02T11:36:21.557] [DEBUG] debug-file - Incremental task entry:default@MergeProfile pre-execution cost: 4 ms .
[2025-11-02T11:36:21.557] [DEBUG] debug-file - entry : default@MergeProfile cost memory 0.1583404541015625
[2025-11-02T11:36:21.558] [INFO] debug-file - UP-TO-DATE :entry:default@MergeProfile...  
[2025-11-02T11:36:21.560] [DEBUG] debug-file - Executing task :entry:default@CreateBuildProfile
[2025-11-02T11:36:21.561] [DEBUG] debug-file - Task 'entry:default@CreateBuildProfile' cost while wrapping incremental declarations: 1 ms 
[2025-11-02T11:36:21.564] [DEBUG] debug-file - Incremental task entry:default@CreateBuildProfile pre-execution cost: 3 ms .
[2025-11-02T11:36:21.564] [DEBUG] debug-file - entry : default@CreateBuildProfile cost memory 0.10591888427734375
[2025-11-02T11:36:21.564] [INFO] debug-file - UP-TO-DATE :entry:default@CreateBuildProfile...  
[2025-11-02T11:36:21.567] [DEBUG] debug-file - Executing task :entry:default@PreCheckSyscap
[2025-11-02T11:36:21.567] [DEBUG] debug-file - entry : default@PreCheckSyscap cost memory 0.02080535888671875
[2025-11-02T11:36:21.568] [DEBUG] debug-file - runTaskFromQueue task cost before running: 29 s 890 ms 
[2025-11-02T11:36:21.568] [INFO] debug-file - Finished :entry:default@PreCheckSyscap... after 1 ms 
[2025-11-02T11:36:21.572] [DEBUG] debug-file - Executing task :entry:default@GeneratePkgContextInfo
[2025-11-02T11:36:21.588] [DEBUG] debug-file - Task 'entry:default@GeneratePkgContextInfo' cost while wrapping incremental declarations: 1 ms 
[2025-11-02T11:36:21.588] [DEBUG] debug-file - entry : default@GeneratePkgContextInfo cost memory 0.33394622802734375
[2025-11-02T11:36:21.589] [DEBUG] debug-file - runTaskFromQueue task cost before running: 29 s 911 ms 
[2025-11-02T11:36:21.589] [INFO] debug-file - Finished :entry:default@GeneratePkgContextInfo... after 17 ms 
[2025-11-02T11:36:21.596] [DEBUG] debug-file - Executing task :entry:default@ProcessIntegratedHsp
[2025-11-02T11:36:21.597] [DEBUG] debug-file - entry:default@ProcessIntegratedHsp is not up-to-date, since the output file 'F:\DevEcoStudioProjects\Rdb-master\build\cache\default\integrated_hsp\integratedHspCache.json' does not exist.
[2025-11-02T11:36:21.597] [DEBUG] debug-file - Incremental task entry:default@ProcessIntegratedHsp pre-execution cost: 1 ms .
[2025-11-02T11:36:21.598] [DEBUG] debug-file - entry : default@ProcessIntegratedHsp cost memory 0.06948089599609375
[2025-11-02T11:36:21.598] [DEBUG] debug-file - runTaskFromQueue task cost before running: 29 s 920 ms 
[2025-11-02T11:36:21.598] [INFO] debug-file - Finished :entry:default@ProcessIntegratedHsp... after 2 ms 
[2025-11-02T11:36:21.600] [DEBUG] debug-file - Executing task :entry:default@BuildNativeWithCmake
[2025-11-02T11:36:21.601] [DEBUG] debug-file - entry : default@BuildNativeWithCmake cost memory 0.02001190185546875
[2025-11-02T11:36:21.601] [DEBUG] debug-file - runTaskFromQueue task cost before running: 29 s 923 ms 
[2025-11-02T11:36:21.601] [INFO] debug-file - Finished :entry:default@BuildNativeWithCmake... after 1 ms 
[2025-11-02T11:36:21.603] [DEBUG] debug-file - Executing task :entry:default@MakePackInfo
[2025-11-02T11:36:21.611] [DEBUG] debug-file - Incremental task entry:default@MakePackInfo pre-execution cost: 7 ms .
[2025-11-02T11:36:21.611] [DEBUG] debug-file - entry : default@MakePackInfo cost memory 0.11891937255859375
[2025-11-02T11:36:21.612] [INFO] debug-file - UP-TO-DATE :entry:default@MakePackInfo...  
[2025-11-02T11:36:21.614] [DEBUG] debug-file - Executing task :entry:default@SyscapTransform
[2025-11-02T11:36:21.614] [DEBUG] debug-file - File: 'F:\DevEcoStudioProjects\Rdb-master\entry\src\main\syscap.json' from 'sysCapJsonPath' is not exists, just ignore.
[2025-11-02T11:36:21.617] [DEBUG] debug-file - Task 'entry:default@SyscapTransform' cost while wrapping incremental declarations: 3 ms 
[2025-11-02T11:36:21.646] [DEBUG] debug-file - entry:default@SyscapTransform is not up-to-date, since the output file 'F:\DevEcoStudioProjects\Rdb-master\entry\build\default\intermediates\syscap\default\rpcid.sc' does not exist.
[2025-11-02T11:36:21.646] [DEBUG] debug-file - Incremental task entry:default@SyscapTransform pre-execution cost: 29 ms .
[2025-11-02T11:36:21.646] [DEBUG] debug-file - entry : default@SyscapTransform cost memory 0.17554473876953125
[2025-11-02T11:36:21.647] [DEBUG] debug-file - runTaskFromQueue task cost before running: 29 s 969 ms 
[2025-11-02T11:36:21.647] [INFO] debug-file - Finished :entry:default@SyscapTransform... after 33 ms 
[2025-11-02T11:36:21.651] [DEBUG] debug-file - Executing task :entry:default@ProcessProfile
[2025-11-02T11:36:21.662] [DEBUG] debug-file - Task 'entry:default@ProcessProfile' cost while wrapping incremental declarations: 1 ms 
[2025-11-02T11:36:21.665] [DEBUG] debug-file - Incremental task entry:default@ProcessProfile pre-execution cost: 3 ms .
[2025-11-02T11:36:21.665] [DEBUG] debug-file - entry : default@ProcessProfile cost memory 0.13690948486328125
[2025-11-02T11:36:21.665] [INFO] debug-file - UP-TO-DATE :entry:default@ProcessProfile...  
[2025-11-02T11:36:21.668] [DEBUG] debug-file - Executing task :entry:default@ProcessRouterMap
[2025-11-02T11:36:21.673] [DEBUG] debug-file - Incremental task entry:default@ProcessRouterMap pre-execution cost: 5 ms .
[2025-11-02T11:36:21.673] [DEBUG] debug-file - entry : default@ProcessRouterMap cost memory 0.13552093505859375
[2025-11-02T11:36:21.674] [INFO] debug-file - UP-TO-DATE :entry:default@ProcessRouterMap...  
[2025-11-02T11:36:21.676] [DEBUG] debug-file - Executing task :entry:default@ProcessShareConfig
[2025-11-02T11:36:21.679] [DEBUG] debug-file - Incremental task entry:default@ProcessShareConfig pre-execution cost: 3 ms .
[2025-11-02T11:36:21.679] [DEBUG] debug-file - entry : default@ProcessShareConfig cost memory 0.115814208984375
[2025-11-02T11:36:21.680] [INFO] debug-file - UP-TO-DATE :entry:default@ProcessShareConfig...  
[2025-11-02T11:36:21.682] [DEBUG] debug-file - Executing task :entry:default@ProcessStartupConfig
[2025-11-02T11:36:21.682] [DEBUG] debug-file - Task 'entry:default@ProcessStartupConfig' cost while wrapping incremental declarations: 1 ms 
[2025-11-02T11:36:21.683] [DEBUG] debug-file - entry:default@ProcessStartupConfig is not up-to-date, since the output file 'F:\DevEcoStudioProjects\Rdb-master\entry\build\default\intermediates\startup\default\startup_config.json' does not exist.
[2025-11-02T11:36:21.683] [DEBUG] debug-file - Incremental task entry:default@ProcessStartupConfig pre-execution cost: 1 ms .
[2025-11-02T11:36:21.683] [DEBUG] debug-file - entry : default@ProcessStartupConfig cost memory 0.10391998291015625
[2025-11-02T11:36:21.683] [DEBUG] debug-file - runTaskFromQueue task cost before running: 30 s 6 ms 
[2025-11-02T11:36:21.684] [INFO] debug-file - Finished :entry:default@ProcessStartupConfig... after 2 ms 
[2025-11-02T11:36:21.686] [DEBUG] debug-file - Executing task :entry:default@BuildNativeWithNinja
[2025-11-02T11:36:21.687] [DEBUG] debug-file - entry : default@BuildNativeWithNinja cost memory 0.05452728271484375
[2025-11-02T11:36:21.687] [DEBUG] debug-file - runTaskFromQueue task cost before running: 30 s 10 ms 
[2025-11-02T11:36:21.688] [INFO] debug-file - Finished :entry:default@BuildNativeWithNinja... after 2 ms 
[2025-11-02T11:36:21.691] [DEBUG] debug-file - restool module names: entry; moduleName=entry, taskName=default@ProcessResource
[2025-11-02T11:36:21.702] [DEBUG] debug-file - Executing task :entry:default@ProcessResource
[2025-11-02T11:36:21.703] [DEBUG] debug-file - Task 'entry:default@ProcessResource' cost while wrapping incremental declarations: 1 ms 
[2025-11-02T11:36:21.705] [DEBUG] debug-file - Incremental task entry:default@ProcessResource pre-execution cost: 2 ms .
[2025-11-02T11:36:21.705] [DEBUG] debug-file - entry : default@ProcessResource cost memory 0.13318634033203125
[2025-11-02T11:36:21.708] [INFO] debug-file - UP-TO-DATE :entry:default@ProcessResource...  
[2025-11-02T11:36:21.711] [DEBUG] debug-file - Executing task :entry:default@GenerateLoaderJson
[2025-11-02T11:36:21.712] [DEBUG] debug-file - Task 'entry:default@GenerateLoaderJson' cost while wrapping incremental declarations: 1 ms 
[2025-11-02T11:36:21.737] [DEBUG] debug-file - Incremental task entry:default@GenerateLoaderJson pre-execution cost: 10 ms .
[2025-11-02T11:36:21.737] [DEBUG] debug-file - entry : default@GenerateLoaderJson cost memory 0.4545745849609375
[2025-11-02T11:36:21.743] [INFO] debug-file - UP-TO-DATE :entry:default@GenerateLoaderJson...  
[2025-11-02T11:36:21.745] [DEBUG] debug-file - Executing task :entry:default@ProcessLibs
[2025-11-02T11:36:21.751] [DEBUG] debug-file - Incremental task entry:default@ProcessLibs pre-execution cost: 4 ms .
[2025-11-02T11:36:21.751] [DEBUG] debug-file - entry : default@ProcessLibs cost memory 0.127960205078125
[2025-11-02T11:36:21.752] [INFO] debug-file - UP-TO-DATE :entry:default@ProcessLibs...  
[2025-11-02T11:36:21.755] [DEBUG] debug-file - restool module names: entry; moduleName=entry, taskName=default@CompileResource
[2025-11-02T11:36:21.756] [DEBUG] debug-file - Executing task :entry:default@CompileResource
[2025-11-02T11:36:21.829] [DEBUG] debug-file - Incremental task entry:default@CompileResource pre-execution cost: 61 ms .
[2025-11-02T11:36:21.830] [DEBUG] debug-file - entry : default@CompileResource cost memory 1.0271987915039062
[2025-11-02T11:36:21.832] [INFO] debug-file - UP-TO-DATE :entry:default@CompileResource...  
[2025-11-02T11:36:21.834] [DEBUG] debug-file - Executing task :entry:default@DoNativeStrip
[2025-11-02T11:36:21.835] [DEBUG] debug-file - Task 'entry:default@DoNativeStrip' cost while wrapping incremental declarations: 1 ms 
[2025-11-02T11:36:21.837] [DEBUG] debug-file - Incremental task entry:default@DoNativeStrip pre-execution cost: 2 ms .
[2025-11-02T11:36:21.837] [DEBUG] debug-file - entry : default@DoNativeStrip cost memory 0.08475494384765625
[2025-11-02T11:36:21.837] [INFO] debug-file - UP-TO-DATE :entry:default@DoNativeStrip...  
[2025-11-02T11:36:21.840] [DEBUG] debug-file - Executing task :entry:default@CompileArkTS
[2025-11-02T11:36:21.841] [DEBUG] debug-file - obfuscationOptions: undefined
[2025-11-02T11:36:21.873] [DEBUG] debug-file - Incremental task entry:default@CompileArkTS pre-execution cost: 28 ms .
[2025-11-02T11:36:21.873] [DEBUG] debug-file - entry : default@CompileArkTS cost memory 0.9868316650390625
[2025-11-02T11:36:21.876] [INFO] debug-file - UP-TO-DATE :entry:default@CompileArkTS...  
[2025-11-02T11:36:21.879] [DEBUG] debug-file - Executing task :entry:default@BuildJS
[2025-11-02T11:36:21.884] [DEBUG] debug-file - entry : default@BuildJS cost memory 0.1178741455078125
[2025-11-02T11:36:21.884] [DEBUG] debug-file - runTaskFromQueue task cost before running: 30 s 206 ms 
[2025-11-02T11:36:21.884] [INFO] debug-file - Finished :entry:default@BuildJS... after 6 ms 
[2025-11-02T11:36:21.886] [DEBUG] debug-file - Executing task :entry:default@CacheNativeLibs
[2025-11-02T11:36:21.887] [DEBUG] debug-file - Task 'entry:default@CacheNativeLibs' cost while wrapping incremental declarations: 1 ms 
[2025-11-02T11:36:21.890] [DEBUG] debug-file - Incremental task entry:default@CacheNativeLibs pre-execution cost: 3 ms .
[2025-11-02T11:36:21.890] [DEBUG] debug-file - entry : default@CacheNativeLibs cost memory 0.103851318359375
[2025-11-02T11:36:21.891] [INFO] debug-file - UP-TO-DATE :entry:default@CacheNativeLibs...  
[2025-11-02T11:36:21.892] [DEBUG] debug-file - Executing task :entry:default@GeneratePkgModuleJson
[2025-11-02T11:36:21.893] [DEBUG] debug-file - File: 'F:\DevEcoStudioProjects\Rdb-master\entry\build\default\intermediates\preload\default\preload.json' from 'preloadSoJsonPath' is not exists, just ignore.
[2025-11-02T11:36:21.893] [DEBUG] debug-file - Task 'entry:default@GeneratePkgModuleJson' cost while wrapping incremental declarations: 1 ms 
[2025-11-02T11:36:21.895] [DEBUG] debug-file - Incremental task entry:default@GeneratePkgModuleJson pre-execution cost: 2 ms .
[2025-11-02T11:36:21.895] [DEBUG] debug-file - entry : default@GeneratePkgModuleJson cost memory 0.09613037109375
[2025-11-02T11:36:21.895] [INFO] debug-file - UP-TO-DATE :entry:default@GeneratePkgModuleJson...  
[2025-11-02T11:36:21.897] [DEBUG] debug-file - Executing task :entry:default@ProcessCompiledResources
[2025-11-02T11:36:21.897] [DEBUG] debug-file - File: 'F:\DevEcoStudioProjects\Rdb-master\entry\build\default\intermediates\preload\default\preload.json' from 'preloadSoJsonPath' is not exists, just ignore.
[2025-11-02T11:36:21.897] [DEBUG] debug-file - Task 'entry:default@ProcessCompiledResources' cost while wrapping incremental declarations: 1 ms 
[2025-11-02T11:36:21.897] [DEBUG] debug-file - entry : default@ProcessCompiledResources cost memory 0.063507080078125
[2025-11-02T11:36:21.898] [DEBUG] debug-file - runTaskFromQueue task cost before running: 30 s 220 ms 
[2025-11-02T11:36:21.898] [INFO] debug-file - Finished :entry:default@ProcessCompiledResources... after 2 ms 
[2025-11-02T11:36:21.901] [DEBUG] debug-file - Executing task :entry:default@PackageHap
[2025-11-02T11:36:21.932] [DEBUG] debug-file - Incremental task entry:default@PackageHap pre-execution cost: 29 ms .
[2025-11-02T11:36:21.932] [DEBUG] debug-file - entry : default@PackageHap cost memory -13.840950012207031
[2025-11-02T11:36:21.933] [INFO] debug-file - UP-TO-DATE :entry:default@PackageHap...  
[2025-11-02T11:36:21.935] [DEBUG] debug-file - Executing task :entry:default@PackingCheck
[2025-11-02T11:36:21.946] [DEBUG] debug-file - entry : default@PackingCheck cost memory 0.5132522583007812
[2025-11-02T11:36:21.946] [DEBUG] debug-file - runTaskFromQueue task cost before running: 30 s 269 ms 
[2025-11-02T11:36:21.947] [INFO] debug-file - Finished :entry:default@PackingCheck... after 12 ms 
[2025-11-02T11:36:21.950] [DEBUG] debug-file - Executing task :entry:default@SignHap
[2025-11-02T11:36:21.950] [WARN] debug-file - Will skip sign 'hos_hap'. No signingConfigs profile is configured in current project.
             If needed, configure the signingConfigs in F:\DevEcoStudioProjects\Rdb-master\build-profile.json5.
[2025-11-02T11:36:21.952] [DEBUG] debug-file - entry:default@SignHap is not up-to-date, since the output file 'F:\DevEcoStudioProjects\Rdb-master\entry\build\default\outputs\default\entry-default-signed.hap' does not exist.
[2025-11-02T11:36:21.953] [DEBUG] debug-file - Incremental task entry:default@SignHap pre-execution cost: 2 ms .
[2025-11-02T11:36:21.954] [DEBUG] debug-file - entry : default@SignHap cost memory 0.1012115478515625
[2025-11-02T11:36:21.954] [DEBUG] debug-file - runTaskFromQueue task cost before running: 30 s 276 ms 
[2025-11-02T11:36:21.954] [INFO] debug-file - Finished :entry:default@SignHap... after 5 ms 
[2025-11-02T11:36:21.956] [DEBUG] debug-file - Executing task :entry:default@CollectDebugSymbol
[2025-11-02T11:36:21.958] [DEBUG] debug-file - entry : default@CollectDebugSymbol cost memory 0.08914947509765625
[2025-11-02T11:36:21.959] [DEBUG] debug-file - runTaskFromQueue task cost before running: 30 s 281 ms 
[2025-11-02T11:36:21.959] [INFO] debug-file - Finished :entry:default@CollectDebugSymbol... after 3 ms 
[2025-11-02T11:36:21.959] [DEBUG] debug-file - Executing task :entry:assembleHap
[2025-11-02T11:36:21.960] [DEBUG] debug-file - entry : assembleHap cost memory 0.01444244384765625
[2025-11-02T11:36:21.960] [DEBUG] debug-file - runTaskFromQueue task cost before running: 30 s 282 ms 
[2025-11-02T11:36:21.960] [INFO] debug-file - Finished :entry:assembleHap... after 1 ms 
[2025-11-02T11:36:21.975] [INFO] debug-file - BUILD SUCCESSFUL in 30 s 298 ms 
[2025-11-02T11:36:21.976] [DEBUG] debug-file - There is no need to refresh cache, since the incremental task entry:default@PreBuild is up-to-date.
[2025-11-02T11:36:21.977] [DEBUG] debug-file - Update task entry:default@CreateModuleInfo output file:F:\DevEcoStudioProjects\Rdb-master\entry\build\default\generated\profile\default\ModuleInfo.ts cache.
[2025-11-02T11:36:21.977] [DEBUG] debug-file - Incremental task entry:default@CreateModuleInfo post-execution cost:1 ms .
[2025-11-02T11:36:21.977] [DEBUG] debug-file - There is no need to refresh cache, since the incremental task entry:default@GenerateMetadata is up-to-date.
[2025-11-02T11:36:21.978] [DEBUG] debug-file - There is no need to refresh cache, since the incremental task entry:default@MergeProfile is up-to-date.
[2025-11-02T11:36:21.978] [DEBUG] debug-file - There is no need to refresh cache, since the incremental task entry:default@CreateBuildProfile is up-to-date.
[2025-11-02T11:36:21.978] [DEBUG] debug-file - Update task entry:default@GeneratePkgContextInfo output file:F:\DevEcoStudioProjects\Rdb-master\entry\build\default\intermediates\loader\default\pkgContextInfo.json cache.
[2025-11-02T11:36:21.978] [DEBUG] debug-file - Incremental task entry:default@GeneratePkgContextInfo post-execution cost:1 ms .
[2025-11-02T11:36:21.979] [DEBUG] debug-file - Update task entry:default@ProcessIntegratedHsp output file:F:\DevEcoStudioProjects\Rdb-master\build\cache\default\integrated_hsp\integratedHspCache.json cache.
[2025-11-02T11:36:21.979] [DEBUG] debug-file - Incremental task entry:default@ProcessIntegratedHsp post-execution cost:1 ms .
[2025-11-02T11:36:21.979] [DEBUG] debug-file - There is no need to refresh cache, since the incremental task entry:default@MakePackInfo is up-to-date.
[2025-11-02T11:36:21.980] [DEBUG] debug-file - Update task entry:default@SyscapTransform input file:F:\deveco\DevEco Studio\sdk\default\openharmony\toolchains\syscap_tool.exe cache by regenerate.
[2025-11-02T11:36:21.980] [DEBUG] debug-file - Update task entry:default@SyscapTransform input file:F:\deveco\DevEco Studio\sdk\default\openharmony\ets\api\device-define cache by regenerate.
[2025-11-02T11:36:21.985] [DEBUG] debug-file - Update task entry:default@SyscapTransform output file:F:\DevEcoStudioProjects\Rdb-master\entry\build\default\intermediates\syscap\default\rpcid.sc cache.
[2025-11-02T11:36:21.985] [DEBUG] debug-file - Incremental task entry:default@SyscapTransform post-execution cost:6 ms .
[2025-11-02T11:36:21.986] [DEBUG] debug-file - There is no need to refresh cache, since the incremental task entry:default@ProcessProfile is up-to-date.
[2025-11-02T11:36:21.986] [DEBUG] debug-file - There is no need to refresh cache, since the incremental task entry:default@ProcessRouterMap is up-to-date.
[2025-11-02T11:36:21.986] [DEBUG] debug-file - There is no need to refresh cache, since the incremental task entry:default@ProcessShareConfig is up-to-date.
[2025-11-02T11:36:21.986] [DEBUG] debug-file - Update task entry:default@ProcessStartupConfig output file:F:\DevEcoStudioProjects\Rdb-master\entry\build\default\intermediates\startup\default\startup_config.json cache.
[2025-11-02T11:36:21.987] [DEBUG] debug-file - Incremental task entry:default@ProcessStartupConfig post-execution cost:1 ms .
[2025-11-02T11:36:21.987] [DEBUG] debug-file - There is no need to refresh cache, since the incremental task entry:default@ProcessResource is up-to-date.
[2025-11-02T11:36:21.987] [DEBUG] debug-file - There is no need to refresh cache, since the incremental task entry:default@GenerateLoaderJson is up-to-date.
[2025-11-02T11:36:21.987] [DEBUG] debug-file - There is no need to refresh cache, since the incremental task entry:default@ProcessLibs is up-to-date.
[2025-11-02T11:36:21.987] [DEBUG] debug-file - There is no need to refresh cache, since the incremental task entry:default@CompileResource is up-to-date.
[2025-11-02T11:36:21.988] [DEBUG] debug-file - There is no need to refresh cache, since the incremental task entry:default@DoNativeStrip is up-to-date.
[2025-11-02T11:36:21.988] [DEBUG] debug-file - There is no need to refresh cache, since the incremental task entry:default@CompileArkTS is up-to-date.
[2025-11-02T11:36:21.990] [DEBUG] debug-file - Update task entry:default@BuildJS input file:F:\DevEcoStudioProjects\Rdb-master\entry\build\default\intermediates\loader\default cache by regenerate.
[2025-11-02T11:36:21.992] [DEBUG] debug-file - Update task entry:default@BuildJS input file:F:\DevEcoStudioProjects\Rdb-master\entry\build\default\intermediates\res\default\resources\rawfile cache by regenerate.
[2025-11-02T11:36:22.003] [DEBUG] debug-file - Update task entry:default@BuildJS input file:F:\DevEcoStudioProjects\Rdb-master\entry\build\default\intermediates\res\default\ResourceTable.txt cache by regenerate.
[2025-11-02T11:36:22.004] [DEBUG] debug-file - Update task entry:default@BuildJS input file:F:\DevEcoStudioProjects\Rdb-master\entry\build\default\intermediates\res\default\ark_module.json cache by regenerate.
[2025-11-02T11:36:22.004] [DEBUG] debug-file - Update task entry:default@BuildJS input file:F:\DevEcoStudioProjects\Rdb-master\entry\build\default\intermediates\res\default\resources\base\profile cache by regenerate.
[2025-11-02T11:36:22.006] [DEBUG] debug-file - Update task entry:default@BuildJS output file:F:\DevEcoStudioProjects\Rdb-master\entry\build\default\intermediates\loader_out\default\js cache.
[2025-11-02T11:36:22.006] [DEBUG] debug-file - Incremental task entry:default@BuildJS post-execution cost:19 ms .
[2025-11-02T11:36:22.006] [DEBUG] debug-file - There is no need to refresh cache, since the incremental task entry:default@CacheNativeLibs is up-to-date.
[2025-11-02T11:36:22.007] [DEBUG] debug-file - There is no need to refresh cache, since the incremental task entry:default@GeneratePkgModuleJson is up-to-date.
[2025-11-02T11:36:22.007] [DEBUG] debug-file - Incremental task entry:default@ProcessCompiledResources post-execution cost:1 ms .
[2025-11-02T11:36:22.007] [DEBUG] debug-file - There is no need to refresh cache, since the incremental task entry:default@PackageHap is up-to-date.
[2025-11-02T11:36:22.007] [DEBUG] debug-file - Update task entry:default@SignHap input file:F:\DevEcoStudioProjects\Rdb-master\entry\build\default\outputs\default\entry-default-unsigned.hap cache by regenerate.
[2025-11-02T11:36:22.008] [DEBUG] debug-file - Update task entry:default@SignHap output file:F:\DevEcoStudioProjects\Rdb-master\entry\build\default\outputs\default\entry-default-signed.hap cache.
[2025-11-02T11:36:22.008] [DEBUG] debug-file - Incremental task entry:default@SignHap post-execution cost:2 ms .
[2025-11-02T11:36:22.009] [DEBUG] debug-file - Update task entry:default@CollectDebugSymbol input file:F:\DevEcoStudioProjects\Rdb-master\entry\build\default\intermediates\loader_out\default\ets\sourceMaps.map cache by regenerate.
[2025-11-02T11:36:22.009] [DEBUG] debug-file - Update task entry:default@CollectDebugSymbol input file:F:\DevEcoStudioProjects\Rdb-master\entry\build\default\intermediates\libs\default cache by regenerate.
[2025-11-02T11:36:22.010] [DEBUG] debug-file - Update task entry:default@CollectDebugSymbol output file:F:\DevEcoStudioProjects\Rdb-master\entry\build\default\outputs\default\symbol cache.
[2025-11-02T11:36:22.011] [DEBUG] debug-file - Incremental task entry:default@CollectDebugSymbol post-execution cost:3 ms .
[2025-11-02T11:36:22.047] [DEBUG] debug-file - Since there is no instance or instance is terminated, create a new worker pool.
[2025-11-02T11:36:22.048] [DEBUG] debug-file - Worker pool is initialized with config:  {
  minPoolNum: 2,
  maxPoolNum: undefined,
  maxCoreSize: undefined,
  cacheCapacity: undefined,
  cacheTtl: undefined
}
[2025-11-02T11:36:22.049] [DEBUG] debug-file - Create  resident worker with id: 0.
[2025-11-02T11:36:22.054] [DEBUG] debug-file - Create  resident worker with id: 1.
[2025-11-02T11:36:22.062] [DEBUG] debug-file - session manager: send message to worker process.
[2025-11-02T11:36:22.063] [DEBUG] debug-file - session manager: send message to worker process.
[2025-11-02T11:36:22.058] [DEBUG] debug-file - Cleanup worker 0.
[2025-11-02T11:36:22.058] [DEBUG] debug-file - Worker 0 has been cleaned up.
[2025-11-02T11:36:22.058] [DEBUG] debug-file - Current idle worker size: 1.
[2025-11-02T11:36:22.058] [DEBUG] debug-file - Current resident worker size: 2.
[2025-11-02T11:36:22.059] [DEBUG] debug-file - Cleanup worker 1.
[2025-11-02T11:36:22.059] [DEBUG] debug-file - Worker 1 has been cleaned up.
[2025-11-02T11:36:22.059] [DEBUG] debug-file - Current idle worker size: 0.
[2025-11-02T11:36:22.059] [DEBUG] debug-file - Current resident worker size: 2.
[2025-11-02T11:36:22.060] [DEBUG] debug-file - hvigor build process will be closed.
[2025-11-02T11:36:22.067] [DEBUG] debug-file - worker[0] exits with exit code 0.
[2025-11-02T11:36:22.068] [DEBUG] debug-file - worker[1] exits with exit code 0.
[2025-11-02T11:36:22.074] [DEBUG] debug-file - watch worker: worker id should be larger than 0. Nothing will be sent to any worker thread.
[2025-11-02T11:36:22.074] [DEBUG] debug-file - watch worker: worker id should be larger than 0. Nothing will be sent to any worker thread.
[2025-11-02T11:36:25.565] [DEBUG] debug-file - session manager: set active socket. socketId=EEZEqgDF_CPP4HinAAAD
[2025-11-02T11:36:25.586] [DEBUG] debug-file - watch worker: worker id should be larger than 0. Nothing will be sent to any worker thread.
[2025-11-02T11:36:25.593] [DEBUG] debug-file - Hvigor init with startParameters:{
  hvigorfileTypeCheck: false,
  parallelExecution: true,
  incrementalExecution: true,
  printStackTrace: false,
  daemon: true,
  analyze: 0,
  logLevel: Level { level: 20000, levelStr: 'INFO', colour: 'green' },
  optimizationStrategy: 'memory',
  hotCompile: undefined,
  hotReloadBuild: undefined
}
[2025-11-02T11:36:25.598] [DEBUG] debug-file - Cache service initialization finished in 4 ms 
[2025-11-02T11:36:25.599] [DEBUG] debug-file - hvigorfile, resolving F:\DevEcoStudioProjects\Rdb-master\hvigorfile.ts
[2025-11-02T11:36:25.604] [DEBUG] debug-file - hvigorfile, require result:  {}
[2025-11-02T11:36:25.604] [DEBUG] debug-file - hvigorfile, binding system plugins {}
[2025-11-02T11:36:25.611] [DEBUG] debug-file - Start initialize project's product build option map with build mode debug.
[2025-11-02T11:36:25.611] [DEBUG] debug-file - Picking option from product 'default' with build mode 'debug'.
[2025-11-02T11:36:25.611] [DEBUG] debug-file - Product 'default' build option initialized
[2025-11-02T11:36:25.611] [DEBUG] debug-file - End initialize project's product build option map with build mode 'debug'.
[2025-11-02T11:36:25.612] [DEBUG] debug-file - Obtain build option for product 'default'in this build.
[2025-11-02T11:36:25.613] [DEBUG] debug-file - No signingConfig found, initRemoteHspCache failed.
[2025-11-02T11:36:25.619] [DEBUG] debug-file - Start recording SDK configuration permission data.
[2025-11-02T11:36:25.653] [DEBUG] debug-file - Sdk init in 39 ms 
[2025-11-02T11:36:25.658] [DEBUG] debug-file - Project task initialization takes 5 ms 
[2025-11-02T11:36:25.659] [DEBUG] debug-file - hvigorfile, resolve finished F:\DevEcoStudioProjects\Rdb-master\hvigorfile.ts
[2025-11-02T11:36:25.660] [DEBUG] debug-file - hvigorfile, resolving F:\DevEcoStudioProjects\Rdb-master\entry\hvigorfile.ts
[2025-11-02T11:36:25.665] [DEBUG] debug-file - hvigorfile, require result:  {}
[2025-11-02T11:36:25.666] [DEBUG] debug-file - hvigorfile, binding system plugins {}
[2025-11-02T11:36:25.669] [DEBUG] debug-file - failed to load cangjie to dynamically generate schemas: Error: Cannot find module '@ohos/cangjie-build-support/index'
Require stack:
- F:\deveco\DevEco Studio\tools\hvigor\hvigor-ohos-plugin\src\plugin\factory\plugin-factory.js
- F:\deveco\DevEco Studio\tools\hvigor\hvigor-ohos-plugin\index.js
- F:\DevEcoStudioProjects\Rdb-master\hvigorfile.ts
- F:\deveco\DevEco Studio\tools\hvigor\hvigor\src\base\internal\lifecycle\configuration.js
- F:\deveco\DevEco Studio\tools\hvigor\hvigor\src\base\boot\index.js
- F:\deveco\DevEco Studio\tools\hvigor\hvigor\src\base\daemon\cluster\worker-process-lifecycle.js
- F:\deveco\DevEco Studio\tools\hvigor\hvigor\src\base\daemon\process\daemon-process-boot-script.js
[2025-11-02T11:36:25.672] [DEBUG] debug-file - Start initialize module-target build option map, moduleName=entry, buildMode=release
[2025-11-02T11:36:25.672] [DEBUG] debug-file - Target 'default' config initialized
[2025-11-02T11:36:25.672] [DEBUG] debug-file - Module 'entry' target 'default' build option initialized
[2025-11-02T11:36:25.672] [DEBUG] debug-file - End initialize module-target build option map, moduleName=entry
[2025-11-02T11:36:25.673] [DEBUG] debug-file - Start initialize module-target build option map, moduleName=entry, buildMode=debug
[2025-11-02T11:36:25.673] [DEBUG] debug-file - Target 'default' config initialized
[2025-11-02T11:36:25.673] [DEBUG] debug-file - Module 'entry' target 'default' build option initialized
[2025-11-02T11:36:25.673] [DEBUG] debug-file - End initialize module-target build option map, moduleName=entry
[2025-11-02T11:36:25.673] [DEBUG] debug-file - Start initialize module-target build option map, moduleName=entry, buildMode=debug
[2025-11-02T11:36:25.674] [DEBUG] debug-file - Target 'default' config initialized
[2025-11-02T11:36:25.674] [DEBUG] debug-file - Module 'entry' target 'default' build option initialized
[2025-11-02T11:36:25.674] [DEBUG] debug-file - End initialize module-target build option map, moduleName=entry
[2025-11-02T11:36:25.674] [DEBUG] debug-file - Obtain build option for module 'entry' target 'default'in this build.
[2025-11-02T11:36:25.676] [DEBUG] debug-file - Module entry task initialization takes 1 ms 
[2025-11-02T11:36:25.676] [DEBUG] debug-file - hvigorfile, resolve finished F:\DevEcoStudioProjects\Rdb-master\entry\hvigorfile.ts
[2025-11-02T11:36:25.701] [DEBUG] debug-file - hvigorfile, resolve hvigorfile dependencies in 25 ms 
[2025-11-02T11:36:25.701] [DEBUG] debug-file - project has submodules:entry
[2025-11-02T11:36:25.704] [DEBUG] debug-file - start to load updatedOhPackageInfo to the disk
[2025-11-02T11:36:25.714] [DEBUG] debug-file - load to the disk finished
[2025-11-02T11:36:25.716] [DEBUG] debug-file - Start to initialize dependency information.
[2025-11-02T11:36:25.717] [DEBUG] debug-file - Module Rdb-master Collected Dependency: 
[2025-11-02T11:36:25.717] [DEBUG] debug-file - Module Rdb-master's total dependency: 0
[2025-11-02T11:36:25.718] [DEBUG] debug-file - Start to initialize dependency information.
[2025-11-02T11:36:25.722] [DEBUG] debug-file - Module entry Collected Dependency: 
[2025-11-02T11:36:25.722] [DEBUG] debug-file - Module entry's total dependency: 0
[2025-11-02T11:36:25.726] [DEBUG] debug-file - Configuration phase cost:128 ms 
[2025-11-02T11:36:25.727] [DEBUG] debug-file - Configuration task cost before running: 138 ms 
[2025-11-02T11:36:25.733] [DEBUG] debug-file - Executing task :entry:default@PreBuild
[2025-11-02T11:36:25.734] [DEBUG] debug-file - Task 'entry:default@PreBuild' cost while wrapping incremental declarations: 1 ms 
[2025-11-02T11:36:25.749] [DEBUG] debug-file - Incremental task entry:default@PreBuild pre-execution cost: 10 ms .
[2025-11-02T11:36:25.749] [DEBUG] debug-file - entry : default@PreBuild cost memory 0.2917327880859375
[2025-11-02T11:36:25.753] [INFO] debug-file - UP-TO-DATE :entry:default@PreBuild...  
[2025-11-02T11:36:25.755] [DEBUG] debug-file - Executing task :entry:default@CreateModuleInfo
[2025-11-02T11:36:25.755] [DEBUG] debug-file - Task 'entry:default@CreateModuleInfo' cost while wrapping incremental declarations: 1 ms 
[2025-11-02T11:36:25.756] [DEBUG] debug-file - entry : default@CreateModuleInfo cost memory 0.04215240478515625
[2025-11-02T11:36:25.756] [DEBUG] debug-file - runTaskFromQueue task cost before running: 166 ms 
[2025-11-02T11:36:25.756] [INFO] debug-file - Finished :entry:default@CreateModuleInfo... after 2 ms 
[2025-11-02T11:36:25.758] [DEBUG] debug-file - Executing task :entry:default@GenerateMetadata
[2025-11-02T11:36:25.759] [DEBUG] debug-file - Task 'entry:default@GenerateMetadata' cost while wrapping incremental declarations: 1 ms 
[2025-11-02T11:36:25.760] [DEBUG] debug-file - Incremental task entry:default@GenerateMetadata pre-execution cost: 2 ms .
[2025-11-02T11:36:25.760] [DEBUG] debug-file - entry : default@GenerateMetadata cost memory 0.0913238525390625
[2025-11-02T11:36:25.761] [INFO] debug-file - UP-TO-DATE :entry:default@GenerateMetadata...  
[2025-11-02T11:36:25.762] [DEBUG] debug-file - Executing task :entry:default@ConfigureCmake
[2025-11-02T11:36:25.762] [DEBUG] debug-file - entry : default@ConfigureCmake cost memory 0.0168609619140625
[2025-11-02T11:36:25.762] [DEBUG] debug-file - runTaskFromQueue task cost before running: 173 ms 
[2025-11-02T11:36:25.763] [INFO] debug-file - Finished :entry:default@ConfigureCmake... after 1 ms 
[2025-11-02T11:36:25.764] [DEBUG] debug-file - Executing task :entry:default@MergeProfile
[2025-11-02T11:36:25.764] [DEBUG] debug-file - Task 'entry:default@MergeProfile' cost while wrapping incremental declarations: 1 ms 
[2025-11-02T11:36:25.768] [DEBUG] debug-file - Incremental task entry:default@MergeProfile pre-execution cost: 4 ms .
[2025-11-02T11:36:25.768] [DEBUG] debug-file - entry : default@MergeProfile cost memory 0.13719940185546875
[2025-11-02T11:36:25.769] [INFO] debug-file - UP-TO-DATE :entry:default@MergeProfile...  
[2025-11-02T11:36:25.770] [DEBUG] debug-file - Executing task :entry:default@CreateBuildProfile
[2025-11-02T11:36:25.771] [DEBUG] debug-file - Task 'entry:default@CreateBuildProfile' cost while wrapping incremental declarations: 1 ms 
[2025-11-02T11:36:25.773] [DEBUG] debug-file - Incremental task entry:default@CreateBuildProfile pre-execution cost: 2 ms .
[2025-11-02T11:36:25.773] [DEBUG] debug-file - entry : default@CreateBuildProfile cost memory 0.09859466552734375
[2025-11-02T11:36:25.774] [INFO] debug-file - UP-TO-DATE :entry:default@CreateBuildProfile...  
[2025-11-02T11:36:25.775] [DEBUG] debug-file - Executing task :entry:default@PreCheckSyscap
[2025-11-02T11:36:25.775] [DEBUG] debug-file - entry : default@PreCheckSyscap cost memory 0.02071380615234375
[2025-11-02T11:36:25.775] [DEBUG] debug-file - runTaskFromQueue task cost before running: 186 ms 
[2025-11-02T11:36:25.776] [INFO] debug-file - Finished :entry:default@PreCheckSyscap... after 1 ms 
[2025-11-02T11:36:25.777] [DEBUG] debug-file - Executing task :entry:default@GeneratePkgContextInfo
[2025-11-02T11:36:25.782] [DEBUG] debug-file - Task 'entry:default@GeneratePkgContextInfo' cost while wrapping incremental declarations: 1 ms 
[2025-11-02T11:36:25.783] [DEBUG] debug-file - entry : default@GeneratePkgContextInfo cost memory 0.173187255859375
[2025-11-02T11:36:25.783] [DEBUG] debug-file - runTaskFromQueue task cost before running: 193 ms 
[2025-11-02T11:36:25.783] [INFO] debug-file - Finished :entry:default@GeneratePkgContextInfo... after 6 ms 
[2025-11-02T11:36:25.791] [DEBUG] debug-file - Executing task :entry:default@ProcessIntegratedHsp
[2025-11-02T11:36:25.792] [DEBUG] debug-file - entry:default@ProcessIntegratedHsp is not up-to-date, since the output file 'F:\DevEcoStudioProjects\Rdb-master\build\cache\default\integrated_hsp\integratedHspCache.json' does not exist.
[2025-11-02T11:36:25.792] [DEBUG] debug-file - Incremental task entry:default@ProcessIntegratedHsp pre-execution cost: 1 ms .
[2025-11-02T11:36:25.792] [DEBUG] debug-file - entry : default@ProcessIntegratedHsp cost memory 0.06342315673828125
[2025-11-02T11:36:25.792] [DEBUG] debug-file - runTaskFromQueue task cost before running: 203 ms 
[2025-11-02T11:36:25.792] [INFO] debug-file - Finished :entry:default@ProcessIntegratedHsp... after 2 ms 
[2025-11-02T11:36:25.794] [DEBUG] debug-file - Executing task :entry:default@BuildNativeWithCmake
[2025-11-02T11:36:25.795] [DEBUG] debug-file - entry : default@BuildNativeWithCmake cost memory 0.0173492431640625
[2025-11-02T11:36:25.795] [DEBUG] debug-file - runTaskFromQueue task cost before running: 205 ms 
[2025-11-02T11:36:25.795] [INFO] debug-file - Finished :entry:default@BuildNativeWithCmake... after 1 ms 
[2025-11-02T11:36:25.797] [DEBUG] debug-file - Executing task :entry:default@MakePackInfo
[2025-11-02T11:36:25.801] [DEBUG] debug-file - Incremental task entry:default@MakePackInfo pre-execution cost: 4 ms .
[2025-11-02T11:36:25.801] [DEBUG] debug-file - entry : default@MakePackInfo cost memory 0.111419677734375
[2025-11-02T11:36:25.802] [INFO] debug-file - UP-TO-DATE :entry:default@MakePackInfo...  
[2025-11-02T11:36:25.804] [DEBUG] debug-file - Executing task :entry:default@SyscapTransform
[2025-11-02T11:36:25.804] [DEBUG] debug-file - File: 'F:\DevEcoStudioProjects\Rdb-master\entry\src\main\syscap.json' from 'sysCapJsonPath' is not exists, just ignore.
[2025-11-02T11:36:25.805] [DEBUG] debug-file - Task 'entry:default@SyscapTransform' cost while wrapping incremental declarations: 2 ms 
[2025-11-02T11:36:25.810] [DEBUG] debug-file - entry:default@SyscapTransform is not up-to-date, since the output file 'F:\DevEcoStudioProjects\Rdb-master\entry\build\default\intermediates\syscap\default\rpcid.sc' does not exist.
[2025-11-02T11:36:25.810] [DEBUG] debug-file - Incremental task entry:default@SyscapTransform pre-execution cost: 5 ms .
[2025-11-02T11:36:25.810] [DEBUG] debug-file - entry : default@SyscapTransform cost memory 0.15904998779296875
[2025-11-02T11:36:25.810] [DEBUG] debug-file - runTaskFromQueue task cost before running: 221 ms 
[2025-11-02T11:36:25.811] [INFO] debug-file - Finished :entry:default@SyscapTransform... after 7 ms 
[2025-11-02T11:36:25.812] [DEBUG] debug-file - Executing task :entry:default@ProcessProfile
[2025-11-02T11:36:25.813] [DEBUG] debug-file - Task 'entry:default@ProcessProfile' cost while wrapping incremental declarations: 1 ms 
[2025-11-02T11:36:25.815] [DEBUG] debug-file - Incremental task entry:default@ProcessProfile pre-execution cost: 2 ms .
[2025-11-02T11:36:25.815] [DEBUG] debug-file - entry : default@ProcessProfile cost memory 0.13515472412109375
[2025-11-02T11:36:25.816] [INFO] debug-file - UP-TO-DATE :entry:default@ProcessProfile...  
[2025-11-02T11:36:25.818] [DEBUG] debug-file - Executing task :entry:default@ProcessRouterMap
[2025-11-02T11:36:25.824] [DEBUG] debug-file - Incremental task entry:default@ProcessRouterMap pre-execution cost: 5 ms .
[2025-11-02T11:36:25.824] [DEBUG] debug-file - entry : default@ProcessRouterMap cost memory 0.124481201171875
[2025-11-02T11:36:25.825] [INFO] debug-file - UP-TO-DATE :entry:default@ProcessRouterMap...  
[2025-11-02T11:36:25.826] [DEBUG] debug-file - Executing task :entry:default@ProcessShareConfig
[2025-11-02T11:36:25.830] [DEBUG] debug-file - Incremental task entry:default@ProcessShareConfig pre-execution cost: 4 ms .
[2025-11-02T11:36:25.831] [DEBUG] debug-file - entry : default@ProcessShareConfig cost memory 0.11377716064453125
[2025-11-02T11:36:25.831] [INFO] debug-file - UP-TO-DATE :entry:default@ProcessShareConfig...  
[2025-11-02T11:36:25.833] [DEBUG] debug-file - Executing task :entry:default@ProcessStartupConfig
[2025-11-02T11:36:25.833] [DEBUG] debug-file - Task 'entry:default@ProcessStartupConfig' cost while wrapping incremental declarations: 1 ms 
[2025-11-02T11:36:25.834] [DEBUG] debug-file - entry:default@ProcessStartupConfig is not up-to-date, since the output file 'F:\DevEcoStudioProjects\Rdb-master\entry\build\default\intermediates\startup\default\startup_config.json' does not exist.
[2025-11-02T11:36:25.834] [DEBUG] debug-file - Incremental task entry:default@ProcessStartupConfig pre-execution cost: 1 ms .
[2025-11-02T11:36:25.834] [DEBUG] debug-file - entry : default@ProcessStartupConfig cost memory 0.099761962890625
[2025-11-02T11:36:25.834] [DEBUG] debug-file - runTaskFromQueue task cost before running: 245 ms 
[2025-11-02T11:36:25.835] [INFO] debug-file - Finished :entry:default@ProcessStartupConfig... after 2 ms 
[2025-11-02T11:36:25.837] [DEBUG] debug-file - Executing task :entry:default@BuildNativeWithNinja
[2025-11-02T11:36:25.837] [DEBUG] debug-file - entry : default@BuildNativeWithNinja cost memory 0.02315521240234375
[2025-11-02T11:36:25.838] [DEBUG] debug-file - runTaskFromQueue task cost before running: 248 ms 
[2025-11-02T11:36:25.838] [INFO] debug-file - Finished :entry:default@BuildNativeWithNinja... after 1 ms 
[2025-11-02T11:36:25.840] [DEBUG] debug-file - restool module names: entry; moduleName=entry, taskName=default@ProcessResource
[2025-11-02T11:36:25.842] [DEBUG] debug-file - Executing task :entry:default@ProcessResource
[2025-11-02T11:36:25.842] [DEBUG] debug-file - Task 'entry:default@ProcessResource' cost while wrapping incremental declarations: 1 ms 
[2025-11-02T11:36:25.844] [DEBUG] debug-file - Incremental task entry:default@ProcessResource pre-execution cost: 2 ms .
[2025-11-02T11:36:25.844] [DEBUG] debug-file - entry : default@ProcessResource cost memory 0.13213348388671875
[2025-11-02T11:36:25.847] [INFO] debug-file - UP-TO-DATE :entry:default@ProcessResource...  
[2025-11-02T11:36:25.850] [DEBUG] debug-file - Executing task :entry:default@GenerateLoaderJson
[2025-11-02T11:36:25.850] [DEBUG] debug-file - Task 'entry:default@GenerateLoaderJson' cost while wrapping incremental declarations: 1 ms 
[2025-11-02T11:36:25.868] [DEBUG] debug-file - Incremental task entry:default@GenerateLoaderJson pre-execution cost: 11 ms .
[2025-11-02T11:36:25.868] [DEBUG] debug-file - entry : default@GenerateLoaderJson cost memory 0.439453125
[2025-11-02T11:36:25.874] [INFO] debug-file - UP-TO-DATE :entry:default@GenerateLoaderJson...  
[2025-11-02T11:36:25.875] [DEBUG] debug-file - Executing task :entry:default@ProcessLibs
[2025-11-02T11:36:25.880] [DEBUG] debug-file - Incremental task entry:default@ProcessLibs pre-execution cost: 4 ms .
[2025-11-02T11:36:25.880] [DEBUG] debug-file - entry : default@ProcessLibs cost memory 0.101531982421875
[2025-11-02T11:36:25.881] [INFO] debug-file - UP-TO-DATE :entry:default@ProcessLibs...  
[2025-11-02T11:36:25.883] [DEBUG] debug-file - restool module names: entry; moduleName=entry, taskName=default@CompileResource
[2025-11-02T11:36:25.884] [DEBUG] debug-file - Executing task :entry:default@CompileResource
[2025-11-02T11:36:25.936] [DEBUG] debug-file - Incremental task entry:default@CompileResource pre-execution cost: 50 ms .
[2025-11-02T11:36:25.936] [DEBUG] debug-file - entry : default@CompileResource cost memory 0.9847259521484375
[2025-11-02T11:36:25.938] [INFO] debug-file - UP-TO-DATE :entry:default@CompileResource...  
[2025-11-02T11:36:25.940] [DEBUG] debug-file - Executing task :entry:default@DoNativeStrip
[2025-11-02T11:36:25.940] [DEBUG] debug-file - Task 'entry:default@DoNativeStrip' cost while wrapping incremental declarations: 1 ms 
[2025-11-02T11:36:25.943] [DEBUG] debug-file - Incremental task entry:default@DoNativeStrip pre-execution cost: 3 ms .
[2025-11-02T11:36:25.943] [DEBUG] debug-file - entry : default@DoNativeStrip cost memory 0.0841827392578125
[2025-11-02T11:36:25.943] [INFO] debug-file - UP-TO-DATE :entry:default@DoNativeStrip...  
[2025-11-02T11:36:25.945] [DEBUG] debug-file - Executing task :entry:default@CompileArkTS
[2025-11-02T11:36:25.945] [DEBUG] debug-file - obfuscationOptions: undefined
[2025-11-02T11:36:25.985] [DEBUG] debug-file - Incremental task entry:default@CompileArkTS pre-execution cost: 33 ms .
[2025-11-02T11:36:25.985] [DEBUG] debug-file - entry : default@CompileArkTS cost memory -12.178215026855469
[2025-11-02T11:36:25.988] [INFO] debug-file - UP-TO-DATE :entry:default@CompileArkTS...  
[2025-11-02T11:36:25.990] [DEBUG] debug-file - Executing task :entry:default@BuildJS
[2025-11-02T11:36:25.995] [DEBUG] debug-file - entry : default@BuildJS cost memory 0.117584228515625
[2025-11-02T11:36:25.995] [DEBUG] debug-file - runTaskFromQueue task cost before running: 406 ms 
[2025-11-02T11:36:25.996] [INFO] debug-file - Finished :entry:default@BuildJS... after 6 ms 
[2025-11-02T11:36:25.998] [DEBUG] debug-file - Executing task :entry:default@CacheNativeLibs
[2025-11-02T11:36:25.998] [DEBUG] debug-file - Task 'entry:default@CacheNativeLibs' cost while wrapping incremental declarations: 1 ms 
[2025-11-02T11:36:26.002] [DEBUG] debug-file - Incremental task entry:default@CacheNativeLibs pre-execution cost: 4 ms .
[2025-11-02T11:36:26.002] [DEBUG] debug-file - entry : default@CacheNativeLibs cost memory 0.0985565185546875
[2025-11-02T11:36:26.003] [INFO] debug-file - UP-TO-DATE :entry:default@CacheNativeLibs...  
[2025-11-02T11:36:26.004] [DEBUG] debug-file - Executing task :entry:default@GeneratePkgModuleJson
[2025-11-02T11:36:26.005] [DEBUG] debug-file - File: 'F:\DevEcoStudioProjects\Rdb-master\entry\build\default\intermediates\preload\default\preload.json' from 'preloadSoJsonPath' is not exists, just ignore.
[2025-11-02T11:36:26.005] [DEBUG] debug-file - Task 'entry:default@GeneratePkgModuleJson' cost while wrapping incremental declarations: 1 ms 
[2025-11-02T11:36:26.007] [DEBUG] debug-file - Incremental task entry:default@GeneratePkgModuleJson pre-execution cost: 2 ms .
[2025-11-02T11:36:26.007] [DEBUG] debug-file - entry : default@GeneratePkgModuleJson cost memory 0.09456634521484375
[2025-11-02T11:36:26.008] [INFO] debug-file - UP-TO-DATE :entry:default@GeneratePkgModuleJson...  
[2025-11-02T11:36:26.009] [DEBUG] debug-file - Executing task :entry:default@ProcessCompiledResources
[2025-11-02T11:36:26.009] [DEBUG] debug-file - File: 'F:\DevEcoStudioProjects\Rdb-master\entry\build\default\intermediates\preload\default\preload.json' from 'preloadSoJsonPath' is not exists, just ignore.
[2025-11-02T11:36:26.010] [DEBUG] debug-file - Task 'entry:default@ProcessCompiledResources' cost while wrapping incremental declarations: 1 ms 
[2025-11-02T11:36:26.010] [DEBUG] debug-file - entry : default@ProcessCompiledResources cost memory 0.06341552734375
[2025-11-02T11:36:26.010] [DEBUG] debug-file - runTaskFromQueue task cost before running: 421 ms 
[2025-11-02T11:36:26.010] [INFO] debug-file - Finished :entry:default@ProcessCompiledResources... after 1 ms 
[2025-11-02T11:36:26.013] [DEBUG] debug-file - Executing task :entry:default@PackageHap
[2025-11-02T11:36:26.049] [DEBUG] debug-file - Incremental task entry:default@PackageHap pre-execution cost: 34 ms .
[2025-11-02T11:36:26.049] [DEBUG] debug-file - entry : default@PackageHap cost memory 0.6068954467773438
[2025-11-02T11:36:26.051] [INFO] debug-file - UP-TO-DATE :entry:default@PackageHap...  
[2025-11-02T11:36:26.054] [DEBUG] debug-file - Executing task :entry:default@PackingCheck
[2025-11-02T11:36:26.064] [DEBUG] debug-file - entry : default@PackingCheck cost memory 0.37711334228515625
[2025-11-02T11:36:26.064] [DEBUG] debug-file - runTaskFromQueue task cost before running: 475 ms 
[2025-11-02T11:36:26.065] [INFO] debug-file - Finished :entry:default@PackingCheck... after 11 ms 
[2025-11-02T11:36:26.068] [DEBUG] debug-file - Executing task :entry:default@SignHap
[2025-11-02T11:36:26.068] [WARN] debug-file - Will skip sign 'hos_hap'. No signingConfigs profile is configured in current project.
             If needed, configure the signingConfigs in F:\DevEcoStudioProjects\Rdb-master\build-profile.json5.
[2025-11-02T11:36:26.070] [DEBUG] debug-file - entry:default@SignHap is not up-to-date, since the output file 'F:\DevEcoStudioProjects\Rdb-master\entry\build\default\outputs\default\entry-default-signed.hap' does not exist.
[2025-11-02T11:36:26.070] [DEBUG] debug-file - Incremental task entry:default@SignHap pre-execution cost: 2 ms .
[2025-11-02T11:36:26.071] [DEBUG] debug-file - entry : default@SignHap cost memory 0.100738525390625
[2025-11-02T11:36:26.071] [DEBUG] debug-file - runTaskFromQueue task cost before running: 481 ms 
[2025-11-02T11:36:26.072] [INFO] debug-file - Finished :entry:default@SignHap... after 4 ms 
[2025-11-02T11:36:26.074] [DEBUG] debug-file - Executing task :entry:default@CollectDebugSymbol
[2025-11-02T11:36:26.076] [DEBUG] debug-file - entry : default@CollectDebugSymbol cost memory 0.08869171142578125
[2025-11-02T11:36:26.076] [DEBUG] debug-file - runTaskFromQueue task cost before running: 487 ms 
[2025-11-02T11:36:26.077] [INFO] debug-file - Finished :entry:default@CollectDebugSymbol... after 3 ms 
[2025-11-02T11:36:26.077] [DEBUG] debug-file - Executing task :entry:assembleHap
[2025-11-02T11:36:26.077] [DEBUG] debug-file - entry : assembleHap cost memory 0.01428985595703125
[2025-11-02T11:36:26.077] [DEBUG] debug-file - runTaskFromQueue task cost before running: 488 ms 
[2025-11-02T11:36:26.078] [INFO] debug-file - Finished :entry:assembleHap... after 1 ms 
[2025-11-02T11:36:26.094] [INFO] debug-file - BUILD SUCCESSFUL in 505 ms 
[2025-11-02T11:36:26.095] [DEBUG] debug-file - There is no need to refresh cache, since the incremental task entry:default@PreBuild is up-to-date.
[2025-11-02T11:36:26.095] [DEBUG] debug-file - Update task entry:default@CreateModuleInfo output file:F:\DevEcoStudioProjects\Rdb-master\entry\build\default\generated\profile\default\ModuleInfo.ts cache.
[2025-11-02T11:36:26.096] [DEBUG] debug-file - Incremental task entry:default@CreateModuleInfo post-execution cost:1 ms .
[2025-11-02T11:36:26.096] [DEBUG] debug-file - There is no need to refresh cache, since the incremental task entry:default@GenerateMetadata is up-to-date.
[2025-11-02T11:36:26.096] [DEBUG] debug-file - There is no need to refresh cache, since the incremental task entry:default@MergeProfile is up-to-date.
[2025-11-02T11:36:26.096] [DEBUG] debug-file - There is no need to refresh cache, since the incremental task entry:default@CreateBuildProfile is up-to-date.
[2025-11-02T11:36:26.096] [DEBUG] debug-file - Update task entry:default@GeneratePkgContextInfo output file:F:\DevEcoStudioProjects\Rdb-master\entry\build\default\intermediates\loader\default\pkgContextInfo.json cache.
[2025-11-02T11:36:26.097] [DEBUG] debug-file - Incremental task entry:default@GeneratePkgContextInfo post-execution cost:1 ms .
[2025-11-02T11:36:26.097] [DEBUG] debug-file - Update task entry:default@ProcessIntegratedHsp output file:F:\DevEcoStudioProjects\Rdb-master\build\cache\default\integrated_hsp\integratedHspCache.json cache.
[2025-11-02T11:36:26.097] [DEBUG] debug-file - Incremental task entry:default@ProcessIntegratedHsp post-execution cost:1 ms .
[2025-11-02T11:36:26.097] [DEBUG] debug-file - There is no need to refresh cache, since the incremental task entry:default@MakePackInfo is up-to-date.
[2025-11-02T11:36:26.097] [DEBUG] debug-file - Update task entry:default@SyscapTransform input file:F:\deveco\DevEco Studio\sdk\default\openharmony\toolchains\syscap_tool.exe cache by regenerate.
[2025-11-02T11:36:26.098] [DEBUG] debug-file - Update task entry:default@SyscapTransform input file:F:\deveco\DevEco Studio\sdk\default\openharmony\ets\api\device-define cache by regenerate.
[2025-11-02T11:36:26.102] [DEBUG] debug-file - Update task entry:default@SyscapTransform output file:F:\DevEcoStudioProjects\Rdb-master\entry\build\default\intermediates\syscap\default\rpcid.sc cache.
[2025-11-02T11:36:26.103] [DEBUG] debug-file - Incremental task entry:default@SyscapTransform post-execution cost:6 ms .
[2025-11-02T11:36:26.103] [DEBUG] debug-file - There is no need to refresh cache, since the incremental task entry:default@ProcessProfile is up-to-date.
[2025-11-02T11:36:26.103] [DEBUG] debug-file - There is no need to refresh cache, since the incremental task entry:default@ProcessRouterMap is up-to-date.
[2025-11-02T11:36:26.103] [DEBUG] debug-file - There is no need to refresh cache, since the incremental task entry:default@ProcessShareConfig is up-to-date.
[2025-11-02T11:36:26.103] [DEBUG] debug-file - Update task entry:default@ProcessStartupConfig output file:F:\DevEcoStudioProjects\Rdb-master\entry\build\default\intermediates\startup\default\startup_config.json cache.
[2025-11-02T11:36:26.104] [DEBUG] debug-file - Incremental task entry:default@ProcessStartupConfig post-execution cost:1 ms .
[2025-11-02T11:36:26.104] [DEBUG] debug-file - There is no need to refresh cache, since the incremental task entry:default@ProcessResource is up-to-date.
[2025-11-02T11:36:26.104] [DEBUG] debug-file - There is no need to refresh cache, since the incremental task entry:default@GenerateLoaderJson is up-to-date.
[2025-11-02T11:36:26.104] [DEBUG] debug-file - There is no need to refresh cache, since the incremental task entry:default@ProcessLibs is up-to-date.
[2025-11-02T11:36:26.104] [DEBUG] debug-file - There is no need to refresh cache, since the incremental task entry:default@CompileResource is up-to-date.
[2025-11-02T11:36:26.104] [DEBUG] debug-file - There is no need to refresh cache, since the incremental task entry:default@DoNativeStrip is up-to-date.
[2025-11-02T11:36:26.104] [DEBUG] debug-file - There is no need to refresh cache, since the incremental task entry:default@CompileArkTS is up-to-date.
[2025-11-02T11:36:26.106] [DEBUG] debug-file - Update task entry:default@BuildJS input file:F:\DevEcoStudioProjects\Rdb-master\entry\build\default\intermediates\loader\default cache by regenerate.
[2025-11-02T11:36:26.108] [DEBUG] debug-file - Update task entry:default@BuildJS input file:F:\DevEcoStudioProjects\Rdb-master\entry\build\default\intermediates\res\default\resources\rawfile cache by regenerate.
[2025-11-02T11:36:26.121] [DEBUG] debug-file - Update task entry:default@BuildJS input file:F:\DevEcoStudioProjects\Rdb-master\entry\build\default\intermediates\res\default\ResourceTable.txt cache by regenerate.
[2025-11-02T11:36:26.122] [DEBUG] debug-file - Update task entry:default@BuildJS input file:F:\DevEcoStudioProjects\Rdb-master\entry\build\default\intermediates\res\default\ark_module.json cache by regenerate.
[2025-11-02T11:36:26.123] [DEBUG] debug-file - Update task entry:default@BuildJS input file:F:\DevEcoStudioProjects\Rdb-master\entry\build\default\intermediates\res\default\resources\base\profile cache by regenerate.
[2025-11-02T11:36:26.125] [DEBUG] debug-file - Update task entry:default@BuildJS output file:F:\DevEcoStudioProjects\Rdb-master\entry\build\default\intermediates\loader_out\default\js cache.
[2025-11-02T11:36:26.125] [DEBUG] debug-file - Incremental task entry:default@BuildJS post-execution cost:21 ms .
[2025-11-02T11:36:26.125] [DEBUG] debug-file - There is no need to refresh cache, since the incremental task entry:default@CacheNativeLibs is up-to-date.
[2025-11-02T11:36:26.125] [DEBUG] debug-file - There is no need to refresh cache, since the incremental task entry:default@GeneratePkgModuleJson is up-to-date.
[2025-11-02T11:36:26.125] [DEBUG] debug-file - Incremental task entry:default@ProcessCompiledResources post-execution cost:1 ms .
[2025-11-02T11:36:26.125] [DEBUG] debug-file - There is no need to refresh cache, since the incremental task entry:default@PackageHap is up-to-date.
[2025-11-02T11:36:26.126] [DEBUG] debug-file - Update task entry:default@SignHap input file:F:\DevEcoStudioProjects\Rdb-master\entry\build\default\outputs\default\entry-default-unsigned.hap cache by regenerate.
[2025-11-02T11:36:26.127] [DEBUG] debug-file - Update task entry:default@SignHap output file:F:\DevEcoStudioProjects\Rdb-master\entry\build\default\outputs\default\entry-default-signed.hap cache.
[2025-11-02T11:36:26.127] [DEBUG] debug-file - Incremental task entry:default@SignHap post-execution cost:2 ms .
[2025-11-02T11:36:26.128] [DEBUG] debug-file - Update task entry:default@CollectDebugSymbol input file:F:\DevEcoStudioProjects\Rdb-master\entry\build\default\intermediates\loader_out\default\ets\sourceMaps.map cache by regenerate.
[2025-11-02T11:36:26.129] [DEBUG] debug-file - Update task entry:default@CollectDebugSymbol input file:F:\DevEcoStudioProjects\Rdb-master\entry\build\default\intermediates\libs\default cache by regenerate.
[2025-11-02T11:36:26.129] [DEBUG] debug-file - Update task entry:default@CollectDebugSymbol output file:F:\DevEcoStudioProjects\Rdb-master\entry\build\default\outputs\default\symbol cache.
[2025-11-02T11:36:26.130] [DEBUG] debug-file - Incremental task entry:default@CollectDebugSymbol post-execution cost:3 ms .
[2025-11-02T11:36:26.158] [DEBUG] debug-file - There's no busy workers and idle workers need cleanup.
[2025-11-02T11:36:26.159] [DEBUG] debug-file - hvigor build process will be closed.
[2025-11-02T11:36:26.174] [DEBUG] debug-file - session manager: send message to worker process.
[2025-11-02T11:36:26.176] [DEBUG] debug-file - session manager: send message to worker process.
[2025-11-02T11:36:26.175] [DEBUG] debug-file - watch worker: worker id should be larger than 0. Nothing will be sent to any worker thread.
[2025-11-02T11:36:26.176] [DEBUG] debug-file - watch worker: worker id should be larger than 0. Nothing will be sent to any worker thread.
[2025-11-02T11:45:01.501] [DEBUG] debug-file - session manager: set active socket. socketId=HWFJTmA8Tt8ElD09AAAF
[2025-11-02T11:45:01.525] [DEBUG] debug-file - watch worker: worker id should be larger than 0. Nothing will be sent to any worker thread.
[2025-11-02T11:45:01.536] [DEBUG] debug-file - Hvigor init with startParameters:{
  hvigorfileTypeCheck: false,
  parallelExecution: true,
  incrementalExecution: true,
  printStackTrace: false,
  daemon: true,
  analyze: 0,
  logLevel: Level { level: 20000, levelStr: 'INFO', colour: 'green' },
  optimizationStrategy: 'memory',
  hotCompile: undefined,
  hotReloadBuild: undefined
}
[2025-11-02T11:45:01.544] [DEBUG] debug-file - Cache service initialization finished in 8 ms 
[2025-11-02T11:45:01.546] [DEBUG] debug-file - hvigorfile, resolving F:\DevEcoStudioProjects\Rdb-master\hvigorfile.ts
[2025-11-02T11:45:01.558] [DEBUG] debug-file - hvigorfile, require result:  {}
[2025-11-02T11:45:01.558] [DEBUG] debug-file - hvigorfile, binding system plugins {}
[2025-11-02T11:45:01.566] [DEBUG] debug-file - Start initialize project's product build option map with build mode debug.
[2025-11-02T11:45:01.567] [DEBUG] debug-file - Picking option from product 'default' with build mode 'debug'.
[2025-11-02T11:45:01.567] [DEBUG] debug-file - Product 'default' build option initialized
[2025-11-02T11:45:01.567] [DEBUG] debug-file - End initialize project's product build option map with build mode 'debug'.
[2025-11-02T11:45:01.569] [DEBUG] debug-file - Obtain build option for product 'default'in this build.
[2025-11-02T11:45:01.571] [DEBUG] debug-file - No signingConfig found, initRemoteHspCache failed.
[2025-11-02T11:45:01.577] [DEBUG] debug-file - Start recording SDK configuration permission data.
[2025-11-02T11:45:01.606] [DEBUG] debug-file - Sdk init in 34 ms 
[2025-11-02T11:45:01.610] [DEBUG] debug-file - Project task initialization takes 4 ms 
[2025-11-02T11:45:01.610] [DEBUG] debug-file - hvigorfile, resolve finished F:\DevEcoStudioProjects\Rdb-master\hvigorfile.ts
[2025-11-02T11:45:01.611] [DEBUG] debug-file - hvigorfile, resolving F:\DevEcoStudioProjects\Rdb-master\entry\hvigorfile.ts
[2025-11-02T11:45:01.615] [DEBUG] debug-file - hvigorfile, require result:  {}
[2025-11-02T11:45:01.615] [DEBUG] debug-file - hvigorfile, binding system plugins {}
[2025-11-02T11:45:01.618] [DEBUG] debug-file - failed to load cangjie to dynamically generate schemas: Error: Cannot find module '@ohos/cangjie-build-support/index'
Require stack:
- F:\deveco\DevEco Studio\tools\hvigor\hvigor-ohos-plugin\src\plugin\factory\plugin-factory.js
- F:\deveco\DevEco Studio\tools\hvigor\hvigor-ohos-plugin\index.js
- F:\DevEcoStudioProjects\Rdb-master\hvigorfile.ts
- F:\deveco\DevEco Studio\tools\hvigor\hvigor\src\base\internal\lifecycle\configuration.js
- F:\deveco\DevEco Studio\tools\hvigor\hvigor\src\base\boot\index.js
- F:\deveco\DevEco Studio\tools\hvigor\hvigor\src\base\daemon\cluster\worker-process-lifecycle.js
- F:\deveco\DevEco Studio\tools\hvigor\hvigor\src\base\daemon\process\daemon-process-boot-script.js
[2025-11-02T11:45:01.621] [DEBUG] debug-file - Start initialize module-target build option map, moduleName=entry, buildMode=release
[2025-11-02T11:45:01.621] [DEBUG] debug-file - Target 'default' config initialized
[2025-11-02T11:45:01.622] [DEBUG] debug-file - Module 'entry' target 'default' build option initialized
[2025-11-02T11:45:01.622] [DEBUG] debug-file - End initialize module-target build option map, moduleName=entry
[2025-11-02T11:45:01.622] [DEBUG] debug-file - Start initialize module-target build option map, moduleName=entry, buildMode=debug
[2025-11-02T11:45:01.622] [DEBUG] debug-file - Target 'default' config initialized
[2025-11-02T11:45:01.622] [DEBUG] debug-file - Module 'entry' target 'default' build option initialized
[2025-11-02T11:45:01.622] [DEBUG] debug-file - End initialize module-target build option map, moduleName=entry
[2025-11-02T11:45:01.622] [DEBUG] debug-file - Start initialize module-target build option map, moduleName=entry, buildMode=debug
[2025-11-02T11:45:01.622] [DEBUG] debug-file - Target 'default' config initialized
[2025-11-02T11:45:01.623] [DEBUG] debug-file - Module 'entry' target 'default' build option initialized
[2025-11-02T11:45:01.623] [DEBUG] debug-file - End initialize module-target build option map, moduleName=entry
[2025-11-02T11:45:01.623] [DEBUG] debug-file - Obtain build option for module 'entry' target 'default'in this build.
[2025-11-02T11:45:01.624] [DEBUG] debug-file - Module entry task initialization takes 1 ms 
[2025-11-02T11:45:01.624] [DEBUG] debug-file - hvigorfile, resolve finished F:\DevEcoStudioProjects\Rdb-master\entry\hvigorfile.ts
[2025-11-02T11:45:01.642] [DEBUG] debug-file - hvigorfile, resolve hvigorfile dependencies in 17 ms 
[2025-11-02T11:45:01.642] [DEBUG] debug-file - project has submodules:entry
[2025-11-02T11:45:01.644] [DEBUG] debug-file - start to load updatedOhPackageInfo to the disk
[2025-11-02T11:45:01.657] [DEBUG] debug-file - load to the disk finished
[2025-11-02T11:45:01.659] [DEBUG] debug-file - Start to initialize dependency information.
[2025-11-02T11:45:01.661] [DEBUG] debug-file - Module Rdb-master Collected Dependency: 
[2025-11-02T11:45:01.661] [DEBUG] debug-file - Module Rdb-master's total dependency: 0
[2025-11-02T11:45:01.662] [DEBUG] debug-file - Start to initialize dependency information.
[2025-11-02T11:45:01.667] [DEBUG] debug-file - Module entry Collected Dependency: 
[2025-11-02T11:45:01.667] [DEBUG] debug-file - Module entry's total dependency: 0
[2025-11-02T11:45:01.670] [DEBUG] debug-file - Configuration phase cost:126 ms 
[2025-11-02T11:45:01.671] [DEBUG] debug-file - Configuration task cost before running: 139 ms 
[2025-11-02T11:45:01.677] [DEBUG] debug-file - Executing task :entry:default@PreBuild
[2025-11-02T11:45:01.678] [DEBUG] debug-file - Task 'entry:default@PreBuild' cost while wrapping incremental declarations: 1 ms 
[2025-11-02T11:45:01.696] [DEBUG] debug-file - Incremental task entry:default@PreBuild pre-execution cost: 14 ms .
[2025-11-02T11:45:01.696] [DEBUG] debug-file - entry : default@PreBuild cost memory 0.34314727783203125
[2025-11-02T11:45:01.700] [INFO] debug-file - UP-TO-DATE :entry:default@PreBuild...  
[2025-11-02T11:45:01.701] [DEBUG] debug-file - Executing task :entry:default@CreateModuleInfo
[2025-11-02T11:45:01.701] [DEBUG] debug-file - Task 'entry:default@CreateModuleInfo' cost while wrapping incremental declarations: 1 ms 
[2025-11-02T11:45:01.702] [DEBUG] debug-file - entry : default@CreateModuleInfo cost memory 0.04347991943359375
[2025-11-02T11:45:01.702] [DEBUG] debug-file - runTaskFromQueue task cost before running: 170 ms 
[2025-11-02T11:45:01.702] [INFO] debug-file - Finished :entry:default@CreateModuleInfo... after 1 ms 
[2025-11-02T11:45:01.703] [DEBUG] debug-file - Executing task :entry:default@GenerateMetadata
[2025-11-02T11:45:01.704] [DEBUG] debug-file - Task 'entry:default@GenerateMetadata' cost while wrapping incremental declarations: 1 ms 
[2025-11-02T11:45:01.705] [DEBUG] debug-file - Incremental task entry:default@GenerateMetadata pre-execution cost: 2 ms .
[2025-11-02T11:45:01.706] [DEBUG] debug-file - entry : default@GenerateMetadata cost memory 0.30511474609375
[2025-11-02T11:45:01.706] [INFO] debug-file - UP-TO-DATE :entry:default@GenerateMetadata...  
[2025-11-02T11:45:01.707] [DEBUG] debug-file - Executing task :entry:default@ConfigureCmake
[2025-11-02T11:45:01.708] [DEBUG] debug-file - entry : default@ConfigureCmake cost memory 0.0161590576171875
[2025-11-02T11:45:01.708] [DEBUG] debug-file - runTaskFromQueue task cost before running: 176 ms 
[2025-11-02T11:45:01.708] [INFO] debug-file - Finished :entry:default@ConfigureCmake... after 1 ms 
[2025-11-02T11:45:01.710] [DEBUG] debug-file - Executing task :entry:default@MergeProfile
[2025-11-02T11:45:01.711] [DEBUG] debug-file - Task 'entry:default@MergeProfile' cost while wrapping incremental declarations: 1 ms 
[2025-11-02T11:45:01.715] [DEBUG] debug-file - Incremental task entry:default@MergeProfile pre-execution cost: 4 ms .
[2025-11-02T11:45:01.715] [DEBUG] debug-file - entry : default@MergeProfile cost memory -1.58099365234375
[2025-11-02T11:45:01.716] [INFO] debug-file - UP-TO-DATE :entry:default@MergeProfile...  
[2025-11-02T11:45:01.718] [DEBUG] debug-file - Executing task :entry:default@CreateBuildProfile
[2025-11-02T11:45:01.719] [DEBUG] debug-file - Task 'entry:default@CreateBuildProfile' cost while wrapping incremental declarations: 1 ms 
[2025-11-02T11:45:01.722] [DEBUG] debug-file - Incremental task entry:default@CreateBuildProfile pre-execution cost: 3 ms .
[2025-11-02T11:45:01.722] [DEBUG] debug-file - entry : default@CreateBuildProfile cost memory 0.09850311279296875
[2025-11-02T11:45:01.722] [INFO] debug-file - UP-TO-DATE :entry:default@CreateBuildProfile...  
[2025-11-02T11:45:01.724] [DEBUG] debug-file - Executing task :entry:default@PreCheckSyscap
[2025-11-02T11:45:01.724] [DEBUG] debug-file - entry : default@PreCheckSyscap cost memory 0.01638031005859375
[2025-11-02T11:45:01.725] [DEBUG] debug-file - runTaskFromQueue task cost before running: 192 ms 
[2025-11-02T11:45:01.725] [INFO] debug-file - Finished :entry:default@PreCheckSyscap... after 1 ms 
[2025-11-02T11:45:01.728] [DEBUG] debug-file - Executing task :entry:default@GeneratePkgContextInfo
[2025-11-02T11:45:01.734] [DEBUG] debug-file - Task 'entry:default@GeneratePkgContextInfo' cost while wrapping incremental declarations: 1 ms 
[2025-11-02T11:45:01.735] [DEBUG] debug-file - entry : default@GeneratePkgContextInfo cost memory 0.22161102294921875
[2025-11-02T11:45:01.735] [DEBUG] debug-file - runTaskFromQueue task cost before running: 203 ms 
[2025-11-02T11:45:01.735] [INFO] debug-file - Finished :entry:default@GeneratePkgContextInfo... after 7 ms 
[2025-11-02T11:45:01.741] [DEBUG] debug-file - Executing task :entry:default@ProcessIntegratedHsp
[2025-11-02T11:45:01.741] [DEBUG] debug-file - entry:default@ProcessIntegratedHsp is not up-to-date, since the output file 'F:\DevEcoStudioProjects\Rdb-master\build\cache\default\integrated_hsp\integratedHspCache.json' does not exist.
[2025-11-02T11:45:01.741] [DEBUG] debug-file - Incremental task entry:default@ProcessIntegratedHsp pre-execution cost: 1 ms .
[2025-11-02T11:45:01.741] [DEBUG] debug-file - entry : default@ProcessIntegratedHsp cost memory 0.0616302490234375
[2025-11-02T11:45:01.741] [DEBUG] debug-file - runTaskFromQueue task cost before running: 209 ms 
[2025-11-02T11:45:01.741] [INFO] debug-file - Finished :entry:default@ProcessIntegratedHsp... after 1 ms 
[2025-11-02T11:45:01.743] [DEBUG] debug-file - Executing task :entry:default@BuildNativeWithCmake
[2025-11-02T11:45:01.743] [DEBUG] debug-file - entry : default@BuildNativeWithCmake cost memory 0.01720428466796875
[2025-11-02T11:45:01.743] [DEBUG] debug-file - runTaskFromQueue task cost before running: 211 ms 
[2025-11-02T11:45:01.744] [INFO] debug-file - Finished :entry:default@BuildNativeWithCmake... after 1 ms 
[2025-11-02T11:45:01.746] [DEBUG] debug-file - Executing task :entry:default@MakePackInfo
[2025-11-02T11:45:01.750] [DEBUG] debug-file - Incremental task entry:default@MakePackInfo pre-execution cost: 3 ms .
[2025-11-02T11:45:01.750] [DEBUG] debug-file - entry : default@MakePackInfo cost memory 0.107666015625
[2025-11-02T11:45:01.750] [INFO] debug-file - UP-TO-DATE :entry:default@MakePackInfo...  
[2025-11-02T11:45:01.752] [DEBUG] debug-file - Executing task :entry:default@SyscapTransform
[2025-11-02T11:45:01.752] [DEBUG] debug-file - File: 'F:\DevEcoStudioProjects\Rdb-master\entry\src\main\syscap.json' from 'sysCapJsonPath' is not exists, just ignore.
[2025-11-02T11:45:01.753] [DEBUG] debug-file - Task 'entry:default@SyscapTransform' cost while wrapping incremental declarations: 2 ms 
[2025-11-02T11:45:01.758] [DEBUG] debug-file - entry:default@SyscapTransform is not up-to-date, since the output file 'F:\DevEcoStudioProjects\Rdb-master\entry\build\default\intermediates\syscap\default\rpcid.sc' does not exist.
[2025-11-02T11:45:01.759] [DEBUG] debug-file - Incremental task entry:default@SyscapTransform pre-execution cost: 6 ms .
[2025-11-02T11:45:01.759] [DEBUG] debug-file - entry : default@SyscapTransform cost memory 0.1583251953125
[2025-11-02T11:45:01.759] [DEBUG] debug-file - runTaskFromQueue task cost before running: 227 ms 
[2025-11-02T11:45:01.760] [INFO] debug-file - Finished :entry:default@SyscapTransform... after 8 ms 
[2025-11-02T11:45:01.763] [DEBUG] debug-file - Executing task :entry:default@ProcessProfile
[2025-11-02T11:45:01.765] [DEBUG] debug-file - Task 'entry:default@ProcessProfile' cost while wrapping incremental declarations: 1 ms 
[2025-11-02T11:45:01.767] [DEBUG] debug-file - Incremental task entry:default@ProcessProfile pre-execution cost: 2 ms .
[2025-11-02T11:45:01.767] [DEBUG] debug-file - entry : default@ProcessProfile cost memory 0.13454437255859375
[2025-11-02T11:45:01.767] [INFO] debug-file - UP-TO-DATE :entry:default@ProcessProfile...  
[2025-11-02T11:45:01.769] [DEBUG] debug-file - Executing task :entry:default@ProcessRouterMap
[2025-11-02T11:45:01.773] [DEBUG] debug-file - Incremental task entry:default@ProcessRouterMap pre-execution cost: 5 ms .
[2025-11-02T11:45:01.774] [DEBUG] debug-file - entry : default@ProcessRouterMap cost memory 0.1243896484375
[2025-11-02T11:45:01.774] [INFO] debug-file - UP-TO-DATE :entry:default@ProcessRouterMap...  
[2025-11-02T11:45:01.776] [DEBUG] debug-file - Executing task :entry:default@ProcessShareConfig
[2025-11-02T11:45:01.781] [DEBUG] debug-file - Incremental task entry:default@ProcessShareConfig pre-execution cost: 5 ms .
[2025-11-02T11:45:01.781] [DEBUG] debug-file - entry : default@ProcessShareConfig cost memory 0.1087799072265625
[2025-11-02T11:45:01.783] [INFO] debug-file - UP-TO-DATE :entry:default@ProcessShareConfig...  
[2025-11-02T11:45:01.785] [DEBUG] debug-file - Executing task :entry:default@ProcessStartupConfig
[2025-11-02T11:45:01.785] [DEBUG] debug-file - Task 'entry:default@ProcessStartupConfig' cost while wrapping incremental declarations: 1 ms 
[2025-11-02T11:45:01.786] [DEBUG] debug-file - entry:default@ProcessStartupConfig is not up-to-date, since the output file 'F:\DevEcoStudioProjects\Rdb-master\entry\build\default\intermediates\startup\default\startup_config.json' does not exist.
[2025-11-02T11:45:01.786] [DEBUG] debug-file - Incremental task entry:default@ProcessStartupConfig pre-execution cost: 1 ms .
[2025-11-02T11:45:01.786] [DEBUG] debug-file - entry : default@ProcessStartupConfig cost memory 0.0992584228515625
[2025-11-02T11:45:01.787] [DEBUG] debug-file - runTaskFromQueue task cost before running: 255 ms 
[2025-11-02T11:45:01.787] [INFO] debug-file - Finished :entry:default@ProcessStartupConfig... after 2 ms 
[2025-11-02T11:45:01.789] [DEBUG] debug-file - Executing task :entry:default@BuildNativeWithNinja
[2025-11-02T11:45:01.789] [DEBUG] debug-file - entry : default@BuildNativeWithNinja cost memory 0.02310943603515625
[2025-11-02T11:45:01.789] [DEBUG] debug-file - runTaskFromQueue task cost before running: 257 ms 
[2025-11-02T11:45:01.790] [INFO] debug-file - Finished :entry:default@BuildNativeWithNinja... after 1 ms 
[2025-11-02T11:45:01.792] [DEBUG] debug-file - restool module names: entry; moduleName=entry, taskName=default@ProcessResource
[2025-11-02T11:45:01.794] [DEBUG] debug-file - Executing task :entry:default@ProcessResource
[2025-11-02T11:45:01.794] [DEBUG] debug-file - Task 'entry:default@ProcessResource' cost while wrapping incremental declarations: 1 ms 
[2025-11-02T11:45:01.796] [DEBUG] debug-file - Incremental task entry:default@ProcessResource pre-execution cost: 2 ms .
[2025-11-02T11:45:01.796] [DEBUG] debug-file - entry : default@ProcessResource cost memory 0.1321868896484375
[2025-11-02T11:45:01.800] [INFO] debug-file - UP-TO-DATE :entry:default@ProcessResource...  
[2025-11-02T11:45:01.802] [DEBUG] debug-file - Executing task :entry:default@GenerateLoaderJson
[2025-11-02T11:45:01.803] [DEBUG] debug-file - Task 'entry:default@GenerateLoaderJson' cost while wrapping incremental declarations: 1 ms 
[2025-11-02T11:45:01.818] [DEBUG] debug-file - Incremental task entry:default@GenerateLoaderJson pre-execution cost: 11 ms .
[2025-11-02T11:45:01.818] [DEBUG] debug-file - entry : default@GenerateLoaderJson cost memory -1.1743011474609375
[2025-11-02T11:45:01.824] [INFO] debug-file - UP-TO-DATE :entry:default@GenerateLoaderJson...  
[2025-11-02T11:45:01.825] [DEBUG] debug-file - Executing task :entry:default@ProcessLibs
[2025-11-02T11:45:01.830] [DEBUG] debug-file - Incremental task entry:default@ProcessLibs pre-execution cost: 4 ms .
[2025-11-02T11:45:01.830] [DEBUG] debug-file - entry : default@ProcessLibs cost memory 0.101531982421875
[2025-11-02T11:45:01.831] [INFO] debug-file - UP-TO-DATE :entry:default@ProcessLibs...  
[2025-11-02T11:45:01.833] [DEBUG] debug-file - restool module names: entry; moduleName=entry, taskName=default@CompileResource
[2025-11-02T11:45:01.834] [DEBUG] debug-file - Executing task :entry:default@CompileResource
[2025-11-02T11:45:01.884] [DEBUG] debug-file - Incremental task entry:default@CompileResource pre-execution cost: 48 ms .
[2025-11-02T11:45:01.884] [DEBUG] debug-file - entry : default@CompileResource cost memory 0.9250869750976562
[2025-11-02T11:45:01.886] [INFO] debug-file - UP-TO-DATE :entry:default@CompileResource...  
[2025-11-02T11:45:01.888] [DEBUG] debug-file - Executing task :entry:default@DoNativeStrip
[2025-11-02T11:45:01.889] [DEBUG] debug-file - Task 'entry:default@DoNativeStrip' cost while wrapping incremental declarations: 1 ms 
[2025-11-02T11:45:01.890] [DEBUG] debug-file - Incremental task entry:default@DoNativeStrip pre-execution cost: 2 ms .
[2025-11-02T11:45:01.890] [DEBUG] debug-file - entry : default@DoNativeStrip cost memory 0.08184051513671875
[2025-11-02T11:45:01.891] [INFO] debug-file - UP-TO-DATE :entry:default@DoNativeStrip...  
[2025-11-02T11:45:01.892] [DEBUG] debug-file - Executing task :entry:default@CompileArkTS
[2025-11-02T11:45:01.893] [DEBUG] debug-file - obfuscationOptions: undefined
[2025-11-02T11:45:01.929] [DEBUG] debug-file - Incremental task entry:default@CompileArkTS pre-execution cost: 27 ms .
[2025-11-02T11:45:01.929] [DEBUG] debug-file - entry : default@CompileArkTS cost memory 0.6686553955078125
[2025-11-02T11:45:01.932] [INFO] debug-file - UP-TO-DATE :entry:default@CompileArkTS...  
[2025-11-02T11:45:01.933] [DEBUG] debug-file - Executing task :entry:default@BuildJS
[2025-11-02T11:45:01.937] [DEBUG] debug-file - entry : default@BuildJS cost memory 0.117919921875
[2025-11-02T11:45:01.937] [DEBUG] debug-file - runTaskFromQueue task cost before running: 405 ms 
[2025-11-02T11:45:01.938] [INFO] debug-file - Finished :entry:default@BuildJS... after 4 ms 
[2025-11-02T11:45:01.939] [DEBUG] debug-file - Executing task :entry:default@CacheNativeLibs
[2025-11-02T11:45:01.940] [DEBUG] debug-file - Task 'entry:default@CacheNativeLibs' cost while wrapping incremental declarations: 1 ms 
[2025-11-02T11:45:01.942] [DEBUG] debug-file - Incremental task entry:default@CacheNativeLibs pre-execution cost: 3 ms .
[2025-11-02T11:45:01.942] [DEBUG] debug-file - entry : default@CacheNativeLibs cost memory 0.095916748046875
[2025-11-02T11:45:01.942] [INFO] debug-file - UP-TO-DATE :entry:default@CacheNativeLibs...  
[2025-11-02T11:45:01.944] [DEBUG] debug-file - Executing task :entry:default@GeneratePkgModuleJson
[2025-11-02T11:45:01.944] [DEBUG] debug-file - File: 'F:\DevEcoStudioProjects\Rdb-master\entry\build\default\intermediates\preload\default\preload.json' from 'preloadSoJsonPath' is not exists, just ignore.
[2025-11-02T11:45:01.944] [DEBUG] debug-file - Task 'entry:default@GeneratePkgModuleJson' cost while wrapping incremental declarations: 1 ms 
[2025-11-02T11:45:01.946] [DEBUG] debug-file - Incremental task entry:default@GeneratePkgModuleJson pre-execution cost: 2 ms .
[2025-11-02T11:45:01.946] [DEBUG] debug-file - entry : default@GeneratePkgModuleJson cost memory 0.09307098388671875
[2025-11-02T11:45:01.946] [INFO] debug-file - UP-TO-DATE :entry:default@GeneratePkgModuleJson...  
[2025-11-02T11:45:01.947] [DEBUG] debug-file - Executing task :entry:default@ProcessCompiledResources
[2025-11-02T11:45:01.947] [DEBUG] debug-file - File: 'F:\DevEcoStudioProjects\Rdb-master\entry\build\default\intermediates\preload\default\preload.json' from 'preloadSoJsonPath' is not exists, just ignore.
[2025-11-02T11:45:01.947] [DEBUG] debug-file - Task 'entry:default@ProcessCompiledResources' cost while wrapping incremental declarations: 1 ms 
[2025-11-02T11:45:01.948] [DEBUG] debug-file - entry : default@ProcessCompiledResources cost memory 0.0633087158203125
[2025-11-02T11:45:01.948] [DEBUG] debug-file - runTaskFromQueue task cost before running: 416 ms 
[2025-11-02T11:45:01.948] [INFO] debug-file - Finished :entry:default@ProcessCompiledResources... after 1 ms 
[2025-11-02T11:45:01.951] [DEBUG] debug-file - Executing task :entry:default@PackageHap
[2025-11-02T11:45:01.974] [DEBUG] debug-file - Incremental task entry:default@PackageHap pre-execution cost: 23 ms .
[2025-11-02T11:45:01.974] [DEBUG] debug-file - entry : default@PackageHap cost memory 0.570465087890625
[2025-11-02T11:45:01.976] [INFO] debug-file - UP-TO-DATE :entry:default@PackageHap...  
[2025-11-02T11:45:01.978] [DEBUG] debug-file - Executing task :entry:default@PackingCheck
[2025-11-02T11:45:01.986] [DEBUG] debug-file - entry : default@PackingCheck cost memory 0.6382827758789062
[2025-11-02T11:45:01.987] [DEBUG] debug-file - runTaskFromQueue task cost before running: 455 ms 
[2025-11-02T11:45:01.987] [INFO] debug-file - Finished :entry:default@PackingCheck... after 10 ms 
[2025-11-02T11:45:01.989] [DEBUG] debug-file - Executing task :entry:default@SignHap
[2025-11-02T11:45:01.989] [WARN] debug-file - Will skip sign 'hos_hap'. No signingConfigs profile is configured in current project.
             If needed, configure the signingConfigs in F:\DevEcoStudioProjects\Rdb-master\build-profile.json5.
[2025-11-02T11:45:01.990] [DEBUG] debug-file - entry:default@SignHap is not up-to-date, since the output file 'F:\DevEcoStudioProjects\Rdb-master\entry\build\default\outputs\default\entry-default-signed.hap' does not exist.
[2025-11-02T11:45:01.991] [DEBUG] debug-file - Incremental task entry:default@SignHap pre-execution cost: 2 ms .
[2025-11-02T11:45:01.991] [DEBUG] debug-file - entry : default@SignHap cost memory 0.0998077392578125
[2025-11-02T11:45:01.991] [DEBUG] debug-file - runTaskFromQueue task cost before running: 459 ms 
[2025-11-02T11:45:01.991] [INFO] debug-file - Finished :entry:default@SignHap... after 3 ms 
[2025-11-02T11:45:01.993] [DEBUG] debug-file - Executing task :entry:default@CollectDebugSymbol
[2025-11-02T11:45:01.994] [DEBUG] debug-file - entry : default@CollectDebugSymbol cost memory 0.08861541748046875
[2025-11-02T11:45:01.994] [DEBUG] debug-file - runTaskFromQueue task cost before running: 462 ms 
[2025-11-02T11:45:01.994] [INFO] debug-file - Finished :entry:default@CollectDebugSymbol... after 2 ms 
[2025-11-02T11:45:01.994] [DEBUG] debug-file - Executing task :entry:assembleHap
[2025-11-02T11:45:01.995] [DEBUG] debug-file - entry : assembleHap cost memory 0.01433563232421875
[2025-11-02T11:45:01.995] [DEBUG] debug-file - runTaskFromQueue task cost before running: 463 ms 
[2025-11-02T11:45:01.995] [INFO] debug-file - Finished :entry:assembleHap... after 1 ms 
[2025-11-02T11:45:02.007] [INFO] debug-file - BUILD SUCCESSFUL in 475 ms 
[2025-11-02T11:45:02.008] [DEBUG] debug-file - There is no need to refresh cache, since the incremental task entry:default@PreBuild is up-to-date.
[2025-11-02T11:45:02.008] [DEBUG] debug-file - Update task entry:default@CreateModuleInfo output file:F:\DevEcoStudioProjects\Rdb-master\entry\build\default\generated\profile\default\ModuleInfo.ts cache.
[2025-11-02T11:45:02.008] [DEBUG] debug-file - Incremental task entry:default@CreateModuleInfo post-execution cost:1 ms .
[2025-11-02T11:45:02.008] [DEBUG] debug-file - There is no need to refresh cache, since the incremental task entry:default@GenerateMetadata is up-to-date.
[2025-11-02T11:45:02.008] [DEBUG] debug-file - There is no need to refresh cache, since the incremental task entry:default@MergeProfile is up-to-date.
[2025-11-02T11:45:02.008] [DEBUG] debug-file - There is no need to refresh cache, since the incremental task entry:default@CreateBuildProfile is up-to-date.
[2025-11-02T11:45:02.008] [DEBUG] debug-file - Update task entry:default@GeneratePkgContextInfo output file:F:\DevEcoStudioProjects\Rdb-master\entry\build\default\intermediates\loader\default\pkgContextInfo.json cache.
[2025-11-02T11:45:02.009] [DEBUG] debug-file - Incremental task entry:default@GeneratePkgContextInfo post-execution cost:1 ms .
[2025-11-02T11:45:02.009] [DEBUG] debug-file - Update task entry:default@ProcessIntegratedHsp output file:F:\DevEcoStudioProjects\Rdb-master\build\cache\default\integrated_hsp\integratedHspCache.json cache.
[2025-11-02T11:45:02.009] [DEBUG] debug-file - Incremental task entry:default@ProcessIntegratedHsp post-execution cost:1 ms .
[2025-11-02T11:45:02.009] [DEBUG] debug-file - There is no need to refresh cache, since the incremental task entry:default@MakePackInfo is up-to-date.
[2025-11-02T11:45:02.009] [DEBUG] debug-file - Update task entry:default@SyscapTransform input file:F:\deveco\DevEco Studio\sdk\default\openharmony\toolchains\syscap_tool.exe cache by regenerate.
[2025-11-02T11:45:02.009] [DEBUG] debug-file - Update task entry:default@SyscapTransform input file:F:\deveco\DevEco Studio\sdk\default\openharmony\ets\api\device-define cache by regenerate.
[2025-11-02T11:45:02.012] [DEBUG] debug-file - Update task entry:default@SyscapTransform output file:F:\DevEcoStudioProjects\Rdb-master\entry\build\default\intermediates\syscap\default\rpcid.sc cache.
[2025-11-02T11:45:02.013] [DEBUG] debug-file - Incremental task entry:default@SyscapTransform post-execution cost:4 ms .
[2025-11-02T11:45:02.013] [DEBUG] debug-file - There is no need to refresh cache, since the incremental task entry:default@ProcessProfile is up-to-date.
[2025-11-02T11:45:02.013] [DEBUG] debug-file - There is no need to refresh cache, since the incremental task entry:default@ProcessRouterMap is up-to-date.
[2025-11-02T11:45:02.013] [DEBUG] debug-file - There is no need to refresh cache, since the incremental task entry:default@ProcessShareConfig is up-to-date.
[2025-11-02T11:45:02.013] [DEBUG] debug-file - Update task entry:default@ProcessStartupConfig output file:F:\DevEcoStudioProjects\Rdb-master\entry\build\default\intermediates\startup\default\startup_config.json cache.
[2025-11-02T11:45:02.013] [DEBUG] debug-file - Incremental task entry:default@ProcessStartupConfig post-execution cost:1 ms .
[2025-11-02T11:45:02.013] [DEBUG] debug-file - There is no need to refresh cache, since the incremental task entry:default@ProcessResource is up-to-date.
[2025-11-02T11:45:02.013] [DEBUG] debug-file - There is no need to refresh cache, since the incremental task entry:default@GenerateLoaderJson is up-to-date.
[2025-11-02T11:45:02.013] [DEBUG] debug-file - There is no need to refresh cache, since the incremental task entry:default@ProcessLibs is up-to-date.
[2025-11-02T11:45:02.013] [DEBUG] debug-file - There is no need to refresh cache, since the incremental task entry:default@CompileResource is up-to-date.
[2025-11-02T11:45:02.013] [DEBUG] debug-file - There is no need to refresh cache, since the incremental task entry:default@DoNativeStrip is up-to-date.
[2025-11-02T11:45:02.013] [DEBUG] debug-file - There is no need to refresh cache, since the incremental task entry:default@CompileArkTS is up-to-date.
[2025-11-02T11:45:02.015] [DEBUG] debug-file - Update task entry:default@BuildJS input file:F:\DevEcoStudioProjects\Rdb-master\entry\build\default\intermediates\loader\default cache by regenerate.
[2025-11-02T11:45:02.016] [DEBUG] debug-file - Update task entry:default@BuildJS input file:F:\DevEcoStudioProjects\Rdb-master\entry\build\default\intermediates\res\default\resources\rawfile cache by regenerate.
[2025-11-02T11:45:02.025] [DEBUG] debug-file - Update task entry:default@BuildJS input file:F:\DevEcoStudioProjects\Rdb-master\entry\build\default\intermediates\res\default\ResourceTable.txt cache by regenerate.
[2025-11-02T11:45:02.026] [DEBUG] debug-file - Update task entry:default@BuildJS input file:F:\DevEcoStudioProjects\Rdb-master\entry\build\default\intermediates\res\default\ark_module.json cache by regenerate.
[2025-11-02T11:45:02.026] [DEBUG] debug-file - Update task entry:default@BuildJS input file:F:\DevEcoStudioProjects\Rdb-master\entry\build\default\intermediates\res\default\resources\base\profile cache by regenerate.
[2025-11-02T11:45:02.027] [DEBUG] debug-file - Update task entry:default@BuildJS output file:F:\DevEcoStudioProjects\Rdb-master\entry\build\default\intermediates\loader_out\default\js cache.
[2025-11-02T11:45:02.027] [DEBUG] debug-file - Incremental task entry:default@BuildJS post-execution cost:14 ms .
[2025-11-02T11:45:02.027] [DEBUG] debug-file - There is no need to refresh cache, since the incremental task entry:default@CacheNativeLibs is up-to-date.
[2025-11-02T11:45:02.027] [DEBUG] debug-file - There is no need to refresh cache, since the incremental task entry:default@GeneratePkgModuleJson is up-to-date.
[2025-11-02T11:45:02.028] [DEBUG] debug-file - Incremental task entry:default@ProcessCompiledResources post-execution cost:1 ms .
[2025-11-02T11:45:02.028] [DEBUG] debug-file - There is no need to refresh cache, since the incremental task entry:default@PackageHap is up-to-date.
[2025-11-02T11:45:02.028] [DEBUG] debug-file - Update task entry:default@SignHap input file:F:\DevEcoStudioProjects\Rdb-master\entry\build\default\outputs\default\entry-default-unsigned.hap cache by regenerate.
[2025-11-02T11:45:02.028] [DEBUG] debug-file - Update task entry:default@SignHap output file:F:\DevEcoStudioProjects\Rdb-master\entry\build\default\outputs\default\entry-default-signed.hap cache.
[2025-11-02T11:45:02.029] [DEBUG] debug-file - Incremental task entry:default@SignHap post-execution cost:2 ms .
[2025-11-02T11:45:02.030] [DEBUG] debug-file - Update task entry:default@CollectDebugSymbol input file:F:\DevEcoStudioProjects\Rdb-master\entry\build\default\intermediates\loader_out\default\ets\sourceMaps.map cache by regenerate.
[2025-11-02T11:45:02.030] [DEBUG] debug-file - Update task entry:default@CollectDebugSymbol input file:F:\DevEcoStudioProjects\Rdb-master\entry\build\default\intermediates\libs\default cache by regenerate.
[2025-11-02T11:45:02.031] [DEBUG] debug-file - Update task entry:default@CollectDebugSymbol output file:F:\DevEcoStudioProjects\Rdb-master\entry\build\default\outputs\default\symbol cache.
[2025-11-02T11:45:02.031] [DEBUG] debug-file - Incremental task entry:default@CollectDebugSymbol post-execution cost:3 ms .
[2025-11-02T11:45:02.055] [DEBUG] debug-file - There's no busy workers and idle workers need cleanup.
[2025-11-02T11:45:02.056] [DEBUG] debug-file - hvigor build process will be closed.
[2025-11-02T11:45:02.066] [DEBUG] debug-file - session manager: send message to worker process.
[2025-11-02T11:45:02.068] [DEBUG] debug-file - session manager: send message to worker process.
[2025-11-02T11:45:02.067] [DEBUG] debug-file - watch worker: worker id should be larger than 0. Nothing will be sent to any worker thread.
[2025-11-02T11:45:02.068] [DEBUG] debug-file - watch worker: worker id should be larger than 0. Nothing will be sent to any worker thread.
[2025-11-02T16:39:05.903] [DEBUG] debug-file - env: nodejsVersion=v18.20.1
[2025-11-02T16:39:06.002] [DEBUG] debug-file - env: daemon=true
[2025-11-02T16:39:05.905] [DEBUG] debug-file - env: hvigor-config.json5 content = {
  modelVersion: '5.1.1',
  dependencies: {},
  execution: {},
  logging: {},
  debugging: {}
}
[2025-11-02T16:39:07.375] [DEBUG] debug-file - java daemon tryConnect failed Error: connect ECONNREFUSED 127.0.0.1:45050
[2025-11-02T16:39:07.405] [DEBUG] debug-file - java daemon started at port 45050 pid 2068
[2025-11-02T16:39:07.447] [DEBUG] debug-file - session manager: set active socket. socketId=nEqe84vXbDu3CG5VAAAB
[2025-11-02T16:39:08.810] [DEBUG] debug-file - watch worker: worker id should be larger than 0. Nothing will be sent to any worker thread.
[2025-11-02T16:39:08.822] [DEBUG] debug-file - Hvigor init with startParameters:{
  hvigorfileTypeCheck: false,
  parallelExecution: true,
  incrementalExecution: true,
  printStackTrace: false,
  daemon: true,
  analyze: 0,
  logLevel: Level { level: 20000, levelStr: 'INFO', colour: 'green' },
  optimizationStrategy: 'memory',
  hotCompile: undefined,
  hotReloadBuild: undefined
}
[2025-11-02T16:39:08.830] [DEBUG] debug-file - Cache service initialization finished in 8 ms 
[2025-11-02T16:39:08.833] [DEBUG] debug-file - hvigorfile, resolving F:\DevEcoStudioProjects\Rdb-master\hvigorfile.ts
[2025-11-02T16:39:13.226] [DEBUG] debug-file - hvigorfile, require result:  {}
[2025-11-02T16:39:13.226] [DEBUG] debug-file - hvigorfile, binding system plugins {}
[2025-11-02T16:39:13.420] [DEBUG] debug-file - Start initialize project's product build option map with build mode debug.
[2025-11-02T16:39:13.420] [DEBUG] debug-file - Picking option from product 'default' with build mode 'debug'.
[2025-11-02T16:39:13.420] [DEBUG] debug-file - Product 'default' build option initialized
[2025-11-02T16:39:13.421] [DEBUG] debug-file - End initialize project's product build option map with build mode 'debug'.
[2025-11-02T16:39:13.423] [DEBUG] debug-file - Obtain build option for product 'default'in this build.
[2025-11-02T16:39:13.426] [DEBUG] debug-file - No signingConfig found, initRemoteHspCache failed.
[2025-11-02T16:39:13.429] [DEBUG] debug-file - Local scan or download HarmonyOS sdk components toolchains,ets,js,native,previewer
[2025-11-02T16:39:13.433] [DEBUG] debug-file - Local scan or download hmscore sdk components toolchains,ets,native
[2025-11-02T16:39:13.436] [DEBUG] debug-file - Start recording SDK configuration permission data.
[2025-11-02T16:39:13.473] [DEBUG] debug-file - Sdk init in 46 ms 
[2025-11-02T16:39:13.479] [DEBUG] debug-file - Project task initialization takes 5 ms 
[2025-11-02T16:39:13.479] [DEBUG] debug-file - hvigorfile, resolve finished F:\DevEcoStudioProjects\Rdb-master\hvigorfile.ts
[2025-11-02T16:39:13.480] [DEBUG] debug-file - hvigorfile, resolving F:\DevEcoStudioProjects\Rdb-master\entry\hvigorfile.ts
[2025-11-02T16:39:13.487] [DEBUG] debug-file - hvigorfile, require result:  {}
[2025-11-02T16:39:13.487] [DEBUG] debug-file - hvigorfile, binding system plugins {}
[2025-11-02T16:39:13.491] [DEBUG] debug-file - failed to load cangjie to dynamically generate schemas: Error: Cannot find module '@ohos/cangjie-build-support/index'
Require stack:
- F:\deveco\DevEco Studio\tools\hvigor\hvigor-ohos-plugin\src\plugin\factory\plugin-factory.js
- F:\deveco\DevEco Studio\tools\hvigor\hvigor-ohos-plugin\index.js
- F:\DevEcoStudioProjects\Rdb-master\hvigorfile.ts
- F:\deveco\DevEco Studio\tools\hvigor\hvigor\src\base\internal\lifecycle\configuration.js
- F:\deveco\DevEco Studio\tools\hvigor\hvigor\src\base\boot\index.js
- F:\deveco\DevEco Studio\tools\hvigor\hvigor\src\base\daemon\cluster\worker-process-lifecycle.js
- F:\deveco\DevEco Studio\tools\hvigor\hvigor\src\base\daemon\process\daemon-process-boot-script.js
[2025-11-02T16:39:13.503] [DEBUG] debug-file - Start initialize module-target build option map, moduleName=entry, buildMode=release
[2025-11-02T16:39:13.504] [DEBUG] debug-file - Target 'default' config initialized
[2025-11-02T16:39:13.504] [DEBUG] debug-file - Module 'entry' target 'default' build option initialized
[2025-11-02T16:39:13.504] [DEBUG] debug-file - End initialize module-target build option map, moduleName=entry
[2025-11-02T16:39:13.504] [DEBUG] debug-file - Start initialize module-target build option map, moduleName=entry, buildMode=debug
[2025-11-02T16:39:13.504] [DEBUG] debug-file - Target 'default' config initialized
[2025-11-02T16:39:13.505] [DEBUG] debug-file - Module 'entry' target 'default' build option initialized
[2025-11-02T16:39:13.505] [DEBUG] debug-file - End initialize module-target build option map, moduleName=entry
[2025-11-02T16:39:13.505] [DEBUG] debug-file - Start initialize module-target build option map, moduleName=entry, buildMode=debug
[2025-11-02T16:39:13.505] [DEBUG] debug-file - Target 'default' config initialized
[2025-11-02T16:39:13.505] [DEBUG] debug-file - Module 'entry' target 'default' build option initialized
[2025-11-02T16:39:13.505] [DEBUG] debug-file - End initialize module-target build option map, moduleName=entry
[2025-11-02T16:39:13.506] [DEBUG] debug-file - Obtain build option for module 'entry' target 'default'in this build.
[2025-11-02T16:39:13.512] [DEBUG] debug-file - Module entry task initialization takes 6 ms 
[2025-11-02T16:39:13.513] [DEBUG] debug-file - hvigorfile, resolve finished F:\DevEcoStudioProjects\Rdb-master\entry\hvigorfile.ts
[2025-11-02T16:39:13.534] [DEBUG] debug-file - hvigorfile, resolve hvigorfile dependencies in 21 ms 
[2025-11-02T16:39:13.534] [DEBUG] debug-file - project has submodules:entry
[2025-11-02T16:39:13.536] [DEBUG] debug-file - start to load updatedOhPackageInfo to the disk
[2025-11-02T16:39:13.548] [DEBUG] debug-file - load to the disk finished
[2025-11-02T16:39:13.550] [DEBUG] debug-file - Start to initialize dependency information.
[2025-11-02T16:39:13.553] [DEBUG] debug-file - Module Rdb-master Collected Dependency: 
[2025-11-02T16:39:13.553] [DEBUG] debug-file - Module Rdb-master's total dependency: 0
[2025-11-02T16:39:13.554] [DEBUG] debug-file - Start to initialize dependency information.
[2025-11-02T16:39:13.559] [DEBUG] debug-file - Module entry Collected Dependency: 
[2025-11-02T16:39:13.559] [DEBUG] debug-file - Module entry's total dependency: 0
[2025-11-02T16:39:13.564] [DEBUG] debug-file - Configuration phase cost:4 s 734 ms 
[2025-11-02T16:39:13.567] [DEBUG] debug-file - Configuration task cost before running: 4 s 752 ms 
[2025-11-02T16:39:13.575] [DEBUG] debug-file - Executing task :entry:default@PreBuild
[2025-11-02T16:39:13.577] [DEBUG] debug-file - Task 'entry:default@PreBuild' cost while wrapping incremental declarations: 1 ms 
[2025-11-02T16:39:13.593] [DEBUG] debug-file - Incremental task entry:default@PreBuild pre-execution cost: 12 ms .
[2025-11-02T16:39:13.593] [DEBUG] debug-file - entry : default@PreBuild cost memory 0.3308868408203125
[2025-11-02T16:39:13.597] [INFO] debug-file - UP-TO-DATE :entry:default@PreBuild...  
[2025-11-02T16:39:13.598] [DEBUG] debug-file - Executing task :entry:default@CreateModuleInfo
[2025-11-02T16:39:13.599] [DEBUG] debug-file - Task 'entry:default@CreateModuleInfo' cost while wrapping incremental declarations: 1 ms 
[2025-11-02T16:39:13.599] [DEBUG] debug-file - entry : default@CreateModuleInfo cost memory 0.04251861572265625
[2025-11-02T16:39:13.599] [DEBUG] debug-file - runTaskFromQueue task cost before running: 4 s 784 ms 
[2025-11-02T16:39:13.600] [INFO] debug-file - Finished :entry:default@CreateModuleInfo... after 1 ms 
[2025-11-02T16:39:13.601] [DEBUG] debug-file - Executing task :entry:default@GenerateMetadata
[2025-11-02T16:39:13.602] [DEBUG] debug-file - Task 'entry:default@GenerateMetadata' cost while wrapping incremental declarations: 1 ms 
[2025-11-02T16:39:13.604] [DEBUG] debug-file - Incremental task entry:default@GenerateMetadata pre-execution cost: 2 ms .
[2025-11-02T16:39:13.604] [DEBUG] debug-file - entry : default@GenerateMetadata cost memory 0.09435272216796875
[2025-11-02T16:39:13.604] [INFO] debug-file - UP-TO-DATE :entry:default@GenerateMetadata...  
[2025-11-02T16:39:13.605] [DEBUG] debug-file - Executing task :entry:default@ConfigureCmake
[2025-11-02T16:39:13.606] [DEBUG] debug-file - entry : default@ConfigureCmake cost memory 0.0161590576171875
[2025-11-02T16:39:13.606] [DEBUG] debug-file - runTaskFromQueue task cost before running: 4 s 791 ms 
[2025-11-02T16:39:13.606] [INFO] debug-file - Finished :entry:default@ConfigureCmake... after 1 ms 
[2025-11-02T16:39:13.608] [DEBUG] debug-file - Executing task :entry:default@MergeProfile
[2025-11-02T16:39:13.608] [DEBUG] debug-file - Task 'entry:default@MergeProfile' cost while wrapping incremental declarations: 1 ms 
[2025-11-02T16:39:13.612] [DEBUG] debug-file - Incremental task entry:default@MergeProfile pre-execution cost: 4 ms .
[2025-11-02T16:39:13.612] [DEBUG] debug-file - entry : default@MergeProfile cost memory 0.142730712890625
[2025-11-02T16:39:13.612] [INFO] debug-file - UP-TO-DATE :entry:default@MergeProfile...  
[2025-11-02T16:39:13.614] [DEBUG] debug-file - Executing task :entry:default@CreateBuildProfile
[2025-11-02T16:39:13.614] [DEBUG] debug-file - Task 'entry:default@CreateBuildProfile' cost while wrapping incremental declarations: 1 ms 
[2025-11-02T16:39:13.617] [DEBUG] debug-file - Incremental task entry:default@CreateBuildProfile pre-execution cost: 2 ms .
[2025-11-02T16:39:13.617] [DEBUG] debug-file - entry : default@CreateBuildProfile cost memory 0.101959228515625
[2025-11-02T16:39:13.617] [INFO] debug-file - UP-TO-DATE :entry:default@CreateBuildProfile...  
[2025-11-02T16:39:13.618] [DEBUG] debug-file - Executing task :entry:default@PreCheckSyscap
[2025-11-02T16:39:13.619] [DEBUG] debug-file - entry : default@PreCheckSyscap cost memory 0.01639556884765625
[2025-11-02T16:39:13.619] [DEBUG] debug-file - runTaskFromQueue task cost before running: 4 s 804 ms 
[2025-11-02T16:39:13.619] [INFO] debug-file - Finished :entry:default@PreCheckSyscap... after 1 ms 
[2025-11-02T16:39:13.621] [DEBUG] debug-file - Executing task :entry:default@GeneratePkgContextInfo
[2025-11-02T16:39:13.636] [DEBUG] debug-file - Task 'entry:default@GeneratePkgContextInfo' cost while wrapping incremental declarations: 1 ms 
[2025-11-02T16:39:13.637] [DEBUG] debug-file - entry : default@GeneratePkgContextInfo cost memory 0.22530364990234375
[2025-11-02T16:39:13.637] [DEBUG] debug-file - runTaskFromQueue task cost before running: 4 s 822 ms 
[2025-11-02T16:39:13.637] [INFO] debug-file - Finished :entry:default@GeneratePkgContextInfo... after 17 ms 
[2025-11-02T16:39:13.643] [DEBUG] debug-file - Executing task :entry:default@ProcessIntegratedHsp
[2025-11-02T16:39:13.644] [DEBUG] debug-file - entry:default@ProcessIntegratedHsp is not up-to-date, since the output file 'F:\DevEcoStudioProjects\Rdb-master\build\cache\default\integrated_hsp\integratedHspCache.json' does not exist.
[2025-11-02T16:39:13.644] [DEBUG] debug-file - Incremental task entry:default@ProcessIntegratedHsp pre-execution cost: 1 ms .
[2025-11-02T16:39:13.644] [DEBUG] debug-file - entry : default@ProcessIntegratedHsp cost memory 0.063751220703125
[2025-11-02T16:39:13.644] [DEBUG] debug-file - runTaskFromQueue task cost before running: 4 s 829 ms 
[2025-11-02T16:39:13.644] [INFO] debug-file - Finished :entry:default@ProcessIntegratedHsp... after 1 ms 
[2025-11-02T16:39:13.646] [DEBUG] debug-file - Executing task :entry:default@BuildNativeWithCmake
[2025-11-02T16:39:13.646] [DEBUG] debug-file - entry : default@BuildNativeWithCmake cost memory 0.01758575439453125
[2025-11-02T16:39:13.646] [DEBUG] debug-file - runTaskFromQueue task cost before running: 4 s 831 ms 
[2025-11-02T16:39:13.647] [INFO] debug-file - Finished :entry:default@BuildNativeWithCmake... after 1 ms 
[2025-11-02T16:39:13.648] [DEBUG] debug-file - Executing task :entry:default@MakePackInfo
[2025-11-02T16:39:13.651] [DEBUG] debug-file - Incremental task entry:default@MakePackInfo pre-execution cost: 3 ms .
[2025-11-02T16:39:13.651] [DEBUG] debug-file - entry : default@MakePackInfo cost memory 0.11229705810546875
[2025-11-02T16:39:13.652] [INFO] debug-file - UP-TO-DATE :entry:default@MakePackInfo...  
[2025-11-02T16:39:13.653] [DEBUG] debug-file - Executing task :entry:default@SyscapTransform
[2025-11-02T16:39:13.653] [DEBUG] debug-file - File: 'F:\DevEcoStudioProjects\Rdb-master\entry\src\main\syscap.json' from 'sysCapJsonPath' is not exists, just ignore.
[2025-11-02T16:39:13.656] [DEBUG] debug-file - Task 'entry:default@SyscapTransform' cost while wrapping incremental declarations: 3 ms 
[2025-11-02T16:39:13.671] [DEBUG] debug-file - entry:default@SyscapTransform is not up-to-date, since the output file 'F:\DevEcoStudioProjects\Rdb-master\entry\build\default\intermediates\syscap\default\rpcid.sc' does not exist.
[2025-11-02T16:39:13.671] [DEBUG] debug-file - Incremental task entry:default@SyscapTransform pre-execution cost: 15 ms .
[2025-11-02T16:39:13.671] [DEBUG] debug-file - entry : default@SyscapTransform cost memory 0.161285400390625
[2025-11-02T16:39:13.671] [DEBUG] debug-file - runTaskFromQueue task cost before running: 4 s 856 ms 
[2025-11-02T16:39:13.672] [INFO] debug-file - Finished :entry:default@SyscapTransform... after 19 ms 
[2025-11-02T16:39:13.674] [DEBUG] debug-file - Executing task :entry:default@ProcessProfile
[2025-11-02T16:39:13.675] [DEBUG] debug-file - Task 'entry:default@ProcessProfile' cost while wrapping incremental declarations: 1 ms 
[2025-11-02T16:39:13.677] [DEBUG] debug-file - Incremental task entry:default@ProcessProfile pre-execution cost: 2 ms .
[2025-11-02T16:39:13.677] [DEBUG] debug-file - entry : default@ProcessProfile cost memory 0.141082763671875
[2025-11-02T16:39:13.677] [INFO] debug-file - UP-TO-DATE :entry:default@ProcessProfile...  
[2025-11-02T16:39:13.679] [DEBUG] debug-file - Executing task :entry:default@ProcessRouterMap
[2025-11-02T16:39:13.683] [DEBUG] debug-file - Incremental task entry:default@ProcessRouterMap pre-execution cost: 4 ms .
[2025-11-02T16:39:13.683] [DEBUG] debug-file - entry : default@ProcessRouterMap cost memory 0.13306427001953125
[2025-11-02T16:39:13.684] [INFO] debug-file - UP-TO-DATE :entry:default@ProcessRouterMap...  
[2025-11-02T16:39:13.685] [DEBUG] debug-file - Executing task :entry:default@ProcessShareConfig
[2025-11-02T16:39:13.689] [DEBUG] debug-file - Incremental task entry:default@ProcessShareConfig pre-execution cost: 3 ms .
[2025-11-02T16:39:13.689] [DEBUG] debug-file - entry : default@ProcessShareConfig cost memory 0.11660003662109375
[2025-11-02T16:39:13.690] [INFO] debug-file - UP-TO-DATE :entry:default@ProcessShareConfig...  
[2025-11-02T16:39:13.691] [DEBUG] debug-file - Executing task :entry:default@ProcessStartupConfig
[2025-11-02T16:39:13.691] [DEBUG] debug-file - Task 'entry:default@ProcessStartupConfig' cost while wrapping incremental declarations: 1 ms 
[2025-11-02T16:39:13.692] [DEBUG] debug-file - entry:default@ProcessStartupConfig is not up-to-date, since the output file 'F:\DevEcoStudioProjects\Rdb-master\entry\build\default\intermediates\startup\default\startup_config.json' does not exist.
[2025-11-02T16:39:13.692] [DEBUG] debug-file - Incremental task entry:default@ProcessStartupConfig pre-execution cost: 1 ms .
[2025-11-02T16:39:13.693] [DEBUG] debug-file - entry : default@ProcessStartupConfig cost memory 0.10071563720703125
[2025-11-02T16:39:13.693] [DEBUG] debug-file - runTaskFromQueue task cost before running: 4 s 878 ms 
[2025-11-02T16:39:13.693] [INFO] debug-file - Finished :entry:default@ProcessStartupConfig... after 2 ms 
[2025-11-02T16:39:13.694] [DEBUG] debug-file - Executing task :entry:default@BuildNativeWithNinja
[2025-11-02T16:39:13.695] [DEBUG] debug-file - entry : default@BuildNativeWithNinja cost memory 0.25701141357421875
[2025-11-02T16:39:13.695] [DEBUG] debug-file - runTaskFromQueue task cost before running: 4 s 880 ms 
[2025-11-02T16:39:13.696] [INFO] debug-file - Finished :entry:default@BuildNativeWithNinja... after 1 ms 
[2025-11-02T16:39:13.698] [DEBUG] debug-file - restool module names: entry; moduleName=entry, taskName=default@ProcessResource
[2025-11-02T16:39:13.700] [DEBUG] debug-file - Executing task :entry:default@ProcessResource
[2025-11-02T16:39:13.701] [DEBUG] debug-file - Task 'entry:default@ProcessResource' cost while wrapping incremental declarations: 1 ms 
[2025-11-02T16:39:13.702] [DEBUG] debug-file - Incremental task entry:default@ProcessResource pre-execution cost: 2 ms .
[2025-11-02T16:39:13.702] [DEBUG] debug-file - entry : default@ProcessResource cost memory 0.13315582275390625
[2025-11-02T16:39:13.705] [INFO] debug-file - UP-TO-DATE :entry:default@ProcessResource...  
[2025-11-02T16:39:13.707] [DEBUG] debug-file - Executing task :entry:default@GenerateLoaderJson
[2025-11-02T16:39:13.708] [DEBUG] debug-file - Task 'entry:default@GenerateLoaderJson' cost while wrapping incremental declarations: 1 ms 
[2025-11-02T16:39:13.721] [DEBUG] debug-file - Incremental task entry:default@GenerateLoaderJson pre-execution cost: 7 ms .
[2025-11-02T16:39:13.721] [DEBUG] debug-file - entry : default@GenerateLoaderJson cost memory 0.6995315551757812
[2025-11-02T16:39:13.726] [INFO] debug-file - UP-TO-DATE :entry:default@GenerateLoaderJson...  
[2025-11-02T16:39:13.728] [DEBUG] debug-file - Executing task :entry:default@ProcessLibs
[2025-11-02T16:39:13.732] [DEBUG] debug-file - Incremental task entry:default@ProcessLibs pre-execution cost: 3 ms .
[2025-11-02T16:39:13.732] [DEBUG] debug-file - entry : default@ProcessLibs cost memory 0.34865570068359375
[2025-11-02T16:39:13.733] [INFO] debug-file - UP-TO-DATE :entry:default@ProcessLibs...  
[2025-11-02T16:39:13.734] [DEBUG] debug-file - restool module names: entry; moduleName=entry, taskName=default@CompileResource
[2025-11-02T16:39:13.735] [DEBUG] debug-file - Executing task :entry:default@CompileResource
[2025-11-02T16:39:13.779] [DEBUG] debug-file - Incremental task entry:default@CompileResource pre-execution cost: 42 ms .
[2025-11-02T16:39:13.779] [DEBUG] debug-file - entry : default@CompileResource cost memory 0.9827651977539062
[2025-11-02T16:39:13.780] [INFO] debug-file - UP-TO-DATE :entry:default@CompileResource...  
[2025-11-02T16:39:13.782] [DEBUG] debug-file - Executing task :entry:default@DoNativeStrip
[2025-11-02T16:39:13.782] [DEBUG] debug-file - Task 'entry:default@DoNativeStrip' cost while wrapping incremental declarations: 1 ms 
[2025-11-02T16:39:13.784] [DEBUG] debug-file - Incremental task entry:default@DoNativeStrip pre-execution cost: 2 ms .
[2025-11-02T16:39:13.784] [DEBUG] debug-file - entry : default@DoNativeStrip cost memory 0.08504486083984375
[2025-11-02T16:39:13.784] [INFO] debug-file - UP-TO-DATE :entry:default@DoNativeStrip...  
[2025-11-02T16:39:13.786] [DEBUG] debug-file - Executing task :entry:default@CompileArkTS
[2025-11-02T16:39:13.787] [DEBUG] debug-file - obfuscationOptions: undefined
[2025-11-02T16:39:13.816] [DEBUG] debug-file - Incremental task entry:default@CompileArkTS pre-execution cost: 25 ms .
[2025-11-02T16:39:13.816] [DEBUG] debug-file - entry : default@CompileArkTS cost memory 0.7194061279296875
[2025-11-02T16:39:13.818] [INFO] debug-file - UP-TO-DATE :entry:default@CompileArkTS...  
[2025-11-02T16:39:13.820] [DEBUG] debug-file - Executing task :entry:default@BuildJS
[2025-11-02T16:39:13.824] [DEBUG] debug-file - entry : default@BuildJS cost memory 0.120819091796875
[2025-11-02T16:39:13.824] [DEBUG] debug-file - runTaskFromQueue task cost before running: 5 s 9 ms 
[2025-11-02T16:39:13.824] [INFO] debug-file - Finished :entry:default@BuildJS... after 5 ms 
[2025-11-02T16:39:13.826] [DEBUG] debug-file - Executing task :entry:default@CacheNativeLibs
[2025-11-02T16:39:13.826] [DEBUG] debug-file - Task 'entry:default@CacheNativeLibs' cost while wrapping incremental declarations: 1 ms 
[2025-11-02T16:39:13.829] [DEBUG] debug-file - Incremental task entry:default@CacheNativeLibs pre-execution cost: 3 ms .
[2025-11-02T16:39:13.829] [DEBUG] debug-file - entry : default@CacheNativeLibs cost memory 0.10057830810546875
[2025-11-02T16:39:13.829] [INFO] debug-file - UP-TO-DATE :entry:default@CacheNativeLibs...  
[2025-11-02T16:39:13.830] [DEBUG] debug-file - Executing task :entry:default@GeneratePkgModuleJson
[2025-11-02T16:39:13.830] [DEBUG] debug-file - File: 'F:\DevEcoStudioProjects\Rdb-master\entry\build\default\intermediates\preload\default\preload.json' from 'preloadSoJsonPath' is not exists, just ignore.
[2025-11-02T16:39:13.830] [DEBUG] debug-file - Task 'entry:default@GeneratePkgModuleJson' cost while wrapping incremental declarations: 1 ms 
[2025-11-02T16:39:13.832] [DEBUG] debug-file - Incremental task entry:default@GeneratePkgModuleJson pre-execution cost: 2 ms .
[2025-11-02T16:39:13.832] [DEBUG] debug-file - entry : default@GeneratePkgModuleJson cost memory 0.095367431640625
[2025-11-02T16:39:13.832] [INFO] debug-file - UP-TO-DATE :entry:default@GeneratePkgModuleJson...  
[2025-11-02T16:39:13.833] [DEBUG] debug-file - Executing task :entry:default@ProcessCompiledResources
[2025-11-02T16:39:13.833] [DEBUG] debug-file - File: 'F:\DevEcoStudioProjects\Rdb-master\entry\build\default\intermediates\preload\default\preload.json' from 'preloadSoJsonPath' is not exists, just ignore.
[2025-11-02T16:39:13.833] [DEBUG] debug-file - Task 'entry:default@ProcessCompiledResources' cost while wrapping incremental declarations: 1 ms 
[2025-11-02T16:39:13.834] [DEBUG] debug-file - entry : default@ProcessCompiledResources cost memory 0.063507080078125
[2025-11-02T16:39:13.834] [DEBUG] debug-file - runTaskFromQueue task cost before running: 5 s 19 ms 
[2025-11-02T16:39:13.834] [INFO] debug-file - Finished :entry:default@ProcessCompiledResources... after 1 ms 
[2025-11-02T16:39:13.836] [DEBUG] debug-file - Executing task :entry:default@PackageHap
[2025-11-02T16:39:13.859] [DEBUG] debug-file - Incremental task entry:default@PackageHap pre-execution cost: 21 ms .
[2025-11-02T16:39:13.859] [DEBUG] debug-file - entry : default@PackageHap cost memory 0.6111679077148438
[2025-11-02T16:39:13.860] [INFO] debug-file - UP-TO-DATE :entry:default@PackageHap...  
[2025-11-02T16:39:13.862] [DEBUG] debug-file - Executing task :entry:default@PackingCheck
[2025-11-02T16:39:13.875] [DEBUG] debug-file - entry : default@PackingCheck cost memory -12.352691650390625
[2025-11-02T16:39:13.875] [DEBUG] debug-file - runTaskFromQueue task cost before running: 5 s 60 ms 
[2025-11-02T16:39:13.875] [INFO] debug-file - Finished :entry:default@PackingCheck... after 14 ms 
[2025-11-02T16:39:13.877] [DEBUG] debug-file - Executing task :entry:default@SignHap
[2025-11-02T16:39:13.877] [WARN] debug-file - Will skip sign 'hos_hap'. No signingConfigs profile is configured in current project.
             If needed, configure the signingConfigs in F:\DevEcoStudioProjects\Rdb-master\build-profile.json5.
[2025-11-02T16:39:13.879] [DEBUG] debug-file - entry:default@SignHap is not up-to-date, since the output file 'F:\DevEcoStudioProjects\Rdb-master\entry\build\default\outputs\default\entry-default-signed.hap' does not exist.
[2025-11-02T16:39:13.879] [DEBUG] debug-file - Incremental task entry:default@SignHap pre-execution cost: 2 ms .
[2025-11-02T16:39:13.879] [DEBUG] debug-file - entry : default@SignHap cost memory 0.32269287109375
[2025-11-02T16:39:13.880] [DEBUG] debug-file - runTaskFromQueue task cost before running: 5 s 64 ms 
[2025-11-02T16:39:13.880] [INFO] debug-file - Finished :entry:default@SignHap... after 3 ms 
[2025-11-02T16:39:13.882] [DEBUG] debug-file - Executing task :entry:default@CollectDebugSymbol
[2025-11-02T16:39:13.883] [DEBUG] debug-file - entry : default@CollectDebugSymbol cost memory 0.08917236328125
[2025-11-02T16:39:13.883] [DEBUG] debug-file - runTaskFromQueue task cost before running: 5 s 68 ms 
[2025-11-02T16:39:13.883] [INFO] debug-file - Finished :entry:default@CollectDebugSymbol... after 2 ms 
[2025-11-02T16:39:13.884] [DEBUG] debug-file - Executing task :entry:assembleHap
[2025-11-02T16:39:13.884] [DEBUG] debug-file - entry : assembleHap cost memory 0.01444244384765625
[2025-11-02T16:39:13.884] [DEBUG] debug-file - runTaskFromQueue task cost before running: 5 s 69 ms 
[2025-11-02T16:39:13.884] [INFO] debug-file - Finished :entry:assembleHap... after 1 ms 
[2025-11-02T16:39:13.896] [INFO] debug-file - BUILD SUCCESSFUL in 5 s 81 ms 
[2025-11-02T16:39:13.897] [DEBUG] debug-file - There is no need to refresh cache, since the incremental task entry:default@PreBuild is up-to-date.
[2025-11-02T16:39:13.897] [DEBUG] debug-file - Update task entry:default@CreateModuleInfo output file:F:\DevEcoStudioProjects\Rdb-master\entry\build\default\generated\profile\default\ModuleInfo.ts cache.
[2025-11-02T16:39:13.898] [DEBUG] debug-file - Incremental task entry:default@CreateModuleInfo post-execution cost:1 ms .
[2025-11-02T16:39:13.898] [DEBUG] debug-file - There is no need to refresh cache, since the incremental task entry:default@GenerateMetadata is up-to-date.
[2025-11-02T16:39:13.898] [DEBUG] debug-file - There is no need to refresh cache, since the incremental task entry:default@MergeProfile is up-to-date.
[2025-11-02T16:39:13.898] [DEBUG] debug-file - There is no need to refresh cache, since the incremental task entry:default@CreateBuildProfile is up-to-date.
[2025-11-02T16:39:13.898] [DEBUG] debug-file - Update task entry:default@GeneratePkgContextInfo output file:F:\DevEcoStudioProjects\Rdb-master\entry\build\default\intermediates\loader\default\pkgContextInfo.json cache.
[2025-11-02T16:39:13.898] [DEBUG] debug-file - Incremental task entry:default@GeneratePkgContextInfo post-execution cost:1 ms .
[2025-11-02T16:39:13.898] [DEBUG] debug-file - Update task entry:default@ProcessIntegratedHsp output file:F:\DevEcoStudioProjects\Rdb-master\build\cache\default\integrated_hsp\integratedHspCache.json cache.
[2025-11-02T16:39:13.899] [DEBUG] debug-file - Incremental task entry:default@ProcessIntegratedHsp post-execution cost:1 ms .
[2025-11-02T16:39:13.899] [DEBUG] debug-file - There is no need to refresh cache, since the incremental task entry:default@MakePackInfo is up-to-date.
[2025-11-02T16:39:13.899] [DEBUG] debug-file - Update task entry:default@SyscapTransform input file:F:\deveco\DevEco Studio\sdk\default\openharmony\toolchains\syscap_tool.exe cache by regenerate.
[2025-11-02T16:39:13.899] [DEBUG] debug-file - Update task entry:default@SyscapTransform input file:F:\deveco\DevEco Studio\sdk\default\openharmony\ets\api\device-define cache by regenerate.
[2025-11-02T16:39:13.902] [DEBUG] debug-file - Update task entry:default@SyscapTransform output file:F:\DevEcoStudioProjects\Rdb-master\entry\build\default\intermediates\syscap\default\rpcid.sc cache.
[2025-11-02T16:39:13.902] [DEBUG] debug-file - Incremental task entry:default@SyscapTransform post-execution cost:4 ms .
[2025-11-02T16:39:13.903] [DEBUG] debug-file - There is no need to refresh cache, since the incremental task entry:default@ProcessProfile is up-to-date.
[2025-11-02T16:39:13.903] [DEBUG] debug-file - There is no need to refresh cache, since the incremental task entry:default@ProcessRouterMap is up-to-date.
[2025-11-02T16:39:13.903] [DEBUG] debug-file - There is no need to refresh cache, since the incremental task entry:default@ProcessShareConfig is up-to-date.
[2025-11-02T16:39:13.903] [DEBUG] debug-file - Update task entry:default@ProcessStartupConfig output file:F:\DevEcoStudioProjects\Rdb-master\entry\build\default\intermediates\startup\default\startup_config.json cache.
[2025-11-02T16:39:13.903] [DEBUG] debug-file - Incremental task entry:default@ProcessStartupConfig post-execution cost:1 ms .
[2025-11-02T16:39:13.903] [DEBUG] debug-file - There is no need to refresh cache, since the incremental task entry:default@ProcessResource is up-to-date.
[2025-11-02T16:39:13.903] [DEBUG] debug-file - There is no need to refresh cache, since the incremental task entry:default@GenerateLoaderJson is up-to-date.
[2025-11-02T16:39:13.903] [DEBUG] debug-file - There is no need to refresh cache, since the incremental task entry:default@ProcessLibs is up-to-date.
[2025-11-02T16:39:13.903] [DEBUG] debug-file - There is no need to refresh cache, since the incremental task entry:default@CompileResource is up-to-date.
[2025-11-02T16:39:13.903] [DEBUG] debug-file - There is no need to refresh cache, since the incremental task entry:default@DoNativeStrip is up-to-date.
[2025-11-02T16:39:13.903] [DEBUG] debug-file - There is no need to refresh cache, since the incremental task entry:default@CompileArkTS is up-to-date.
[2025-11-02T16:39:13.905] [DEBUG] debug-file - Update task entry:default@BuildJS input file:F:\DevEcoStudioProjects\Rdb-master\entry\build\default\intermediates\loader\default cache by regenerate.
[2025-11-02T16:39:13.906] [DEBUG] debug-file - Update task entry:default@BuildJS input file:F:\DevEcoStudioProjects\Rdb-master\entry\build\default\intermediates\res\default\resources\rawfile cache by regenerate.
[2025-11-02T16:39:13.915] [DEBUG] debug-file - Update task entry:default@BuildJS input file:F:\DevEcoStudioProjects\Rdb-master\entry\build\default\intermediates\res\default\ResourceTable.txt cache by regenerate.
[2025-11-02T16:39:13.915] [DEBUG] debug-file - Update task entry:default@BuildJS input file:F:\DevEcoStudioProjects\Rdb-master\entry\build\default\intermediates\res\default\ark_module.json cache by regenerate.
[2025-11-02T16:39:13.916] [DEBUG] debug-file - Update task entry:default@BuildJS input file:F:\DevEcoStudioProjects\Rdb-master\entry\build\default\intermediates\res\default\resources\base\profile cache by regenerate.
[2025-11-02T16:39:13.917] [DEBUG] debug-file - Update task entry:default@BuildJS output file:F:\DevEcoStudioProjects\Rdb-master\entry\build\default\intermediates\loader_out\default\js cache.
[2025-11-02T16:39:13.917] [DEBUG] debug-file - Incremental task entry:default@BuildJS post-execution cost:14 ms .
[2025-11-02T16:39:13.917] [DEBUG] debug-file - There is no need to refresh cache, since the incremental task entry:default@CacheNativeLibs is up-to-date.
[2025-11-02T16:39:13.917] [DEBUG] debug-file - There is no need to refresh cache, since the incremental task entry:default@GeneratePkgModuleJson is up-to-date.
[2025-11-02T16:39:13.917] [DEBUG] debug-file - Incremental task entry:default@ProcessCompiledResources post-execution cost:1 ms .
[2025-11-02T16:39:13.917] [DEBUG] debug-file - There is no need to refresh cache, since the incremental task entry:default@PackageHap is up-to-date.
[2025-11-02T16:39:13.917] [DEBUG] debug-file - Update task entry:default@SignHap input file:F:\DevEcoStudioProjects\Rdb-master\entry\build\default\outputs\default\entry-default-unsigned.hap cache by regenerate.
[2025-11-02T16:39:13.918] [DEBUG] debug-file - Update task entry:default@SignHap output file:F:\DevEcoStudioProjects\Rdb-master\entry\build\default\outputs\default\entry-default-signed.hap cache.
[2025-11-02T16:39:13.918] [DEBUG] debug-file - Incremental task entry:default@SignHap post-execution cost:1 ms .
[2025-11-02T16:39:13.919] [DEBUG] debug-file - Update task entry:default@CollectDebugSymbol input file:F:\DevEcoStudioProjects\Rdb-master\entry\build\default\intermediates\loader_out\default\ets\sourceMaps.map cache by regenerate.
[2025-11-02T16:39:13.919] [DEBUG] debug-file - Update task entry:default@CollectDebugSymbol input file:F:\DevEcoStudioProjects\Rdb-master\entry\build\default\intermediates\libs\default cache by regenerate.
[2025-11-02T16:39:13.920] [DEBUG] debug-file - Update task entry:default@CollectDebugSymbol output file:F:\DevEcoStudioProjects\Rdb-master\entry\build\default\outputs\default\symbol cache.
[2025-11-02T16:39:13.920] [DEBUG] debug-file - Incremental task entry:default@CollectDebugSymbol post-execution cost:2 ms .
[2025-11-02T16:39:13.955] [DEBUG] debug-file - Since there is no instance or instance is terminated, create a new worker pool.
[2025-11-02T16:39:13.955] [DEBUG] debug-file - Worker pool is initialized with config:  {
  minPoolNum: 2,
  maxPoolNum: undefined,
  maxCoreSize: undefined,
  cacheCapacity: undefined,
  cacheTtl: undefined
}
[2025-11-02T16:39:13.956] [DEBUG] debug-file - Create  resident worker with id: 0.
[2025-11-02T16:39:13.961] [DEBUG] debug-file - session manager: send message to worker process.
[2025-11-02T16:39:13.963] [DEBUG] debug-file - session manager: send message to worker process.
[2025-11-02T16:39:13.959] [DEBUG] debug-file - Create  resident worker with id: 1.
[2025-11-02T16:39:13.962] [DEBUG] debug-file - Cleanup worker 0.
[2025-11-02T16:39:13.962] [DEBUG] debug-file - Worker 0 has been cleaned up.
[2025-11-02T16:39:13.962] [DEBUG] debug-file - Current idle worker size: 1.
[2025-11-02T16:39:13.962] [DEBUG] debug-file - Current resident worker size: 2.
[2025-11-02T16:39:13.962] [DEBUG] debug-file - Cleanup worker 1.
[2025-11-02T16:39:13.962] [DEBUG] debug-file - Worker 1 has been cleaned up.
[2025-11-02T16:39:13.962] [DEBUG] debug-file - Current idle worker size: 0.
[2025-11-02T16:39:13.962] [DEBUG] debug-file - Current resident worker size: 2.
[2025-11-02T16:39:13.963] [DEBUG] debug-file - hvigor build process will be closed.
[2025-11-02T16:39:13.969] [DEBUG] debug-file - worker[0] exits with exit code 0.
[2025-11-02T16:39:13.969] [DEBUG] debug-file - worker[1] exits with exit code 0.
[2025-11-02T16:39:13.970] [DEBUG] debug-file - watch worker: worker id should be larger than 0. Nothing will be sent to any worker thread.
[2025-11-02T16:39:13.971] [DEBUG] debug-file - watch worker: worker id should be larger than 0. Nothing will be sent to any worker thread.
[2025-11-03T09:22:07.464] [DEBUG] debug-file - java daemon tryConnect failed Error: connect ECONNREFUSED 127.0.0.1:45050
[2025-11-03T09:22:07.581] [DEBUG] debug-file - java daemon started at port 45050 pid 6068
[2025-11-03T09:22:01.938] [DEBUG] debug-file - env: nodejsVersion=v18.20.1
[2025-11-03T09:22:02.196] [DEBUG] debug-file - env: daemon=true
[2025-11-03T09:22:01.940] [DEBUG] debug-file - env: hvigor-config.json5 content = {
  modelVersion: '5.1.1',
  dependencies: {},
  execution: {},
  logging: {},
  debugging: {}
}
[2025-11-03T09:22:11.011] [DEBUG] debug-file - session manager: set active socket. socketId=FUQPjUinlaP1ugsGAAAB
[2025-11-03T09:22:11.044] [DEBUG] debug-file - watch worker: worker id should be larger than 0. Nothing will be sent to any worker thread.
[2025-11-03T09:22:11.064] [DEBUG] debug-file - Hvigor init with startParameters:{
  hvigorfileTypeCheck: false,
  parallelExecution: true,
  incrementalExecution: true,
  printStackTrace: false,
  daemon: true,
  analyze: 0,
  logLevel: Level { level: 20000, levelStr: 'INFO', colour: 'green' },
  optimizationStrategy: 'memory',
  hotCompile: undefined,
  hotReloadBuild: undefined
}
[2025-11-03T09:22:11.109] [DEBUG] debug-file - Cache service initialization finished in 44 ms 
[2025-11-03T09:22:11.113] [DEBUG] debug-file - hvigorfile, resolving F:\DevEcoStudioProjects\Rdb-master\hvigorfile.ts
[2025-11-03T09:22:47.936] [DEBUG] debug-file - hvigorfile, require result:  {}
[2025-11-03T09:22:47.936] [DEBUG] debug-file - hvigorfile, binding system plugins {}
[2025-11-03T09:22:48.351] [DEBUG] debug-file - Start initialize project's product build option map with build mode debug.
[2025-11-03T09:22:48.351] [DEBUG] debug-file - Picking option from product 'default' with build mode 'debug'.
[2025-11-03T09:22:48.353] [DEBUG] debug-file - Product 'default' build option initialized
[2025-11-03T09:22:48.353] [DEBUG] debug-file - End initialize project's product build option map with build mode 'debug'.
[2025-11-03T09:22:48.357] [DEBUG] debug-file - Obtain build option for product 'default'in this build.
[2025-11-03T09:22:48.377] [DEBUG] debug-file - No signingConfig found, initRemoteHspCache failed.
[2025-11-03T09:22:48.396] [DEBUG] debug-file - Local scan or download HarmonyOS sdk components toolchains,ets,js,native,previewer
[2025-11-03T09:22:48.406] [DEBUG] debug-file - Local scan or download hmscore sdk components toolchains,ets,native
[2025-11-03T09:22:48.413] [DEBUG] debug-file - Start recording SDK configuration permission data.
[2025-11-03T09:22:48.493] [DEBUG] debug-file - Sdk init in 101 ms 
[2025-11-03T09:22:48.509] [DEBUG] debug-file - Project task initialization takes 13 ms 
[2025-11-03T09:22:48.509] [DEBUG] debug-file - hvigorfile, resolve finished F:\DevEcoStudioProjects\Rdb-master\hvigorfile.ts
[2025-11-03T09:22:48.512] [DEBUG] debug-file - hvigorfile, resolving F:\DevEcoStudioProjects\Rdb-master\entry\hvigorfile.ts
[2025-11-03T09:22:48.552] [DEBUG] debug-file - hvigorfile, require result:  {}
[2025-11-03T09:22:48.552] [DEBUG] debug-file - hvigorfile, binding system plugins {}
[2025-11-03T09:22:48.556] [DEBUG] debug-file - failed to load cangjie to dynamically generate schemas: Error: Cannot find module '@ohos/cangjie-build-support/index'
Require stack:
- F:\deveco\DevEco Studio\tools\hvigor\hvigor-ohos-plugin\src\plugin\factory\plugin-factory.js
- F:\deveco\DevEco Studio\tools\hvigor\hvigor-ohos-plugin\index.js
- F:\DevEcoStudioProjects\Rdb-master\hvigorfile.ts
- F:\deveco\DevEco Studio\tools\hvigor\hvigor\src\base\internal\lifecycle\configuration.js
- F:\deveco\DevEco Studio\tools\hvigor\hvigor\src\base\boot\index.js
- F:\deveco\DevEco Studio\tools\hvigor\hvigor\src\base\daemon\cluster\worker-process-lifecycle.js
- F:\deveco\DevEco Studio\tools\hvigor\hvigor\src\base\daemon\process\daemon-process-boot-script.js
[2025-11-03T09:22:48.575] [DEBUG] debug-file - Start initialize module-target build option map, moduleName=entry, buildMode=release
[2025-11-03T09:22:48.575] [DEBUG] debug-file - Target 'default' config initialized
[2025-11-03T09:22:48.576] [DEBUG] debug-file - Module 'entry' target 'default' build option initialized
[2025-11-03T09:22:48.576] [DEBUG] debug-file - End initialize module-target build option map, moduleName=entry
[2025-11-03T09:22:48.576] [DEBUG] debug-file - Start initialize module-target build option map, moduleName=entry, buildMode=debug
[2025-11-03T09:22:48.577] [DEBUG] debug-file - Target 'default' config initialized
[2025-11-03T09:22:48.577] [DEBUG] debug-file - Module 'entry' target 'default' build option initialized
[2025-11-03T09:22:48.577] [DEBUG] debug-file - End initialize module-target build option map, moduleName=entry
[2025-11-03T09:22:48.578] [DEBUG] debug-file - Start initialize module-target build option map, moduleName=entry, buildMode=debug
[2025-11-03T09:22:48.578] [DEBUG] debug-file - Target 'default' config initialized
[2025-11-03T09:22:48.578] [DEBUG] debug-file - Module 'entry' target 'default' build option initialized
[2025-11-03T09:22:48.578] [DEBUG] debug-file - End initialize module-target build option map, moduleName=entry
[2025-11-03T09:22:48.579] [DEBUG] debug-file - Obtain build option for module 'entry' target 'default'in this build.
[2025-11-03T09:22:48.590] [DEBUG] debug-file - Module entry task initialization takes 9 ms 
[2025-11-03T09:22:48.590] [DEBUG] debug-file - hvigorfile, resolve finished F:\DevEcoStudioProjects\Rdb-master\entry\hvigorfile.ts
[2025-11-03T09:22:48.623] [DEBUG] debug-file - hvigorfile, resolve hvigorfile dependencies in 32 ms 
[2025-11-03T09:22:48.623] [DEBUG] debug-file - project has submodules:entry
[2025-11-03T09:22:48.640] [DEBUG] debug-file - start to load updatedOhPackageInfo to the disk
[2025-11-03T09:22:48.660] [DEBUG] debug-file - load to the disk finished
[2025-11-03T09:22:48.663] [DEBUG] debug-file - Start to initialize dependency information.
[2025-11-03T09:22:48.669] [DEBUG] debug-file - Module Rdb-master Collected Dependency: 
[2025-11-03T09:22:48.670] [DEBUG] debug-file - Module Rdb-master's total dependency: 0
[2025-11-03T09:22:48.671] [DEBUG] debug-file - Start to initialize dependency information.
[2025-11-03T09:22:48.679] [DEBUG] debug-file - Module entry Collected Dependency: 
[2025-11-03T09:22:48.680] [DEBUG] debug-file - Module entry's total dependency: 0
[2025-11-03T09:22:48.687] [DEBUG] debug-file - Configuration phase cost:37 s 578 ms 
[2025-11-03T09:22:48.692] [DEBUG] debug-file - Configuration task cost before running: 37 s 640 ms 
[2025-11-03T09:22:48.706] [DEBUG] debug-file - Executing task :entry:default@PreBuild
[2025-11-03T09:22:48.709] [DEBUG] debug-file - Task 'entry:default@PreBuild' cost while wrapping incremental declarations: 1 ms 
[2025-11-03T09:22:48.735] [DEBUG] debug-file - Incremental task entry:default@PreBuild pre-execution cost: 19 ms .
[2025-11-03T09:22:48.736] [DEBUG] debug-file - entry : default@PreBuild cost memory 0.400482177734375
[2025-11-03T09:22:48.742] [INFO] debug-file - UP-TO-DATE :entry:default@PreBuild...  
[2025-11-03T09:22:48.745] [DEBUG] debug-file - Executing task :entry:default@CreateModuleInfo
[2025-11-03T09:22:48.746] [DEBUG] debug-file - Task 'entry:default@CreateModuleInfo' cost while wrapping incremental declarations: 1 ms 
[2025-11-03T09:22:48.747] [DEBUG] debug-file - entry : default@CreateModuleInfo cost memory 0.05081939697265625
[2025-11-03T09:22:48.747] [DEBUG] debug-file - runTaskFromQueue task cost before running: 37 s 696 ms 
[2025-11-03T09:22:48.748] [INFO] debug-file - Finished :entry:default@CreateModuleInfo... after 3 ms 
[2025-11-03T09:22:48.752] [DEBUG] debug-file - Executing task :entry:default@GenerateMetadata
[2025-11-03T09:22:48.754] [DEBUG] debug-file - Task 'entry:default@GenerateMetadata' cost while wrapping incremental declarations: 2 ms 
[2025-11-03T09:22:48.757] [DEBUG] debug-file - Incremental task entry:default@GenerateMetadata pre-execution cost: 3 ms .
[2025-11-03T09:22:48.757] [DEBUG] debug-file - entry : default@GenerateMetadata cost memory 0.1031036376953125
[2025-11-03T09:22:48.757] [INFO] debug-file - UP-TO-DATE :entry:default@GenerateMetadata...  
[2025-11-03T09:22:48.760] [DEBUG] debug-file - Executing task :entry:default@ConfigureCmake
[2025-11-03T09:22:48.760] [DEBUG] debug-file - entry : default@ConfigureCmake cost memory 0.016143798828125
[2025-11-03T09:22:48.761] [DEBUG] debug-file - runTaskFromQueue task cost before running: 37 s 709 ms 
[2025-11-03T09:22:48.761] [INFO] debug-file - Finished :entry:default@ConfigureCmake... after 1 ms 
[2025-11-03T09:22:48.764] [DEBUG] debug-file - Executing task :entry:default@MergeProfile
[2025-11-03T09:22:48.765] [DEBUG] debug-file - Task 'entry:default@MergeProfile' cost while wrapping incremental declarations: 1 ms 
[2025-11-03T09:22:48.771] [DEBUG] debug-file - Incremental task entry:default@MergeProfile pre-execution cost: 6 ms .
[2025-11-03T09:22:48.772] [DEBUG] debug-file - entry : default@MergeProfile cost memory 0.1568450927734375
[2025-11-03T09:22:48.772] [INFO] debug-file - UP-TO-DATE :entry:default@MergeProfile...  
[2025-11-03T09:22:48.775] [DEBUG] debug-file - Executing task :entry:default@CreateBuildProfile
[2025-11-03T09:22:48.776] [DEBUG] debug-file - Task 'entry:default@CreateBuildProfile' cost while wrapping incremental declarations: 1 ms 
[2025-11-03T09:22:48.780] [DEBUG] debug-file - Incremental task entry:default@CreateBuildProfile pre-execution cost: 4 ms .
[2025-11-03T09:22:48.780] [DEBUG] debug-file - entry : default@CreateBuildProfile cost memory 0.106414794921875
[2025-11-03T09:22:48.780] [INFO] debug-file - UP-TO-DATE :entry:default@CreateBuildProfile...  
[2025-11-03T09:22:48.783] [DEBUG] debug-file - Executing task :entry:default@PreCheckSyscap
[2025-11-03T09:22:48.784] [DEBUG] debug-file - entry : default@PreCheckSyscap cost memory 0.01845550537109375
[2025-11-03T09:22:48.784] [DEBUG] debug-file - runTaskFromQueue task cost before running: 37 s 732 ms 
[2025-11-03T09:22:48.785] [INFO] debug-file - Finished :entry:default@PreCheckSyscap... after 1 ms 
[2025-11-03T09:22:48.788] [DEBUG] debug-file - Executing task :entry:default@GeneratePkgContextInfo
[2025-11-03T09:22:48.802] [DEBUG] debug-file - Task 'entry:default@GeneratePkgContextInfo' cost while wrapping incremental declarations: 1 ms 
[2025-11-03T09:22:48.803] [DEBUG] debug-file - entry : default@GeneratePkgContextInfo cost memory 0.33498382568359375
[2025-11-03T09:22:48.803] [DEBUG] debug-file - runTaskFromQueue task cost before running: 37 s 751 ms 
[2025-11-03T09:22:48.803] [INFO] debug-file - Finished :entry:default@GeneratePkgContextInfo... after 16 ms 
[2025-11-03T09:22:48.810] [DEBUG] debug-file - Executing task :entry:default@ProcessIntegratedHsp
[2025-11-03T09:22:48.811] [DEBUG] debug-file - entry:default@ProcessIntegratedHsp is not up-to-date, since the output file 'F:\DevEcoStudioProjects\Rdb-master\build\cache\default\integrated_hsp\integratedHspCache.json' does not exist.
[2025-11-03T09:22:48.811] [DEBUG] debug-file - Incremental task entry:default@ProcessIntegratedHsp pre-execution cost: 1 ms .
[2025-11-03T09:22:48.811] [DEBUG] debug-file - entry : default@ProcessIntegratedHsp cost memory 0.06621551513671875
[2025-11-03T09:22:48.811] [DEBUG] debug-file - runTaskFromQueue task cost before running: 37 s 760 ms 
[2025-11-03T09:22:48.812] [INFO] debug-file - Finished :entry:default@ProcessIntegratedHsp... after 2 ms 
[2025-11-03T09:22:48.814] [DEBUG] debug-file - Executing task :entry:default@BuildNativeWithCmake
[2025-11-03T09:22:48.815] [DEBUG] debug-file - entry : default@BuildNativeWithCmake cost memory 0.017578125
[2025-11-03T09:22:48.815] [DEBUG] debug-file - runTaskFromQueue task cost before running: 37 s 763 ms 
[2025-11-03T09:22:48.815] [INFO] debug-file - Finished :entry:default@BuildNativeWithCmake... after 1 ms 
[2025-11-03T09:22:48.818] [DEBUG] debug-file - Executing task :entry:default@MakePackInfo
[2025-11-03T09:22:48.824] [DEBUG] debug-file - Incremental task entry:default@MakePackInfo pre-execution cost: 5 ms .
[2025-11-03T09:22:48.824] [DEBUG] debug-file - entry : default@MakePackInfo cost memory 0.1235504150390625
[2025-11-03T09:22:48.825] [INFO] debug-file - UP-TO-DATE :entry:default@MakePackInfo...  
[2025-11-03T09:22:48.827] [DEBUG] debug-file - Executing task :entry:default@SyscapTransform
[2025-11-03T09:22:48.827] [DEBUG] debug-file - File: 'F:\DevEcoStudioProjects\Rdb-master\entry\src\main\syscap.json' from 'sysCapJsonPath' is not exists, just ignore.
[2025-11-03T09:22:48.831] [DEBUG] debug-file - Task 'entry:default@SyscapTransform' cost while wrapping incremental declarations: 4 ms 
[2025-11-03T09:22:48.857] [DEBUG] debug-file - entry:default@SyscapTransform is not up-to-date, since the output file 'F:\DevEcoStudioProjects\Rdb-master\entry\build\default\intermediates\syscap\default\rpcid.sc' does not exist.
[2025-11-03T09:22:48.857] [DEBUG] debug-file - Incremental task entry:default@SyscapTransform pre-execution cost: 26 ms .
[2025-11-03T09:22:48.858] [DEBUG] debug-file - entry : default@SyscapTransform cost memory 0.17638397216796875
[2025-11-03T09:22:48.858] [DEBUG] debug-file - runTaskFromQueue task cost before running: 37 s 806 ms 
[2025-11-03T09:22:48.858] [INFO] debug-file - Finished :entry:default@SyscapTransform... after 31 ms 
[2025-11-03T09:22:48.864] [DEBUG] debug-file - Executing task :entry:default@ProcessProfile
[2025-11-03T09:22:48.878] [DEBUG] debug-file - Task 'entry:default@ProcessProfile' cost while wrapping incremental declarations: 1 ms 
[2025-11-03T09:22:48.881] [DEBUG] debug-file - Incremental task entry:default@ProcessProfile pre-execution cost: 3 ms .
[2025-11-03T09:22:48.882] [DEBUG] debug-file - entry : default@ProcessProfile cost memory 0.1392059326171875
[2025-11-03T09:22:48.882] [INFO] debug-file - UP-TO-DATE :entry:default@ProcessProfile...  
[2025-11-03T09:22:48.885] [DEBUG] debug-file - Executing task :entry:default@ProcessRouterMap
[2025-11-03T09:22:48.892] [DEBUG] debug-file - Incremental task entry:default@ProcessRouterMap pre-execution cost: 6 ms .
[2025-11-03T09:22:48.892] [DEBUG] debug-file - entry : default@ProcessRouterMap cost memory 0.130889892578125
[2025-11-03T09:22:48.893] [INFO] debug-file - UP-TO-DATE :entry:default@ProcessRouterMap...  
[2025-11-03T09:22:48.896] [DEBUG] debug-file - Executing task :entry:default@ProcessShareConfig
[2025-11-03T09:22:48.901] [DEBUG] debug-file - Incremental task entry:default@ProcessShareConfig pre-execution cost: 5 ms .
[2025-11-03T09:22:48.902] [DEBUG] debug-file - entry : default@ProcessShareConfig cost memory 0.14301300048828125
[2025-11-03T09:22:48.903] [INFO] debug-file - UP-TO-DATE :entry:default@ProcessShareConfig...  
[2025-11-03T09:22:48.905] [DEBUG] debug-file - Executing task :entry:default@ProcessStartupConfig
[2025-11-03T09:22:48.906] [DEBUG] debug-file - Task 'entry:default@ProcessStartupConfig' cost while wrapping incremental declarations: 1 ms 
[2025-11-03T09:22:48.907] [DEBUG] debug-file - entry:default@ProcessStartupConfig is not up-to-date, since the output file 'F:\DevEcoStudioProjects\Rdb-master\entry\build\default\intermediates\startup\default\startup_config.json' does not exist.
[2025-11-03T09:22:48.907] [DEBUG] debug-file - Incremental task entry:default@ProcessStartupConfig pre-execution cost: 1 ms .
[2025-11-03T09:22:48.908] [DEBUG] debug-file - entry : default@ProcessStartupConfig cost memory 0.10387420654296875
[2025-11-03T09:22:48.908] [DEBUG] debug-file - runTaskFromQueue task cost before running: 37 s 857 ms 
[2025-11-03T09:22:48.909] [INFO] debug-file - Finished :entry:default@ProcessStartupConfig... after 4 ms 
[2025-11-03T09:22:48.912] [DEBUG] debug-file - Executing task :entry:default@BuildNativeWithNinja
[2025-11-03T09:22:48.913] [DEBUG] debug-file - entry : default@BuildNativeWithNinja cost memory 0.02423858642578125
[2025-11-03T09:22:48.913] [DEBUG] debug-file - runTaskFromQueue task cost before running: 37 s 862 ms 
[2025-11-03T09:22:48.914] [INFO] debug-file - Finished :entry:default@BuildNativeWithNinja... after 2 ms 
[2025-11-03T09:22:48.918] [DEBUG] debug-file - restool module names: entry; moduleName=entry, taskName=default@ProcessResource
[2025-11-03T09:22:48.933] [DEBUG] debug-file - Executing task :entry:default@ProcessResource
[2025-11-03T09:22:48.933] [DEBUG] debug-file - Task 'entry:default@ProcessResource' cost while wrapping incremental declarations: 1 ms 
[2025-11-03T09:22:48.936] [DEBUG] debug-file - Incremental task entry:default@ProcessResource pre-execution cost: 3 ms .
[2025-11-03T09:22:48.936] [DEBUG] debug-file - entry : default@ProcessResource cost memory 0.13217926025390625
[2025-11-03T09:22:48.941] [INFO] debug-file - UP-TO-DATE :entry:default@ProcessResource...  
[2025-11-03T09:22:48.946] [DEBUG] debug-file - Executing task :entry:default@GenerateLoaderJson
[2025-11-03T09:22:48.947] [DEBUG] debug-file - Task 'entry:default@GenerateLoaderJson' cost while wrapping incremental declarations: 1 ms 
[2025-11-03T09:22:48.987] [DEBUG] debug-file - Incremental task entry:default@GenerateLoaderJson pre-execution cost: 16 ms .
[2025-11-03T09:22:48.987] [DEBUG] debug-file - entry : default@GenerateLoaderJson cost memory 0.4695281982421875
[2025-11-03T09:22:48.998] [INFO] debug-file - UP-TO-DATE :entry:default@GenerateLoaderJson...  
[2025-11-03T09:22:49.001] [DEBUG] debug-file - Executing task :entry:default@ProcessLibs
[2025-11-03T09:22:49.009] [DEBUG] debug-file - Incremental task entry:default@ProcessLibs pre-execution cost: 5 ms .
[2025-11-03T09:22:49.009] [DEBUG] debug-file - entry : default@ProcessLibs cost memory 0.1030731201171875
[2025-11-03T09:22:49.011] [INFO] debug-file - UP-TO-DATE :entry:default@ProcessLibs...  
[2025-11-03T09:22:49.016] [DEBUG] debug-file - restool module names: entry; moduleName=entry, taskName=default@CompileResource
[2025-11-03T09:22:49.019] [DEBUG] debug-file - Executing task :entry:default@CompileResource
[2025-11-03T09:22:49.117] [DEBUG] debug-file - Incremental task entry:default@CompileResource pre-execution cost: 81 ms .
[2025-11-03T09:22:49.117] [DEBUG] debug-file - entry : default@CompileResource cost memory 1.00067138671875
[2025-11-03T09:22:49.121] [INFO] debug-file - UP-TO-DATE :entry:default@CompileResource...  
[2025-11-03T09:22:49.125] [DEBUG] debug-file - Executing task :entry:default@DoNativeStrip
[2025-11-03T09:22:49.126] [DEBUG] debug-file - Task 'entry:default@DoNativeStrip' cost while wrapping incremental declarations: 1 ms 
[2025-11-03T09:22:49.129] [DEBUG] debug-file - Incremental task entry:default@DoNativeStrip pre-execution cost: 4 ms .
[2025-11-03T09:22:49.130] [DEBUG] debug-file - entry : default@DoNativeStrip cost memory 0.0847625732421875
[2025-11-03T09:22:49.130] [INFO] debug-file - UP-TO-DATE :entry:default@DoNativeStrip...  
[2025-11-03T09:22:49.135] [DEBUG] debug-file - Executing task :entry:default@CompileArkTS
[2025-11-03T09:22:49.137] [DEBUG] debug-file - obfuscationOptions: undefined
[2025-11-03T09:22:49.191] [DEBUG] debug-file - Incremental task entry:default@CompileArkTS pre-execution cost: 48 ms .
[2025-11-03T09:22:49.192] [DEBUG] debug-file - entry : default@CompileArkTS cost memory 0.9472732543945312
[2025-11-03T09:22:49.198] [INFO] debug-file - UP-TO-DATE :entry:default@CompileArkTS...  
[2025-11-03T09:22:49.201] [DEBUG] debug-file - Executing task :entry:default@BuildJS
[2025-11-03T09:22:49.207] [DEBUG] debug-file - entry : default@BuildJS cost memory 0.11788177490234375
[2025-11-03T09:22:49.208] [DEBUG] debug-file - runTaskFromQueue task cost before running: 38 s 156 ms 
[2025-11-03T09:22:49.208] [INFO] debug-file - Finished :entry:default@BuildJS... after 7 ms 
[2025-11-03T09:22:49.211] [DEBUG] debug-file - Executing task :entry:default@CacheNativeLibs
[2025-11-03T09:22:49.213] [DEBUG] debug-file - Task 'entry:default@CacheNativeLibs' cost while wrapping incremental declarations: 2 ms 
[2025-11-03T09:22:49.218] [DEBUG] debug-file - Incremental task entry:default@CacheNativeLibs pre-execution cost: 5 ms .
[2025-11-03T09:22:49.218] [DEBUG] debug-file - entry : default@CacheNativeLibs cost memory 0.0991058349609375
[2025-11-03T09:22:49.218] [INFO] debug-file - UP-TO-DATE :entry:default@CacheNativeLibs...  
[2025-11-03T09:22:49.221] [DEBUG] debug-file - Executing task :entry:default@GeneratePkgModuleJson
[2025-11-03T09:22:49.222] [DEBUG] debug-file - File: 'F:\DevEcoStudioProjects\Rdb-master\entry\build\default\intermediates\preload\default\preload.json' from 'preloadSoJsonPath' is not exists, just ignore.
[2025-11-03T09:22:49.222] [DEBUG] debug-file - Task 'entry:default@GeneratePkgModuleJson' cost while wrapping incremental declarations: 1 ms 
[2025-11-03T09:22:49.225] [DEBUG] debug-file - Incremental task entry:default@GeneratePkgModuleJson pre-execution cost: 3 ms .
[2025-11-03T09:22:49.225] [DEBUG] debug-file - entry : default@GeneratePkgModuleJson cost memory 0.09515380859375
[2025-11-03T09:22:49.226] [INFO] debug-file - UP-TO-DATE :entry:default@GeneratePkgModuleJson...  
[2025-11-03T09:22:49.229] [DEBUG] debug-file - Executing task :entry:default@ProcessCompiledResources
[2025-11-03T09:22:49.229] [DEBUG] debug-file - File: 'F:\DevEcoStudioProjects\Rdb-master\entry\build\default\intermediates\preload\default\preload.json' from 'preloadSoJsonPath' is not exists, just ignore.
[2025-11-03T09:22:49.229] [DEBUG] debug-file - Task 'entry:default@ProcessCompiledResources' cost while wrapping incremental declarations: 1 ms 
[2025-11-03T09:22:49.231] [DEBUG] debug-file - entry : default@ProcessCompiledResources cost memory 0.06346893310546875
[2025-11-03T09:22:49.231] [DEBUG] debug-file - runTaskFromQueue task cost before running: 38 s 180 ms 
[2025-11-03T09:22:49.232] [INFO] debug-file - Finished :entry:default@ProcessCompiledResources... after 3 ms 
[2025-11-03T09:22:49.237] [DEBUG] debug-file - Executing task :entry:default@PackageHap
[2025-11-03T09:22:49.285] [DEBUG] debug-file - Incremental task entry:default@PackageHap pre-execution cost: 45 ms .
[2025-11-03T09:22:49.286] [DEBUG] debug-file - entry : default@PackageHap cost memory -13.634971618652344
[2025-11-03T09:22:49.288] [INFO] debug-file - UP-TO-DATE :entry:default@PackageHap...  
[2025-11-03T09:22:49.291] [DEBUG] debug-file - Executing task :entry:default@PackingCheck
[2025-11-03T09:22:49.309] [DEBUG] debug-file - entry : default@PackingCheck cost memory 0.6403579711914062
[2025-11-03T09:22:49.309] [DEBUG] debug-file - runTaskFromQueue task cost before running: 38 s 258 ms 
[2025-11-03T09:22:49.309] [INFO] debug-file - Finished :entry:default@PackingCheck... after 19 ms 
[2025-11-03T09:22:49.313] [DEBUG] debug-file - Executing task :entry:default@SignHap
[2025-11-03T09:22:49.313] [WARN] debug-file - Will skip sign 'hos_hap'. No signingConfigs profile is configured in current project.
             If needed, configure the signingConfigs in F:\DevEcoStudioProjects\Rdb-master\build-profile.json5.
[2025-11-03T09:22:49.317] [DEBUG] debug-file - entry:default@SignHap is not up-to-date, since the output file 'F:\DevEcoStudioProjects\Rdb-master\entry\build\default\outputs\default\entry-default-signed.hap' does not exist.
[2025-11-03T09:22:49.317] [DEBUG] debug-file - Incremental task entry:default@SignHap pre-execution cost: 3 ms .
[2025-11-03T09:22:49.318] [DEBUG] debug-file - entry : default@SignHap cost memory 0.1011505126953125
[2025-11-03T09:22:49.319] [DEBUG] debug-file - runTaskFromQueue task cost before running: 38 s 267 ms 
[2025-11-03T09:22:49.320] [INFO] debug-file - Finished :entry:default@SignHap... after 6 ms 
[2025-11-03T09:22:49.322] [DEBUG] debug-file - Executing task :entry:default@CollectDebugSymbol
[2025-11-03T09:22:49.324] [DEBUG] debug-file - entry : default@CollectDebugSymbol cost memory 0.08913421630859375
[2025-11-03T09:22:49.324] [DEBUG] debug-file - runTaskFromQueue task cost before running: 38 s 273 ms 
[2025-11-03T09:22:49.325] [INFO] debug-file - Finished :entry:default@CollectDebugSymbol... after 3 ms 
[2025-11-03T09:22:49.325] [DEBUG] debug-file - Executing task :entry:assembleHap
[2025-11-03T09:22:49.326] [DEBUG] debug-file - entry : assembleHap cost memory 0.01442718505859375
[2025-11-03T09:22:49.326] [DEBUG] debug-file - runTaskFromQueue task cost before running: 38 s 274 ms 
[2025-11-03T09:22:49.326] [INFO] debug-file - Finished :entry:assembleHap... after 1 ms 
[2025-11-03T09:22:49.344] [INFO] debug-file - BUILD SUCCESSFUL in 38 s 292 ms 
[2025-11-03T09:22:49.345] [DEBUG] debug-file - There is no need to refresh cache, since the incremental task entry:default@PreBuild is up-to-date.
[2025-11-03T09:22:49.346] [DEBUG] debug-file - Update task entry:default@CreateModuleInfo output file:F:\DevEcoStudioProjects\Rdb-master\entry\build\default\generated\profile\default\ModuleInfo.ts cache.
[2025-11-03T09:22:49.347] [DEBUG] debug-file - Incremental task entry:default@CreateModuleInfo post-execution cost:1 ms .
[2025-11-03T09:22:49.347] [DEBUG] debug-file - There is no need to refresh cache, since the incremental task entry:default@GenerateMetadata is up-to-date.
[2025-11-03T09:22:49.347] [DEBUG] debug-file - There is no need to refresh cache, since the incremental task entry:default@MergeProfile is up-to-date.
[2025-11-03T09:22:49.347] [DEBUG] debug-file - There is no need to refresh cache, since the incremental task entry:default@CreateBuildProfile is up-to-date.
[2025-11-03T09:22:49.347] [DEBUG] debug-file - Update task entry:default@GeneratePkgContextInfo output file:F:\DevEcoStudioProjects\Rdb-master\entry\build\default\intermediates\loader\default\pkgContextInfo.json cache.
[2025-11-03T09:22:49.348] [DEBUG] debug-file - Incremental task entry:default@GeneratePkgContextInfo post-execution cost:1 ms .
[2025-11-03T09:22:49.348] [DEBUG] debug-file - Update task entry:default@ProcessIntegratedHsp output file:F:\DevEcoStudioProjects\Rdb-master\build\cache\default\integrated_hsp\integratedHspCache.json cache.
[2025-11-03T09:22:49.349] [DEBUG] debug-file - Incremental task entry:default@ProcessIntegratedHsp post-execution cost:2 ms .
[2025-11-03T09:22:49.349] [DEBUG] debug-file - There is no need to refresh cache, since the incremental task entry:default@MakePackInfo is up-to-date.
[2025-11-03T09:22:49.350] [DEBUG] debug-file - Update task entry:default@SyscapTransform input file:F:\deveco\DevEco Studio\sdk\default\openharmony\toolchains\syscap_tool.exe cache by regenerate.
[2025-11-03T09:22:49.351] [DEBUG] debug-file - Update task entry:default@SyscapTransform input file:F:\deveco\DevEco Studio\sdk\default\openharmony\ets\api\device-define cache by regenerate.
[2025-11-03T09:22:49.355] [DEBUG] debug-file - Update task entry:default@SyscapTransform output file:F:\DevEcoStudioProjects\Rdb-master\entry\build\default\intermediates\syscap\default\rpcid.sc cache.
[2025-11-03T09:22:49.356] [DEBUG] debug-file - Incremental task entry:default@SyscapTransform post-execution cost:7 ms .
[2025-11-03T09:22:49.356] [DEBUG] debug-file - There is no need to refresh cache, since the incremental task entry:default@ProcessProfile is up-to-date.
[2025-11-03T09:22:49.356] [DEBUG] debug-file - There is no need to refresh cache, since the incremental task entry:default@ProcessRouterMap is up-to-date.
[2025-11-03T09:22:49.357] [DEBUG] debug-file - There is no need to refresh cache, since the incremental task entry:default@ProcessShareConfig is up-to-date.
[2025-11-03T09:22:49.357] [DEBUG] debug-file - Update task entry:default@ProcessStartupConfig output file:F:\DevEcoStudioProjects\Rdb-master\entry\build\default\intermediates\startup\default\startup_config.json cache.
[2025-11-03T09:22:49.357] [DEBUG] debug-file - Incremental task entry:default@ProcessStartupConfig post-execution cost:1 ms .
[2025-11-03T09:22:49.357] [DEBUG] debug-file - There is no need to refresh cache, since the incremental task entry:default@ProcessResource is up-to-date.
[2025-11-03T09:22:49.358] [DEBUG] debug-file - There is no need to refresh cache, since the incremental task entry:default@GenerateLoaderJson is up-to-date.
[2025-11-03T09:22:49.358] [DEBUG] debug-file - There is no need to refresh cache, since the incremental task entry:default@ProcessLibs is up-to-date.
[2025-11-03T09:22:49.358] [DEBUG] debug-file - There is no need to refresh cache, since the incremental task entry:default@CompileResource is up-to-date.
[2025-11-03T09:22:49.358] [DEBUG] debug-file - There is no need to refresh cache, since the incremental task entry:default@DoNativeStrip is up-to-date.
[2025-11-03T09:22:49.358] [DEBUG] debug-file - There is no need to refresh cache, since the incremental task entry:default@CompileArkTS is up-to-date.
[2025-11-03T09:22:49.361] [DEBUG] debug-file - Update task entry:default@BuildJS input file:F:\DevEcoStudioProjects\Rdb-master\entry\build\default\intermediates\loader\default cache by regenerate.
[2025-11-03T09:22:49.363] [DEBUG] debug-file - Update task entry:default@BuildJS input file:F:\DevEcoStudioProjects\Rdb-master\entry\build\default\intermediates\res\default\resources\rawfile cache by regenerate.
[2025-11-03T09:22:49.377] [DEBUG] debug-file - Update task entry:default@BuildJS input file:F:\DevEcoStudioProjects\Rdb-master\entry\build\default\intermediates\res\default\ResourceTable.txt cache by regenerate.
[2025-11-03T09:22:49.378] [DEBUG] debug-file - Update task entry:default@BuildJS input file:F:\DevEcoStudioProjects\Rdb-master\entry\build\default\intermediates\res\default\ark_module.json cache by regenerate.
[2025-11-03T09:22:49.379] [DEBUG] debug-file - Update task entry:default@BuildJS input file:F:\DevEcoStudioProjects\Rdb-master\entry\build\default\intermediates\res\default\resources\base\profile cache by regenerate.
[2025-11-03T09:22:49.381] [DEBUG] debug-file - Update task entry:default@BuildJS output file:F:\DevEcoStudioProjects\Rdb-master\entry\build\default\intermediates\loader_out\default\js cache.
[2025-11-03T09:22:49.382] [DEBUG] debug-file - Incremental task entry:default@BuildJS post-execution cost:24 ms .
[2025-11-03T09:22:49.382] [DEBUG] debug-file - There is no need to refresh cache, since the incremental task entry:default@CacheNativeLibs is up-to-date.
[2025-11-03T09:22:49.382] [DEBUG] debug-file - There is no need to refresh cache, since the incremental task entry:default@GeneratePkgModuleJson is up-to-date.
[2025-11-03T09:22:49.383] [DEBUG] debug-file - Incremental task entry:default@ProcessCompiledResources post-execution cost:1 ms .
[2025-11-03T09:22:49.383] [DEBUG] debug-file - There is no need to refresh cache, since the incremental task entry:default@PackageHap is up-to-date.
[2025-11-03T09:22:49.383] [DEBUG] debug-file - Update task entry:default@SignHap input file:F:\DevEcoStudioProjects\Rdb-master\entry\build\default\outputs\default\entry-default-unsigned.hap cache by regenerate.
[2025-11-03T09:22:49.384] [DEBUG] debug-file - Update task entry:default@SignHap output file:F:\DevEcoStudioProjects\Rdb-master\entry\build\default\outputs\default\entry-default-signed.hap cache.
[2025-11-03T09:22:49.385] [DEBUG] debug-file - Incremental task entry:default@SignHap post-execution cost:2 ms .
[2025-11-03T09:22:49.386] [DEBUG] debug-file - Update task entry:default@CollectDebugSymbol input file:F:\DevEcoStudioProjects\Rdb-master\entry\build\default\intermediates\loader_out\default\ets\sourceMaps.map cache by regenerate.
[2025-11-03T09:22:49.387] [DEBUG] debug-file - Update task entry:default@CollectDebugSymbol input file:F:\DevEcoStudioProjects\Rdb-master\entry\build\default\intermediates\libs\default cache by regenerate.
[2025-11-03T09:22:49.388] [DEBUG] debug-file - Update task entry:default@CollectDebugSymbol output file:F:\DevEcoStudioProjects\Rdb-master\entry\build\default\outputs\default\symbol cache.
[2025-11-03T09:22:49.388] [DEBUG] debug-file - Incremental task entry:default@CollectDebugSymbol post-execution cost:4 ms .
[2025-11-03T09:22:49.426] [DEBUG] debug-file - Since there is no instance or instance is terminated, create a new worker pool.
[2025-11-03T09:22:49.427] [DEBUG] debug-file - Worker pool is initialized with config:  {
  minPoolNum: 2,
  maxPoolNum: undefined,
  maxCoreSize: undefined,
  cacheCapacity: undefined,
  cacheTtl: undefined
}
[2025-11-03T09:22:49.428] [DEBUG] debug-file - Create  resident worker with id: 0.
[2025-11-03T09:22:49.433] [DEBUG] debug-file - Create  resident worker with id: 1.
[2025-11-03T09:22:49.441] [DEBUG] debug-file - session manager: send message to worker process.
[2025-11-03T09:22:49.442] [DEBUG] debug-file - session manager: send message to worker process.
[2025-11-03T09:22:49.437] [DEBUG] debug-file - Cleanup worker 0.
[2025-11-03T09:22:49.437] [DEBUG] debug-file - Worker 0 has been cleaned up.
[2025-11-03T09:22:49.437] [DEBUG] debug-file - Current idle worker size: 1.
[2025-11-03T09:22:49.438] [DEBUG] debug-file - Current resident worker size: 2.
[2025-11-03T09:22:49.438] [DEBUG] debug-file - Cleanup worker 1.
[2025-11-03T09:22:49.438] [DEBUG] debug-file - Worker 1 has been cleaned up.
[2025-11-03T09:22:49.438] [DEBUG] debug-file - Current idle worker size: 0.
[2025-11-03T09:22:49.438] [DEBUG] debug-file - Current resident worker size: 2.
[2025-11-03T09:22:49.440] [DEBUG] debug-file - hvigor build process will be closed.
[2025-11-03T09:22:49.446] [DEBUG] debug-file - worker[0] exits with exit code 0.
[2025-11-03T09:22:49.449] [DEBUG] debug-file - worker[1] exits with exit code 0.
[2025-11-03T09:22:49.450] [DEBUG] debug-file - watch worker: worker id should be larger than 0. Nothing will be sent to any worker thread.
[2025-11-03T09:22:49.450] [DEBUG] debug-file - watch worker: worker id should be larger than 0. Nothing will be sent to any worker thread.
[2025-11-03T09:33:20.827] [DEBUG] debug-file - session manager: set active socket. socketId=oHCxWSKYyVCRbRK3AAAD
[2025-11-03T09:33:20.863] [DEBUG] debug-file - watch worker: worker id should be larger than 0. Nothing will be sent to any worker thread.
[2025-11-03T09:33:20.882] [DEBUG] debug-file - Hvigor init with startParameters:{
  hvigorfileTypeCheck: false,
  parallelExecution: true,
  incrementalExecution: true,
  printStackTrace: false,
  daemon: true,
  analyze: 0,
  logLevel: Level { level: 20000, levelStr: 'INFO', colour: 'green' },
  optimizationStrategy: 'memory',
  hotCompile: undefined,
  hotReloadBuild: undefined
}
[2025-11-03T09:33:20.891] [DEBUG] debug-file - Cache service initialization finished in 9 ms 
[2025-11-03T09:33:20.893] [DEBUG] debug-file - hvigorfile, resolving F:\DevEcoStudioProjects\Rdb-master\hvigorfile.ts
[2025-11-03T09:33:20.905] [DEBUG] debug-file - hvigorfile, require result:  {}
[2025-11-03T09:33:20.906] [DEBUG] debug-file - hvigorfile, binding system plugins {}
[2025-11-03T09:33:20.929] [DEBUG] debug-file - Start initialize project's product build option map with build mode debug.
[2025-11-03T09:33:20.930] [DEBUG] debug-file - Picking option from product 'default' with build mode 'debug'.
[2025-11-03T09:33:20.932] [DEBUG] debug-file - Product 'default' build option initialized
[2025-11-03T09:33:20.932] [DEBUG] debug-file - End initialize project's product build option map with build mode 'debug'.
[2025-11-03T09:33:20.935] [DEBUG] debug-file - Obtain build option for product 'default'in this build.
[2025-11-03T09:33:20.938] [DEBUG] debug-file - No signingConfig found, initRemoteHspCache failed.
[2025-11-03T09:33:20.949] [DEBUG] debug-file - Start recording SDK configuration permission data.
[2025-11-03T09:33:21.006] [DEBUG] debug-file - Sdk init in 66 ms 
[2025-11-03T09:33:21.014] [DEBUG] debug-file - Project task initialization takes 7 ms 
[2025-11-03T09:33:21.014] [DEBUG] debug-file - hvigorfile, resolve finished F:\DevEcoStudioProjects\Rdb-master\hvigorfile.ts
[2025-11-03T09:33:21.016] [DEBUG] debug-file - hvigorfile, resolving F:\DevEcoStudioProjects\Rdb-master\entry\hvigorfile.ts
[2025-11-03T09:33:21.024] [DEBUG] debug-file - hvigorfile, require result:  {}
[2025-11-03T09:33:21.025] [DEBUG] debug-file - hvigorfile, binding system plugins {}
[2025-11-03T09:33:21.029] [DEBUG] debug-file - failed to load cangjie to dynamically generate schemas: Error: Cannot find module '@ohos/cangjie-build-support/index'
Require stack:
- F:\deveco\DevEco Studio\tools\hvigor\hvigor-ohos-plugin\src\plugin\factory\plugin-factory.js
- F:\deveco\DevEco Studio\tools\hvigor\hvigor-ohos-plugin\index.js
- F:\DevEcoStudioProjects\Rdb-master\hvigorfile.ts
- F:\deveco\DevEco Studio\tools\hvigor\hvigor\src\base\internal\lifecycle\configuration.js
- F:\deveco\DevEco Studio\tools\hvigor\hvigor\src\base\boot\index.js
- F:\deveco\DevEco Studio\tools\hvigor\hvigor\src\base\daemon\cluster\worker-process-lifecycle.js
- F:\deveco\DevEco Studio\tools\hvigor\hvigor\src\base\daemon\process\daemon-process-boot-script.js
[2025-11-03T09:33:21.034] [DEBUG] debug-file - Start initialize module-target build option map, moduleName=entry, buildMode=release
[2025-11-03T09:33:21.034] [DEBUG] debug-file - Target 'default' config initialized
[2025-11-03T09:33:21.034] [DEBUG] debug-file - Module 'entry' target 'default' build option initialized
[2025-11-03T09:33:21.035] [DEBUG] debug-file - End initialize module-target build option map, moduleName=entry
[2025-11-03T09:33:21.035] [DEBUG] debug-file - Start initialize module-target build option map, moduleName=entry, buildMode=debug
[2025-11-03T09:33:21.035] [DEBUG] debug-file - Target 'default' config initialized
[2025-11-03T09:33:21.035] [DEBUG] debug-file - Module 'entry' target 'default' build option initialized
[2025-11-03T09:33:21.036] [DEBUG] debug-file - End initialize module-target build option map, moduleName=entry
[2025-11-03T09:33:21.036] [DEBUG] debug-file - Start initialize module-target build option map, moduleName=entry, buildMode=debug
[2025-11-03T09:33:21.036] [DEBUG] debug-file - Target 'default' config initialized
[2025-11-03T09:33:21.037] [DEBUG] debug-file - Module 'entry' target 'default' build option initialized
[2025-11-03T09:33:21.037] [DEBUG] debug-file - End initialize module-target build option map, moduleName=entry
[2025-11-03T09:33:21.037] [DEBUG] debug-file - Obtain build option for module 'entry' target 'default'in this build.
[2025-11-03T09:33:21.042] [DEBUG] debug-file - Module entry task initialization takes 4 ms 
[2025-11-03T09:33:21.042] [DEBUG] debug-file - hvigorfile, resolve finished F:\DevEcoStudioProjects\Rdb-master\entry\hvigorfile.ts
[2025-11-03T09:33:21.088] [DEBUG] debug-file - hvigorfile, resolve hvigorfile dependencies in 45 ms 
[2025-11-03T09:33:21.089] [DEBUG] debug-file - project has submodules:entry
[2025-11-03T09:33:21.099] [DEBUG] debug-file - start to load updatedOhPackageInfo to the disk
[2025-11-03T09:33:21.125] [DEBUG] debug-file - load to the disk finished
[2025-11-03T09:33:21.128] [DEBUG] debug-file - Start to initialize dependency information.
[2025-11-03T09:33:21.131] [DEBUG] debug-file - Module Rdb-master Collected Dependency: 
[2025-11-03T09:33:21.131] [DEBUG] debug-file - Module Rdb-master's total dependency: 0
[2025-11-03T09:33:21.133] [DEBUG] debug-file - Start to initialize dependency information.
[2025-11-03T09:33:21.141] [DEBUG] debug-file - Module entry Collected Dependency: 
[2025-11-03T09:33:21.141] [DEBUG] debug-file - Module entry's total dependency: 0
[2025-11-03T09:33:21.147] [DEBUG] debug-file - Configuration phase cost:256 ms 
[2025-11-03T09:33:21.151] [DEBUG] debug-file - Configuration task cost before running: 280 ms 
[2025-11-03T09:33:21.167] [DEBUG] debug-file - Executing task :entry:default@PreBuild
[2025-11-03T09:33:21.170] [DEBUG] debug-file - Task 'entry:default@PreBuild' cost while wrapping incremental declarations: 1 ms 
[2025-11-03T09:33:21.207] [DEBUG] debug-file - Incremental task entry:default@PreBuild pre-execution cost: 28 ms .
[2025-11-03T09:33:21.207] [DEBUG] debug-file - entry : default@PreBuild cost memory 0.30478668212890625
[2025-11-03T09:33:21.218] [INFO] debug-file - UP-TO-DATE :entry:default@PreBuild...  
[2025-11-03T09:33:21.222] [DEBUG] debug-file - Executing task :entry:default@CreateModuleInfo
[2025-11-03T09:33:21.223] [DEBUG] debug-file - Task 'entry:default@CreateModuleInfo' cost while wrapping incremental declarations: 1 ms 
[2025-11-03T09:33:21.224] [DEBUG] debug-file - entry : default@CreateModuleInfo cost memory 0.04071807861328125
[2025-11-03T09:33:21.225] [DEBUG] debug-file - runTaskFromQueue task cost before running: 353 ms 
[2025-11-03T09:33:21.226] [INFO] debug-file - Finished :entry:default@CreateModuleInfo... after 3 ms 
[2025-11-03T09:33:21.230] [DEBUG] debug-file - Executing task :entry:default@GenerateMetadata
[2025-11-03T09:33:21.233] [DEBUG] debug-file - Task 'entry:default@GenerateMetadata' cost while wrapping incremental declarations: 2 ms 
[2025-11-03T09:33:21.238] [DEBUG] debug-file - Incremental task entry:default@GenerateMetadata pre-execution cost: 5 ms .
[2025-11-03T09:33:21.238] [DEBUG] debug-file - entry : default@GenerateMetadata cost memory 0.091064453125
[2025-11-03T09:33:21.239] [INFO] debug-file - UP-TO-DATE :entry:default@GenerateMetadata...  
[2025-11-03T09:33:21.243] [DEBUG] debug-file - Executing task :entry:default@ConfigureCmake
[2025-11-03T09:33:21.243] [DEBUG] debug-file - entry : default@ConfigureCmake cost memory 0.0168304443359375
[2025-11-03T09:33:21.244] [DEBUG] debug-file - runTaskFromQueue task cost before running: 372 ms 
[2025-11-03T09:33:21.245] [INFO] debug-file - Finished :entry:default@ConfigureCmake... after 2 ms 
[2025-11-03T09:33:21.248] [DEBUG] debug-file - Executing task :entry:default@MergeProfile
[2025-11-03T09:33:21.249] [DEBUG] debug-file - Task 'entry:default@MergeProfile' cost while wrapping incremental declarations: 1 ms 
[2025-11-03T09:33:21.255] [DEBUG] debug-file - Incremental task entry:default@MergeProfile pre-execution cost: 6 ms .
[2025-11-03T09:33:21.256] [DEBUG] debug-file - entry : default@MergeProfile cost memory 0.1371002197265625
[2025-11-03T09:33:21.256] [INFO] debug-file - UP-TO-DATE :entry:default@MergeProfile...  
[2025-11-03T09:33:21.259] [DEBUG] debug-file - Executing task :entry:default@CreateBuildProfile
[2025-11-03T09:33:21.261] [DEBUG] debug-file - Task 'entry:default@CreateBuildProfile' cost while wrapping incremental declarations: 2 ms 
[2025-11-03T09:33:21.266] [DEBUG] debug-file - Incremental task entry:default@CreateBuildProfile pre-execution cost: 5 ms .
[2025-11-03T09:33:21.266] [DEBUG] debug-file - entry : default@CreateBuildProfile cost memory 0.09935760498046875
[2025-11-03T09:33:21.267] [INFO] debug-file - UP-TO-DATE :entry:default@CreateBuildProfile...  
[2025-11-03T09:33:21.271] [DEBUG] debug-file - Executing task :entry:default@PreCheckSyscap
[2025-11-03T09:33:21.271] [DEBUG] debug-file - entry : default@PreCheckSyscap cost memory 0.01706695556640625
[2025-11-03T09:33:21.271] [DEBUG] debug-file - runTaskFromQueue task cost before running: 400 ms 
[2025-11-03T09:33:21.272] [INFO] debug-file - Finished :entry:default@PreCheckSyscap... after 1 ms 
[2025-11-03T09:33:21.275] [DEBUG] debug-file - Executing task :entry:default@GeneratePkgContextInfo
[2025-11-03T09:33:21.287] [DEBUG] debug-file - Task 'entry:default@GeneratePkgContextInfo' cost while wrapping incremental declarations: 1 ms 
[2025-11-03T09:33:21.288] [DEBUG] debug-file - entry : default@GeneratePkgContextInfo cost memory 0.2231597900390625
[2025-11-03T09:33:21.289] [DEBUG] debug-file - runTaskFromQueue task cost before running: 417 ms 
[2025-11-03T09:33:21.289] [INFO] debug-file - Finished :entry:default@GeneratePkgContextInfo... after 15 ms 
[2025-11-03T09:33:21.309] [DEBUG] debug-file - Executing task :entry:default@ProcessIntegratedHsp
[2025-11-03T09:33:21.310] [DEBUG] debug-file - entry:default@ProcessIntegratedHsp is not up-to-date, since the output file 'F:\DevEcoStudioProjects\Rdb-master\build\cache\default\integrated_hsp\integratedHspCache.json' does not exist.
[2025-11-03T09:33:21.310] [DEBUG] debug-file - Incremental task entry:default@ProcessIntegratedHsp pre-execution cost: 1 ms .
[2025-11-03T09:33:21.311] [DEBUG] debug-file - entry : default@ProcessIntegratedHsp cost memory 0.062591552734375
[2025-11-03T09:33:21.311] [DEBUG] debug-file - runTaskFromQueue task cost before running: 440 ms 
[2025-11-03T09:33:21.313] [INFO] debug-file - Finished :entry:default@ProcessIntegratedHsp... after 3 ms 
[2025-11-03T09:33:21.319] [DEBUG] debug-file - Executing task :entry:default@BuildNativeWithCmake
[2025-11-03T09:33:21.319] [DEBUG] debug-file - entry : default@BuildNativeWithCmake cost memory 0.01734161376953125
[2025-11-03T09:33:21.319] [DEBUG] debug-file - runTaskFromQueue task cost before running: 448 ms 
[2025-11-03T09:33:21.321] [INFO] debug-file - Finished :entry:default@BuildNativeWithCmake... after 1 ms 
[2025-11-03T09:33:21.330] [DEBUG] debug-file - Executing task :entry:default@MakePackInfo
[2025-11-03T09:33:21.338] [DEBUG] debug-file - Incremental task entry:default@MakePackInfo pre-execution cost: 7 ms .
[2025-11-03T09:33:21.339] [DEBUG] debug-file - entry : default@MakePackInfo cost memory 0.107757568359375
[2025-11-03T09:33:21.340] [INFO] debug-file - UP-TO-DATE :entry:default@MakePackInfo...  
[2025-11-03T09:33:21.344] [DEBUG] debug-file - Executing task :entry:default@SyscapTransform
[2025-11-03T09:33:21.344] [DEBUG] debug-file - File: 'F:\DevEcoStudioProjects\Rdb-master\entry\src\main\syscap.json' from 'sysCapJsonPath' is not exists, just ignore.
[2025-11-03T09:33:21.347] [DEBUG] debug-file - Task 'entry:default@SyscapTransform' cost while wrapping incremental declarations: 3 ms 
[2025-11-03T09:33:21.356] [DEBUG] debug-file - entry:default@SyscapTransform is not up-to-date, since the output file 'F:\DevEcoStudioProjects\Rdb-master\entry\build\default\intermediates\syscap\default\rpcid.sc' does not exist.
[2025-11-03T09:33:21.356] [DEBUG] debug-file - Incremental task entry:default@SyscapTransform pre-execution cost: 9 ms .
[2025-11-03T09:33:21.357] [DEBUG] debug-file - entry : default@SyscapTransform cost memory 0.15792083740234375
[2025-11-03T09:33:21.357] [DEBUG] debug-file - runTaskFromQueue task cost before running: 485 ms 
[2025-11-03T09:33:21.357] [INFO] debug-file - Finished :entry:default@SyscapTransform... after 14 ms 
[2025-11-03T09:33:21.362] [DEBUG] debug-file - Executing task :entry:default@ProcessProfile
[2025-11-03T09:33:21.364] [DEBUG] debug-file - Task 'entry:default@ProcessProfile' cost while wrapping incremental declarations: 1 ms 
[2025-11-03T09:33:21.368] [DEBUG] debug-file - Incremental task entry:default@ProcessProfile pre-execution cost: 4 ms .
[2025-11-03T09:33:21.368] [DEBUG] debug-file - entry : default@ProcessProfile cost memory 0.13469696044921875
[2025-11-03T09:33:21.369] [INFO] debug-file - UP-TO-DATE :entry:default@ProcessProfile...  
[2025-11-03T09:33:21.372] [DEBUG] debug-file - Executing task :entry:default@ProcessRouterMap
[2025-11-03T09:33:21.385] [DEBUG] debug-file - Incremental task entry:default@ProcessRouterMap pre-execution cost: 13 ms .
[2025-11-03T09:33:21.385] [DEBUG] debug-file - entry : default@ProcessRouterMap cost memory -1.4201736450195312
[2025-11-03T09:33:21.388] [INFO] debug-file - UP-TO-DATE :entry:default@ProcessRouterMap...  
[2025-11-03T09:33:21.393] [DEBUG] debug-file - Executing task :entry:default@ProcessShareConfig
[2025-11-03T09:33:21.402] [DEBUG] debug-file - Incremental task entry:default@ProcessShareConfig pre-execution cost: 8 ms .
[2025-11-03T09:33:21.403] [DEBUG] debug-file - entry : default@ProcessShareConfig cost memory 0.10882568359375
[2025-11-03T09:33:21.404] [INFO] debug-file - UP-TO-DATE :entry:default@ProcessShareConfig...  
[2025-11-03T09:33:21.408] [DEBUG] debug-file - Executing task :entry:default@ProcessStartupConfig
[2025-11-03T09:33:21.408] [DEBUG] debug-file - Task 'entry:default@ProcessStartupConfig' cost while wrapping incremental declarations: 1 ms 
[2025-11-03T09:33:21.409] [DEBUG] debug-file - entry:default@ProcessStartupConfig is not up-to-date, since the output file 'F:\DevEcoStudioProjects\Rdb-master\entry\build\default\intermediates\startup\default\startup_config.json' does not exist.
[2025-11-03T09:33:21.410] [DEBUG] debug-file - Incremental task entry:default@ProcessStartupConfig pre-execution cost: 1 ms .
[2025-11-03T09:33:21.410] [DEBUG] debug-file - entry : default@ProcessStartupConfig cost memory 0.09975433349609375
[2025-11-03T09:33:21.411] [DEBUG] debug-file - runTaskFromQueue task cost before running: 539 ms 
[2025-11-03T09:33:21.411] [INFO] debug-file - Finished :entry:default@ProcessStartupConfig... after 3 ms 
[2025-11-03T09:33:21.415] [DEBUG] debug-file - Executing task :entry:default@BuildNativeWithNinja
[2025-11-03T09:33:21.416] [DEBUG] debug-file - entry : default@BuildNativeWithNinja cost memory 0.0231475830078125
[2025-11-03T09:33:21.416] [DEBUG] debug-file - runTaskFromQueue task cost before running: 544 ms 
[2025-11-03T09:33:21.417] [INFO] debug-file - Finished :entry:default@BuildNativeWithNinja... after 2 ms 
[2025-11-03T09:33:21.420] [DEBUG] debug-file - restool module names: entry; moduleName=entry, taskName=default@ProcessResource
[2025-11-03T09:33:21.426] [DEBUG] debug-file - Executing task :entry:default@ProcessResource
[2025-11-03T09:33:21.426] [DEBUG] debug-file - Task 'entry:default@ProcessResource' cost while wrapping incremental declarations: 1 ms 
[2025-11-03T09:33:21.431] [DEBUG] debug-file - Incremental task entry:default@ProcessResource pre-execution cost: 4 ms .
[2025-11-03T09:33:21.431] [DEBUG] debug-file - entry : default@ProcessResource cost memory 0.13129425048828125
[2025-11-03T09:33:21.437] [INFO] debug-file - UP-TO-DATE :entry:default@ProcessResource...  
[2025-11-03T09:33:21.445] [DEBUG] debug-file - Executing task :entry:default@GenerateLoaderJson
[2025-11-03T09:33:21.446] [DEBUG] debug-file - Task 'entry:default@GenerateLoaderJson' cost while wrapping incremental declarations: 1 ms 
[2025-11-03T09:33:21.491] [DEBUG] debug-file - Incremental task entry:default@GenerateLoaderJson pre-execution cost: 23 ms .
[2025-11-03T09:33:21.492] [DEBUG] debug-file - entry : default@GenerateLoaderJson cost memory 0.44100189208984375
[2025-11-03T09:33:21.507] [INFO] debug-file - UP-TO-DATE :entry:default@GenerateLoaderJson...  
[2025-11-03T09:33:21.512] [DEBUG] debug-file - Executing task :entry:default@ProcessLibs
[2025-11-03T09:33:21.525] [DEBUG] debug-file - Incremental task entry:default@ProcessLibs pre-execution cost: 11 ms .
[2025-11-03T09:33:21.525] [DEBUG] debug-file - entry : default@ProcessLibs cost memory 0.10155487060546875
[2025-11-03T09:33:21.527] [INFO] debug-file - UP-TO-DATE :entry:default@ProcessLibs...  
[2025-11-03T09:33:21.534] [DEBUG] debug-file - restool module names: entry; moduleName=entry, taskName=default@CompileResource
[2025-11-03T09:33:21.536] [DEBUG] debug-file - Executing task :entry:default@CompileResource
[2025-11-03T09:33:21.636] [DEBUG] debug-file - Incremental task entry:default@CompileResource pre-execution cost: 96 ms .
[2025-11-03T09:33:21.637] [DEBUG] debug-file - entry : default@CompileResource cost memory 0.9856719970703125
[2025-11-03T09:33:21.641] [INFO] debug-file - UP-TO-DATE :entry:default@CompileResource...  
[2025-11-03T09:33:21.645] [DEBUG] debug-file - Executing task :entry:default@DoNativeStrip
[2025-11-03T09:33:21.645] [DEBUG] debug-file - Task 'entry:default@DoNativeStrip' cost while wrapping incremental declarations: 1 ms 
[2025-11-03T09:33:21.650] [DEBUG] debug-file - Incremental task entry:default@DoNativeStrip pre-execution cost: 5 ms .
[2025-11-03T09:33:21.651] [DEBUG] debug-file - entry : default@DoNativeStrip cost memory 0.0872650146484375
[2025-11-03T09:33:21.651] [INFO] debug-file - UP-TO-DATE :entry:default@DoNativeStrip...  
[2025-11-03T09:33:21.656] [DEBUG] debug-file - Executing task :entry:default@CompileArkTS
[2025-11-03T09:33:21.656] [DEBUG] debug-file - obfuscationOptions: undefined
[2025-11-03T09:33:21.751] [DEBUG] debug-file - Incremental task entry:default@CompileArkTS pre-execution cost: 83 ms .
[2025-11-03T09:33:21.751] [DEBUG] debug-file - entry : default@CompileArkTS cost memory -1.0286407470703125
[2025-11-03T09:33:21.761] [INFO] debug-file - UP-TO-DATE :entry:default@CompileArkTS...  
[2025-11-03T09:33:21.767] [DEBUG] debug-file - Executing task :entry:default@BuildJS
[2025-11-03T09:33:21.780] [DEBUG] debug-file - entry : default@BuildJS cost memory 0.12398529052734375
[2025-11-03T09:33:21.780] [DEBUG] debug-file - runTaskFromQueue task cost before running: 909 ms 
[2025-11-03T09:33:21.781] [INFO] debug-file - Finished :entry:default@BuildJS... after 14 ms 
[2025-11-03T09:33:21.785] [DEBUG] debug-file - Executing task :entry:default@CacheNativeLibs
[2025-11-03T09:33:21.787] [DEBUG] debug-file - Task 'entry:default@CacheNativeLibs' cost while wrapping incremental declarations: 2 ms 
[2025-11-03T09:33:21.796] [DEBUG] debug-file - Incremental task entry:default@CacheNativeLibs pre-execution cost: 10 ms .
[2025-11-03T09:33:21.797] [DEBUG] debug-file - entry : default@CacheNativeLibs cost memory 0.0982513427734375
[2025-11-03T09:33:21.797] [INFO] debug-file - UP-TO-DATE :entry:default@CacheNativeLibs...  
[2025-11-03T09:33:21.800] [DEBUG] debug-file - Executing task :entry:default@GeneratePkgModuleJson
[2025-11-03T09:33:21.801] [DEBUG] debug-file - File: 'F:\DevEcoStudioProjects\Rdb-master\entry\build\default\intermediates\preload\default\preload.json' from 'preloadSoJsonPath' is not exists, just ignore.
[2025-11-03T09:33:21.802] [DEBUG] debug-file - Task 'entry:default@GeneratePkgModuleJson' cost while wrapping incremental declarations: 2 ms 
[2025-11-03T09:33:21.807] [DEBUG] debug-file - Incremental task entry:default@GeneratePkgModuleJson pre-execution cost: 5 ms .
[2025-11-03T09:33:21.807] [DEBUG] debug-file - entry : default@GeneratePkgModuleJson cost memory 0.09514617919921875
[2025-11-03T09:33:21.808] [INFO] debug-file - UP-TO-DATE :entry:default@GeneratePkgModuleJson...  
[2025-11-03T09:33:21.813] [DEBUG] debug-file - Executing task :entry:default@ProcessCompiledResources
[2025-11-03T09:33:21.814] [DEBUG] debug-file - File: 'F:\DevEcoStudioProjects\Rdb-master\entry\build\default\intermediates\preload\default\preload.json' from 'preloadSoJsonPath' is not exists, just ignore.
[2025-11-03T09:33:21.815] [DEBUG] debug-file - Task 'entry:default@ProcessCompiledResources' cost while wrapping incremental declarations: 1 ms 
[2025-11-03T09:33:21.815] [DEBUG] debug-file - entry : default@ProcessCompiledResources cost memory 0.06585693359375
[2025-11-03T09:33:21.816] [DEBUG] debug-file - runTaskFromQueue task cost before running: 944 ms 
[2025-11-03T09:33:21.817] [INFO] debug-file - Finished :entry:default@ProcessCompiledResources... after 3 ms 
[2025-11-03T09:33:21.824] [DEBUG] debug-file - Executing task :entry:default@PackageHap
[2025-11-03T09:33:21.874] [DEBUG] debug-file - Incremental task entry:default@PackageHap pre-execution cost: 48 ms .
[2025-11-03T09:33:21.875] [DEBUG] debug-file - entry : default@PackageHap cost memory -1.1341629028320312
[2025-11-03T09:33:21.877] [INFO] debug-file - UP-TO-DATE :entry:default@PackageHap...  
[2025-11-03T09:33:21.881] [DEBUG] debug-file - Executing task :entry:default@PackingCheck
[2025-11-03T09:33:21.896] [DEBUG] debug-file - entry : default@PackingCheck cost memory 0.6434402465820312
[2025-11-03T09:33:21.896] [DEBUG] debug-file - runTaskFromQueue task cost before running: 1 s 25 ms 
[2025-11-03T09:33:21.897] [INFO] debug-file - Finished :entry:default@PackingCheck... after 16 ms 
[2025-11-03T09:33:21.900] [DEBUG] debug-file - Executing task :entry:default@SignHap
[2025-11-03T09:33:21.900] [WARN] debug-file - Will skip sign 'hos_hap'. No signingConfigs profile is configured in current project.
             If needed, configure the signingConfigs in F:\DevEcoStudioProjects\Rdb-master\build-profile.json5.
[2025-11-03T09:33:21.903] [DEBUG] debug-file - entry:default@SignHap is not up-to-date, since the output file 'F:\DevEcoStudioProjects\Rdb-master\entry\build\default\outputs\default\entry-default-signed.hap' does not exist.
[2025-11-03T09:33:21.903] [DEBUG] debug-file - Incremental task entry:default@SignHap pre-execution cost: 3 ms .
[2025-11-03T09:33:21.904] [DEBUG] debug-file - entry : default@SignHap cost memory 0.10070037841796875
[2025-11-03T09:33:21.904] [DEBUG] debug-file - runTaskFromQueue task cost before running: 1 s 33 ms 
[2025-11-03T09:33:21.905] [INFO] debug-file - Finished :entry:default@SignHap... after 5 ms 
[2025-11-03T09:33:21.908] [DEBUG] debug-file - Executing task :entry:default@CollectDebugSymbol
[2025-11-03T09:33:21.911] [DEBUG] debug-file - entry : default@CollectDebugSymbol cost memory 0.08867645263671875
[2025-11-03T09:33:21.911] [DEBUG] debug-file - runTaskFromQueue task cost before running: 1 s 40 ms 
[2025-11-03T09:33:21.912] [INFO] debug-file - Finished :entry:default@CollectDebugSymbol... after 4 ms 
[2025-11-03T09:33:21.912] [DEBUG] debug-file - Executing task :entry:assembleHap
[2025-11-03T09:33:21.912] [DEBUG] debug-file - entry : assembleHap cost memory 0.01427459716796875
[2025-11-03T09:33:21.913] [DEBUG] debug-file - runTaskFromQueue task cost before running: 1 s 41 ms 
[2025-11-03T09:33:21.913] [INFO] debug-file - Finished :entry:assembleHap... after 1 ms 
[2025-11-03T09:33:21.932] [INFO] debug-file - BUILD SUCCESSFUL in 1 s 61 ms 
[2025-11-03T09:33:21.933] [DEBUG] debug-file - There is no need to refresh cache, since the incremental task entry:default@PreBuild is up-to-date.
[2025-11-03T09:33:21.933] [DEBUG] debug-file - Update task entry:default@CreateModuleInfo output file:F:\DevEcoStudioProjects\Rdb-master\entry\build\default\generated\profile\default\ModuleInfo.ts cache.
[2025-11-03T09:33:21.934] [DEBUG] debug-file - Incremental task entry:default@CreateModuleInfo post-execution cost:1 ms .
[2025-11-03T09:33:21.934] [DEBUG] debug-file - There is no need to refresh cache, since the incremental task entry:default@GenerateMetadata is up-to-date.
[2025-11-03T09:33:21.934] [DEBUG] debug-file - There is no need to refresh cache, since the incremental task entry:default@MergeProfile is up-to-date.
[2025-11-03T09:33:21.934] [DEBUG] debug-file - There is no need to refresh cache, since the incremental task entry:default@CreateBuildProfile is up-to-date.
[2025-11-03T09:33:21.934] [DEBUG] debug-file - Update task entry:default@GeneratePkgContextInfo output file:F:\DevEcoStudioProjects\Rdb-master\entry\build\default\intermediates\loader\default\pkgContextInfo.json cache.
[2025-11-03T09:33:21.935] [DEBUG] debug-file - Incremental task entry:default@GeneratePkgContextInfo post-execution cost:1 ms .
[2025-11-03T09:33:21.935] [DEBUG] debug-file - Update task entry:default@ProcessIntegratedHsp output file:F:\DevEcoStudioProjects\Rdb-master\build\cache\default\integrated_hsp\integratedHspCache.json cache.
[2025-11-03T09:33:21.936] [DEBUG] debug-file - Incremental task entry:default@ProcessIntegratedHsp post-execution cost:1 ms .
[2025-11-03T09:33:21.937] [DEBUG] debug-file - There is no need to refresh cache, since the incremental task entry:default@MakePackInfo is up-to-date.
[2025-11-03T09:33:21.937] [DEBUG] debug-file - Update task entry:default@SyscapTransform input file:F:\deveco\DevEco Studio\sdk\default\openharmony\toolchains\syscap_tool.exe cache by regenerate.
[2025-11-03T09:33:21.939] [DEBUG] debug-file - Update task entry:default@SyscapTransform input file:F:\deveco\DevEco Studio\sdk\default\openharmony\ets\api\device-define cache by regenerate.
[2025-11-03T09:33:21.944] [DEBUG] debug-file - Update task entry:default@SyscapTransform output file:F:\DevEcoStudioProjects\Rdb-master\entry\build\default\intermediates\syscap\default\rpcid.sc cache.
[2025-11-03T09:33:21.945] [DEBUG] debug-file - Incremental task entry:default@SyscapTransform post-execution cost:8 ms .
[2025-11-03T09:33:21.945] [DEBUG] debug-file - There is no need to refresh cache, since the incremental task entry:default@ProcessProfile is up-to-date.
[2025-11-03T09:33:21.945] [DEBUG] debug-file - There is no need to refresh cache, since the incremental task entry:default@ProcessRouterMap is up-to-date.
[2025-11-03T09:33:21.945] [DEBUG] debug-file - There is no need to refresh cache, since the incremental task entry:default@ProcessShareConfig is up-to-date.
[2025-11-03T09:33:21.946] [DEBUG] debug-file - Update task entry:default@ProcessStartupConfig output file:F:\DevEcoStudioProjects\Rdb-master\entry\build\default\intermediates\startup\default\startup_config.json cache.
[2025-11-03T09:33:21.946] [DEBUG] debug-file - Incremental task entry:default@ProcessStartupConfig post-execution cost:1 ms .
[2025-11-03T09:33:21.946] [DEBUG] debug-file - There is no need to refresh cache, since the incremental task entry:default@ProcessResource is up-to-date.
[2025-11-03T09:33:21.946] [DEBUG] debug-file - There is no need to refresh cache, since the incremental task entry:default@GenerateLoaderJson is up-to-date.
[2025-11-03T09:33:21.947] [DEBUG] debug-file - There is no need to refresh cache, since the incremental task entry:default@ProcessLibs is up-to-date.
[2025-11-03T09:33:21.947] [DEBUG] debug-file - There is no need to refresh cache, since the incremental task entry:default@CompileResource is up-to-date.
[2025-11-03T09:33:21.947] [DEBUG] debug-file - There is no need to refresh cache, since the incremental task entry:default@DoNativeStrip is up-to-date.
[2025-11-03T09:33:21.947] [DEBUG] debug-file - There is no need to refresh cache, since the incremental task entry:default@CompileArkTS is up-to-date.
[2025-11-03T09:33:21.950] [DEBUG] debug-file - Update task entry:default@BuildJS input file:F:\DevEcoStudioProjects\Rdb-master\entry\build\default\intermediates\loader\default cache by regenerate.
[2025-11-03T09:33:21.952] [DEBUG] debug-file - Update task entry:default@BuildJS input file:F:\DevEcoStudioProjects\Rdb-master\entry\build\default\intermediates\res\default\resources\rawfile cache by regenerate.
[2025-11-03T09:33:21.980] [DEBUG] debug-file - Update task entry:default@BuildJS input file:F:\DevEcoStudioProjects\Rdb-master\entry\build\default\intermediates\res\default\ResourceTable.txt cache by regenerate.
[2025-11-03T09:33:21.982] [DEBUG] debug-file - Update task entry:default@BuildJS input file:F:\DevEcoStudioProjects\Rdb-master\entry\build\default\intermediates\res\default\ark_module.json cache by regenerate.
[2025-11-03T09:33:21.984] [DEBUG] debug-file - Update task entry:default@BuildJS input file:F:\DevEcoStudioProjects\Rdb-master\entry\build\default\intermediates\res\default\resources\base\profile cache by regenerate.
[2025-11-03T09:33:21.989] [DEBUG] debug-file - Update task entry:default@BuildJS output file:F:\DevEcoStudioProjects\Rdb-master\entry\build\default\intermediates\loader_out\default\js cache.
[2025-11-03T09:33:21.991] [DEBUG] debug-file - Incremental task entry:default@BuildJS post-execution cost:44 ms .
[2025-11-03T09:33:21.991] [DEBUG] debug-file - There is no need to refresh cache, since the incremental task entry:default@CacheNativeLibs is up-to-date.
[2025-11-03T09:33:21.991] [DEBUG] debug-file - There is no need to refresh cache, since the incremental task entry:default@GeneratePkgModuleJson is up-to-date.
[2025-11-03T09:33:21.991] [DEBUG] debug-file - Incremental task entry:default@ProcessCompiledResources post-execution cost:1 ms .
[2025-11-03T09:33:21.992] [DEBUG] debug-file - There is no need to refresh cache, since the incremental task entry:default@PackageHap is up-to-date.
[2025-11-03T09:33:21.993] [DEBUG] debug-file - Update task entry:default@SignHap input file:F:\DevEcoStudioProjects\Rdb-master\entry\build\default\outputs\default\entry-default-unsigned.hap cache by regenerate.
[2025-11-03T09:33:21.994] [DEBUG] debug-file - Update task entry:default@SignHap output file:F:\DevEcoStudioProjects\Rdb-master\entry\build\default\outputs\default\entry-default-signed.hap cache.
[2025-11-03T09:33:21.996] [DEBUG] debug-file - Incremental task entry:default@SignHap post-execution cost:4 ms .
[2025-11-03T09:33:21.998] [DEBUG] debug-file - Update task entry:default@CollectDebugSymbol input file:F:\DevEcoStudioProjects\Rdb-master\entry\build\default\intermediates\loader_out\default\ets\sourceMaps.map cache by regenerate.
[2025-11-03T09:33:21.999] [DEBUG] debug-file - Update task entry:default@CollectDebugSymbol input file:F:\DevEcoStudioProjects\Rdb-master\entry\build\default\intermediates\libs\default cache by regenerate.
[2025-11-03T09:33:22.001] [DEBUG] debug-file - Update task entry:default@CollectDebugSymbol output file:F:\DevEcoStudioProjects\Rdb-master\entry\build\default\outputs\default\symbol cache.
[2025-11-03T09:33:22.002] [DEBUG] debug-file - Incremental task entry:default@CollectDebugSymbol post-execution cost:6 ms .
[2025-11-03T09:33:22.062] [DEBUG] debug-file - There's no busy workers and idle workers need cleanup.
[2025-11-03T09:33:22.064] [DEBUG] debug-file - hvigor build process will be closed.
[2025-11-03T09:33:22.096] [DEBUG] debug-file - session manager: send message to worker process.
[2025-11-03T09:33:22.098] [DEBUG] debug-file - session manager: send message to worker process.
[2025-11-03T09:33:22.096] [DEBUG] debug-file - watch worker: worker id should be larger than 0. Nothing will be sent to any worker thread.
[2025-11-03T09:33:22.098] [DEBUG] debug-file - watch worker: worker id should be larger than 0. Nothing will be sent to any worker thread.
[2025-11-03T09:34:18.750] [DEBUG] debug-file - session manager: set active socket. socketId=2XUFkeaKsWEZ4cbaAAAF
[2025-11-03T09:34:18.837] [DEBUG] debug-file - watch worker: worker id should be larger than 0. Nothing will be sent to any worker thread.
[2025-11-03T09:34:18.868] [DEBUG] debug-file - Hvigor init with startParameters:{
  hvigorfileTypeCheck: false,
  parallelExecution: true,
  incrementalExecution: true,
  printStackTrace: false,
  daemon: true,
  analyze: 0,
  logLevel: Level { level: 20000, levelStr: 'INFO', colour: 'green' },
  optimizationStrategy: 'memory',
  hotCompile: undefined,
  hotReloadBuild: undefined
}
[2025-11-03T09:34:18.883] [DEBUG] debug-file - Cache service initialization finished in 15 ms 
[2025-11-03T09:34:18.888] [DEBUG] debug-file - hvigorfile, resolving F:\DevEcoStudioProjects\Rdb-master\hvigorfile.ts
[2025-11-03T09:34:18.902] [DEBUG] debug-file - hvigorfile, require result:  {}
[2025-11-03T09:34:18.903] [DEBUG] debug-file - hvigorfile, binding system plugins {}
[2025-11-03T09:34:18.918] [DEBUG] debug-file - Start initialize project's product build option map with build mode debug.
[2025-11-03T09:34:18.918] [DEBUG] debug-file - Picking option from product 'default' with build mode 'debug'.
[2025-11-03T09:34:18.918] [DEBUG] debug-file - Product 'default' build option initialized
[2025-11-03T09:34:18.919] [DEBUG] debug-file - End initialize project's product build option map with build mode 'debug'.
[2025-11-03T09:34:18.925] [DEBUG] debug-file - Obtain build option for product 'default'in this build.
[2025-11-03T09:34:18.928] [DEBUG] debug-file - No signingConfig found, initRemoteHspCache failed.
[2025-11-03T09:34:18.938] [DEBUG] debug-file - Start recording SDK configuration permission data.
[2025-11-03T09:34:19.001] [DEBUG] debug-file - Sdk init in 72 ms 
[2025-11-03T09:34:19.011] [DEBUG] debug-file - Project task initialization takes 7 ms 
[2025-11-03T09:34:19.011] [DEBUG] debug-file - hvigorfile, resolve finished F:\DevEcoStudioProjects\Rdb-master\hvigorfile.ts
[2025-11-03T09:34:19.012] [DEBUG] debug-file - hvigorfile, resolving F:\DevEcoStudioProjects\Rdb-master\entry\hvigorfile.ts
[2025-11-03T09:34:19.022] [DEBUG] debug-file - hvigorfile, require result:  {}
[2025-11-03T09:34:19.023] [DEBUG] debug-file - hvigorfile, binding system plugins {}
[2025-11-03T09:34:19.029] [DEBUG] debug-file - failed to load cangjie to dynamically generate schemas: Error: Cannot find module '@ohos/cangjie-build-support/index'
Require stack:
- F:\deveco\DevEco Studio\tools\hvigor\hvigor-ohos-plugin\src\plugin\factory\plugin-factory.js
- F:\deveco\DevEco Studio\tools\hvigor\hvigor-ohos-plugin\index.js
- F:\DevEcoStudioProjects\Rdb-master\hvigorfile.ts
- F:\deveco\DevEco Studio\tools\hvigor\hvigor\src\base\internal\lifecycle\configuration.js
- F:\deveco\DevEco Studio\tools\hvigor\hvigor\src\base\boot\index.js
- F:\deveco\DevEco Studio\tools\hvigor\hvigor\src\base\daemon\cluster\worker-process-lifecycle.js
- F:\deveco\DevEco Studio\tools\hvigor\hvigor\src\base\daemon\process\daemon-process-boot-script.js
[2025-11-03T09:34:19.035] [DEBUG] debug-file - Start initialize module-target build option map, moduleName=entry, buildMode=release
[2025-11-03T09:34:19.035] [DEBUG] debug-file - Target 'default' config initialized
[2025-11-03T09:34:19.036] [DEBUG] debug-file - Module 'entry' target 'default' build option initialized
[2025-11-03T09:34:19.036] [DEBUG] debug-file - End initialize module-target build option map, moduleName=entry
[2025-11-03T09:34:19.036] [DEBUG] debug-file - Start initialize module-target build option map, moduleName=entry, buildMode=debug
[2025-11-03T09:34:19.036] [DEBUG] debug-file - Target 'default' config initialized
[2025-11-03T09:34:19.037] [DEBUG] debug-file - Module 'entry' target 'default' build option initialized
[2025-11-03T09:34:19.037] [DEBUG] debug-file - End initialize module-target build option map, moduleName=entry
[2025-11-03T09:34:19.037] [DEBUG] debug-file - Start initialize module-target build option map, moduleName=entry, buildMode=debug
[2025-11-03T09:34:19.038] [DEBUG] debug-file - Target 'default' config initialized
[2025-11-03T09:34:19.039] [DEBUG] debug-file - Module 'entry' target 'default' build option initialized
[2025-11-03T09:34:19.039] [DEBUG] debug-file - End initialize module-target build option map, moduleName=entry
[2025-11-03T09:34:19.039] [DEBUG] debug-file - Obtain build option for module 'entry' target 'default'in this build.
[2025-11-03T09:34:19.042] [DEBUG] debug-file - Module entry task initialization takes 2 ms 
[2025-11-03T09:34:19.043] [DEBUG] debug-file - hvigorfile, resolve finished F:\DevEcoStudioProjects\Rdb-master\entry\hvigorfile.ts
[2025-11-03T09:34:19.078] [DEBUG] debug-file - hvigorfile, resolve hvigorfile dependencies in 34 ms 
[2025-11-03T09:34:19.078] [DEBUG] debug-file - project has submodules:entry
[2025-11-03T09:34:19.081] [DEBUG] debug-file - start to load updatedOhPackageInfo to the disk
[2025-11-03T09:34:19.102] [DEBUG] debug-file - load to the disk finished
[2025-11-03T09:34:19.105] [DEBUG] debug-file - Start to initialize dependency information.
[2025-11-03T09:34:19.108] [DEBUG] debug-file - Module Rdb-master Collected Dependency: 
[2025-11-03T09:34:19.109] [DEBUG] debug-file - Module Rdb-master's total dependency: 0
[2025-11-03T09:34:19.110] [DEBUG] debug-file - Start to initialize dependency information.
[2025-11-03T09:34:19.116] [DEBUG] debug-file - Module entry Collected Dependency: 
[2025-11-03T09:34:19.116] [DEBUG] debug-file - Module entry's total dependency: 0
[2025-11-03T09:34:19.121] [DEBUG] debug-file - Configuration phase cost:237 ms 
[2025-11-03T09:34:19.124] [DEBUG] debug-file - Configuration task cost before running: 275 ms 
[2025-11-03T09:34:19.134] [DEBUG] debug-file - Executing task :entry:default@PreBuild
[2025-11-03T09:34:19.137] [DEBUG] debug-file - Task 'entry:default@PreBuild' cost while wrapping incremental declarations: 1 ms 
[2025-11-03T09:34:19.169] [DEBUG] debug-file - Incremental task entry:default@PreBuild pre-execution cost: 22 ms .
[2025-11-03T09:34:19.169] [DEBUG] debug-file - entry : default@PreBuild cost memory -1.5119094848632812
[2025-11-03T09:34:19.177] [INFO] debug-file - UP-TO-DATE :entry:default@PreBuild...  
[2025-11-03T09:34:19.180] [DEBUG] debug-file - Executing task :entry:default@CreateModuleInfo
[2025-11-03T09:34:19.180] [DEBUG] debug-file - Task 'entry:default@CreateModuleInfo' cost while wrapping incremental declarations: 1 ms 
[2025-11-03T09:34:19.181] [DEBUG] debug-file - entry : default@CreateModuleInfo cost memory 0.06456756591796875
[2025-11-03T09:34:19.181] [DEBUG] debug-file - runTaskFromQueue task cost before running: 332 ms 
[2025-11-03T09:34:19.181] [INFO] debug-file - Finished :entry:default@CreateModuleInfo... after 1 ms 
[2025-11-03T09:34:19.185] [DEBUG] debug-file - Executing task :entry:default@GenerateMetadata
[2025-11-03T09:34:19.186] [DEBUG] debug-file - Task 'entry:default@GenerateMetadata' cost while wrapping incremental declarations: 2 ms 
[2025-11-03T09:34:19.190] [DEBUG] debug-file - Incremental task entry:default@GenerateMetadata pre-execution cost: 4 ms .
[2025-11-03T09:34:19.191] [DEBUG] debug-file - entry : default@GenerateMetadata cost memory 0.09062957763671875
[2025-11-03T09:34:19.191] [INFO] debug-file - UP-TO-DATE :entry:default@GenerateMetadata...  
[2025-11-03T09:34:19.194] [DEBUG] debug-file - Executing task :entry:default@ConfigureCmake
[2025-11-03T09:34:19.195] [DEBUG] debug-file - entry : default@ConfigureCmake cost memory 0.016143798828125
[2025-11-03T09:34:19.195] [DEBUG] debug-file - runTaskFromQueue task cost before running: 346 ms 
[2025-11-03T09:34:19.195] [INFO] debug-file - Finished :entry:default@ConfigureCmake... after 2 ms 
[2025-11-03T09:34:19.199] [DEBUG] debug-file - Executing task :entry:default@MergeProfile
[2025-11-03T09:34:19.199] [DEBUG] debug-file - Task 'entry:default@MergeProfile' cost while wrapping incremental declarations: 1 ms 
[2025-11-03T09:34:19.208] [DEBUG] debug-file - Incremental task entry:default@MergeProfile pre-execution cost: 9 ms .
[2025-11-03T09:34:19.209] [DEBUG] debug-file - entry : default@MergeProfile cost memory 0.13706207275390625
[2025-11-03T09:34:19.210] [INFO] debug-file - UP-TO-DATE :entry:default@MergeProfile...  
[2025-11-03T09:34:19.217] [DEBUG] debug-file - Executing task :entry:default@CreateBuildProfile
[2025-11-03T09:34:19.218] [DEBUG] debug-file - Task 'entry:default@CreateBuildProfile' cost while wrapping incremental declarations: 2 ms 
[2025-11-03T09:34:19.225] [DEBUG] debug-file - Incremental task entry:default@CreateBuildProfile pre-execution cost: 7 ms .
[2025-11-03T09:34:19.226] [DEBUG] debug-file - entry : default@CreateBuildProfile cost memory 0.098968505859375
[2025-11-03T09:34:19.226] [INFO] debug-file - UP-TO-DATE :entry:default@CreateBuildProfile...  
[2025-11-03T09:34:19.230] [DEBUG] debug-file - Executing task :entry:default@PreCheckSyscap
[2025-11-03T09:34:19.230] [DEBUG] debug-file - entry : default@PreCheckSyscap cost memory 0.01636505126953125
[2025-11-03T09:34:19.231] [DEBUG] debug-file - runTaskFromQueue task cost before running: 382 ms 
[2025-11-03T09:34:19.231] [INFO] debug-file - Finished :entry:default@PreCheckSyscap... after 1 ms 
[2025-11-03T09:34:19.234] [DEBUG] debug-file - Executing task :entry:default@GeneratePkgContextInfo
[2025-11-03T09:34:19.243] [DEBUG] debug-file - Task 'entry:default@GeneratePkgContextInfo' cost while wrapping incremental declarations: 1 ms 
[2025-11-03T09:34:19.244] [DEBUG] debug-file - entry : default@GeneratePkgContextInfo cost memory 0.1550140380859375
[2025-11-03T09:34:19.245] [DEBUG] debug-file - runTaskFromQueue task cost before running: 396 ms 
[2025-11-03T09:34:19.245] [INFO] debug-file - Finished :entry:default@GeneratePkgContextInfo... after 11 ms 
[2025-11-03T09:34:19.253] [DEBUG] debug-file - Executing task :entry:default@ProcessIntegratedHsp
[2025-11-03T09:34:19.254] [DEBUG] debug-file - entry:default@ProcessIntegratedHsp is not up-to-date, since the output file 'F:\DevEcoStudioProjects\Rdb-master\build\cache\default\integrated_hsp\integratedHspCache.json' does not exist.
[2025-11-03T09:34:19.254] [DEBUG] debug-file - Incremental task entry:default@ProcessIntegratedHsp pre-execution cost: 1 ms .
[2025-11-03T09:34:19.254] [DEBUG] debug-file - entry : default@ProcessIntegratedHsp cost memory 0.0615081787109375
[2025-11-03T09:34:19.254] [DEBUG] debug-file - runTaskFromQueue task cost before running: 405 ms 
[2025-11-03T09:34:19.256] [INFO] debug-file - Finished :entry:default@ProcessIntegratedHsp... after 2 ms 
[2025-11-03T09:34:19.260] [DEBUG] debug-file - Executing task :entry:default@BuildNativeWithCmake
[2025-11-03T09:34:19.260] [DEBUG] debug-file - entry : default@BuildNativeWithCmake cost memory 0.0171966552734375
[2025-11-03T09:34:19.260] [DEBUG] debug-file - runTaskFromQueue task cost before running: 411 ms 
[2025-11-03T09:34:19.261] [INFO] debug-file - Finished :entry:default@BuildNativeWithCmake... after 1 ms 
[2025-11-03T09:34:19.263] [DEBUG] debug-file - Executing task :entry:default@MakePackInfo
[2025-11-03T09:34:19.269] [DEBUG] debug-file - Incremental task entry:default@MakePackInfo pre-execution cost: 5 ms .
[2025-11-03T09:34:19.269] [DEBUG] debug-file - entry : default@MakePackInfo cost memory 0.10767364501953125
[2025-11-03T09:34:19.270] [INFO] debug-file - UP-TO-DATE :entry:default@MakePackInfo...  
[2025-11-03T09:34:19.273] [DEBUG] debug-file - Executing task :entry:default@SyscapTransform
[2025-11-03T09:34:19.273] [DEBUG] debug-file - File: 'F:\DevEcoStudioProjects\Rdb-master\entry\src\main\syscap.json' from 'sysCapJsonPath' is not exists, just ignore.
[2025-11-03T09:34:19.275] [DEBUG] debug-file - Task 'entry:default@SyscapTransform' cost while wrapping incremental declarations: 3 ms 
[2025-11-03T09:34:19.282] [DEBUG] debug-file - entry:default@SyscapTransform is not up-to-date, since the output file 'F:\DevEcoStudioProjects\Rdb-master\entry\build\default\intermediates\syscap\default\rpcid.sc' does not exist.
[2025-11-03T09:34:19.283] [DEBUG] debug-file - Incremental task entry:default@SyscapTransform pre-execution cost: 8 ms .
[2025-11-03T09:34:19.283] [DEBUG] debug-file - entry : default@SyscapTransform cost memory 0.15697479248046875
[2025-11-03T09:34:19.283] [DEBUG] debug-file - runTaskFromQueue task cost before running: 434 ms 
[2025-11-03T09:34:19.283] [INFO] debug-file - Finished :entry:default@SyscapTransform... after 11 ms 
[2025-11-03T09:34:19.286] [DEBUG] debug-file - Executing task :entry:default@ProcessProfile
[2025-11-03T09:34:19.288] [DEBUG] debug-file - Task 'entry:default@ProcessProfile' cost while wrapping incremental declarations: 1 ms 
[2025-11-03T09:34:19.293] [DEBUG] debug-file - Incremental task entry:default@ProcessProfile pre-execution cost: 4 ms .
[2025-11-03T09:34:19.293] [DEBUG] debug-file - entry : default@ProcessProfile cost memory 0.1323699951171875
[2025-11-03T09:34:19.294] [INFO] debug-file - UP-TO-DATE :entry:default@ProcessProfile...  
[2025-11-03T09:34:19.296] [DEBUG] debug-file - Executing task :entry:default@ProcessRouterMap
[2025-11-03T09:34:19.304] [DEBUG] debug-file - Incremental task entry:default@ProcessRouterMap pre-execution cost: 7 ms .
[2025-11-03T09:34:19.305] [DEBUG] debug-file - entry : default@ProcessRouterMap cost memory 0.1233673095703125
[2025-11-03T09:34:19.306] [INFO] debug-file - UP-TO-DATE :entry:default@ProcessRouterMap...  
[2025-11-03T09:34:19.308] [DEBUG] debug-file - Executing task :entry:default@ProcessShareConfig
[2025-11-03T09:34:19.314] [DEBUG] debug-file - Incremental task entry:default@ProcessShareConfig pre-execution cost: 5 ms .
[2025-11-03T09:34:19.315] [DEBUG] debug-file - entry : default@ProcessShareConfig cost memory 0.10883331298828125
[2025-11-03T09:34:19.316] [INFO] debug-file - UP-TO-DATE :entry:default@ProcessShareConfig...  
[2025-11-03T09:34:19.318] [DEBUG] debug-file - Executing task :entry:default@ProcessStartupConfig
[2025-11-03T09:34:19.318] [DEBUG] debug-file - Task 'entry:default@ProcessStartupConfig' cost while wrapping incremental declarations: 1 ms 
[2025-11-03T09:34:19.319] [DEBUG] debug-file - entry:default@ProcessStartupConfig is not up-to-date, since the output file 'F:\DevEcoStudioProjects\Rdb-master\entry\build\default\intermediates\startup\default\startup_config.json' does not exist.
[2025-11-03T09:34:19.321] [DEBUG] debug-file - Incremental task entry:default@ProcessStartupConfig pre-execution cost: 2 ms .
[2025-11-03T09:34:19.322] [DEBUG] debug-file - entry : default@ProcessStartupConfig cost memory 0.09998321533203125
[2025-11-03T09:34:19.322] [DEBUG] debug-file - runTaskFromQueue task cost before running: 473 ms 
[2025-11-03T09:34:19.323] [INFO] debug-file - Finished :entry:default@ProcessStartupConfig... after 4 ms 
[2025-11-03T09:34:19.326] [DEBUG] debug-file - Executing task :entry:default@BuildNativeWithNinja
[2025-11-03T09:34:19.327] [DEBUG] debug-file - entry : default@BuildNativeWithNinja cost memory 0.023101806640625
[2025-11-03T09:34:19.328] [DEBUG] debug-file - runTaskFromQueue task cost before running: 479 ms 
[2025-11-03T09:34:19.329] [INFO] debug-file - Finished :entry:default@BuildNativeWithNinja... after 2 ms 
[2025-11-03T09:34:19.338] [DEBUG] debug-file - restool module names: entry; moduleName=entry, taskName=default@ProcessResource
[2025-11-03T09:34:19.342] [DEBUG] debug-file - Executing task :entry:default@ProcessResource
[2025-11-03T09:34:19.343] [DEBUG] debug-file - Task 'entry:default@ProcessResource' cost while wrapping incremental declarations: 1 ms 
[2025-11-03T09:34:19.347] [DEBUG] debug-file - Incremental task entry:default@ProcessResource pre-execution cost: 4 ms .
[2025-11-03T09:34:19.348] [DEBUG] debug-file - entry : default@ProcessResource cost memory 0.13105010986328125
[2025-11-03T09:34:19.357] [INFO] debug-file - UP-TO-DATE :entry:default@ProcessResource...  
[2025-11-03T09:34:19.361] [DEBUG] debug-file - Executing task :entry:default@GenerateLoaderJson
[2025-11-03T09:34:19.362] [DEBUG] debug-file - Task 'entry:default@GenerateLoaderJson' cost while wrapping incremental declarations: 1 ms 
[2025-11-03T09:34:19.397] [DEBUG] debug-file - Incremental task entry:default@GenerateLoaderJson pre-execution cost: 23 ms .
[2025-11-03T09:34:19.397] [DEBUG] debug-file - entry : default@GenerateLoaderJson cost memory 0.43341827392578125
[2025-11-03T09:34:19.414] [INFO] debug-file - UP-TO-DATE :entry:default@GenerateLoaderJson...  
[2025-11-03T09:34:19.418] [DEBUG] debug-file - Executing task :entry:default@ProcessLibs
[2025-11-03T09:34:19.432] [DEBUG] debug-file - Incremental task entry:default@ProcessLibs pre-execution cost: 10 ms .
[2025-11-03T09:34:19.432] [DEBUG] debug-file - entry : default@ProcessLibs cost memory 0.1014251708984375
[2025-11-03T09:34:19.434] [INFO] debug-file - UP-TO-DATE :entry:default@ProcessLibs...  
[2025-11-03T09:34:19.440] [DEBUG] debug-file - restool module names: entry; moduleName=entry, taskName=default@CompileResource
[2025-11-03T09:34:19.443] [DEBUG] debug-file - Executing task :entry:default@CompileResource
[2025-11-03T09:34:19.562] [DEBUG] debug-file - Incremental task entry:default@CompileResource pre-execution cost: 114 ms .
[2025-11-03T09:34:19.562] [DEBUG] debug-file - entry : default@CompileResource cost memory -0.7753524780273438
[2025-11-03T09:34:19.566] [INFO] debug-file - UP-TO-DATE :entry:default@CompileResource...  
[2025-11-03T09:34:19.568] [DEBUG] debug-file - Executing task :entry:default@DoNativeStrip
[2025-11-03T09:34:19.569] [DEBUG] debug-file - Task 'entry:default@DoNativeStrip' cost while wrapping incremental declarations: 1 ms 
[2025-11-03T09:34:19.573] [DEBUG] debug-file - Incremental task entry:default@DoNativeStrip pre-execution cost: 4 ms .
[2025-11-03T09:34:19.573] [DEBUG] debug-file - entry : default@DoNativeStrip cost memory 0.0821075439453125
[2025-11-03T09:34:19.574] [INFO] debug-file - UP-TO-DATE :entry:default@DoNativeStrip...  
[2025-11-03T09:34:19.577] [DEBUG] debug-file - Executing task :entry:default@CompileArkTS
[2025-11-03T09:34:19.577] [DEBUG] debug-file - obfuscationOptions: undefined
[2025-11-03T09:34:19.641] [DEBUG] debug-file - Incremental task entry:default@CompileArkTS pre-execution cost: 57 ms .
[2025-11-03T09:34:19.641] [DEBUG] debug-file - entry : default@CompileArkTS cost memory 0.6688232421875
[2025-11-03T09:34:19.646] [INFO] debug-file - UP-TO-DATE :entry:default@CompileArkTS...  
[2025-11-03T09:34:19.649] [DEBUG] debug-file - Executing task :entry:default@BuildJS
[2025-11-03T09:34:19.660] [DEBUG] debug-file - entry : default@BuildJS cost memory -1.642974853515625
[2025-11-03T09:34:19.660] [DEBUG] debug-file - runTaskFromQueue task cost before running: 811 ms 
[2025-11-03T09:34:19.660] [INFO] debug-file - Finished :entry:default@BuildJS... after 11 ms 
[2025-11-03T09:34:19.663] [DEBUG] debug-file - Executing task :entry:default@CacheNativeLibs
[2025-11-03T09:34:19.664] [DEBUG] debug-file - Task 'entry:default@CacheNativeLibs' cost while wrapping incremental declarations: 1 ms 
[2025-11-03T09:34:19.668] [DEBUG] debug-file - Incremental task entry:default@CacheNativeLibs pre-execution cost: 4 ms .
[2025-11-03T09:34:19.669] [DEBUG] debug-file - entry : default@CacheNativeLibs cost memory 0.094879150390625
[2025-11-03T09:34:19.670] [INFO] debug-file - UP-TO-DATE :entry:default@CacheNativeLibs...  
[2025-11-03T09:34:19.673] [DEBUG] debug-file - Executing task :entry:default@GeneratePkgModuleJson
[2025-11-03T09:34:19.674] [DEBUG] debug-file - File: 'F:\DevEcoStudioProjects\Rdb-master\entry\build\default\intermediates\preload\default\preload.json' from 'preloadSoJsonPath' is not exists, just ignore.
[2025-11-03T09:34:19.674] [DEBUG] debug-file - Task 'entry:default@GeneratePkgModuleJson' cost while wrapping incremental declarations: 1 ms 
[2025-11-03T09:34:19.677] [DEBUG] debug-file - Incremental task entry:default@GeneratePkgModuleJson pre-execution cost: 3 ms .
[2025-11-03T09:34:19.677] [DEBUG] debug-file - entry : default@GeneratePkgModuleJson cost memory 0.0927886962890625
[2025-11-03T09:34:19.677] [INFO] debug-file - UP-TO-DATE :entry:default@GeneratePkgModuleJson...  
[2025-11-03T09:34:19.679] [DEBUG] debug-file - Executing task :entry:default@ProcessCompiledResources
[2025-11-03T09:34:19.680] [DEBUG] debug-file - File: 'F:\DevEcoStudioProjects\Rdb-master\entry\build\default\intermediates\preload\default\preload.json' from 'preloadSoJsonPath' is not exists, just ignore.
[2025-11-03T09:34:19.680] [DEBUG] debug-file - Task 'entry:default@ProcessCompiledResources' cost while wrapping incremental declarations: 1 ms 
[2025-11-03T09:34:19.680] [DEBUG] debug-file - entry : default@ProcessCompiledResources cost memory 0.06327056884765625
[2025-11-03T09:34:19.680] [DEBUG] debug-file - runTaskFromQueue task cost before running: 832 ms 
[2025-11-03T09:34:19.681] [INFO] debug-file - Finished :entry:default@ProcessCompiledResources... after 2 ms 
[2025-11-03T09:34:19.684] [DEBUG] debug-file - Executing task :entry:default@PackageHap
[2025-11-03T09:34:19.730] [DEBUG] debug-file - Incremental task entry:default@PackageHap pre-execution cost: 42 ms .
[2025-11-03T09:34:19.731] [DEBUG] debug-file - entry : default@PackageHap cost memory 0.56689453125
[2025-11-03T09:34:19.733] [INFO] debug-file - UP-TO-DATE :entry:default@PackageHap...  
[2025-11-03T09:34:19.736] [DEBUG] debug-file - Executing task :entry:default@PackingCheck
[2025-11-03T09:34:19.750] [DEBUG] debug-file - entry : default@PackingCheck cost memory -1.2956695556640625
[2025-11-03T09:34:19.751] [DEBUG] debug-file - runTaskFromQueue task cost before running: 902 ms 
[2025-11-03T09:34:19.751] [INFO] debug-file - Finished :entry:default@PackingCheck... after 15 ms 
[2025-11-03T09:34:19.755] [DEBUG] debug-file - Executing task :entry:default@SignHap
[2025-11-03T09:34:19.756] [WARN] debug-file - Will skip sign 'hos_hap'. No signingConfigs profile is configured in current project.
             If needed, configure the signingConfigs in F:\DevEcoStudioProjects\Rdb-master\build-profile.json5.
[2025-11-03T09:34:19.759] [DEBUG] debug-file - entry:default@SignHap is not up-to-date, since the output file 'F:\DevEcoStudioProjects\Rdb-master\entry\build\default\outputs\default\entry-default-signed.hap' does not exist.
[2025-11-03T09:34:19.759] [DEBUG] debug-file - Incremental task entry:default@SignHap pre-execution cost: 3 ms .
[2025-11-03T09:34:19.761] [DEBUG] debug-file - entry : default@SignHap cost memory 0.09979248046875
[2025-11-03T09:34:19.761] [DEBUG] debug-file - runTaskFromQueue task cost before running: 912 ms 
[2025-11-03T09:34:19.762] [INFO] debug-file - Finished :entry:default@SignHap... after 6 ms 
[2025-11-03T09:34:19.765] [DEBUG] debug-file - Executing task :entry:default@CollectDebugSymbol
[2025-11-03T09:34:19.767] [DEBUG] debug-file - entry : default@CollectDebugSymbol cost memory 0.088653564453125
[2025-11-03T09:34:19.768] [DEBUG] debug-file - runTaskFromQueue task cost before running: 919 ms 
[2025-11-03T09:34:19.768] [INFO] debug-file - Finished :entry:default@CollectDebugSymbol... after 3 ms 
[2025-11-03T09:34:19.769] [DEBUG] debug-file - Executing task :entry:assembleHap
[2025-11-03T09:34:19.769] [DEBUG] debug-file - entry : assembleHap cost memory 0.01432037353515625
[2025-11-03T09:34:19.770] [DEBUG] debug-file - runTaskFromQueue task cost before running: 921 ms 
[2025-11-03T09:34:19.770] [INFO] debug-file - Finished :entry:assembleHap... after 2 ms 
[2025-11-03T09:34:19.791] [INFO] debug-file - BUILD SUCCESSFUL in 941 ms 
[2025-11-03T09:34:19.792] [DEBUG] debug-file - There is no need to refresh cache, since the incremental task entry:default@PreBuild is up-to-date.
[2025-11-03T09:34:19.792] [DEBUG] debug-file - Update task entry:default@CreateModuleInfo output file:F:\DevEcoStudioProjects\Rdb-master\entry\build\default\generated\profile\default\ModuleInfo.ts cache.
[2025-11-03T09:34:19.793] [DEBUG] debug-file - Incremental task entry:default@CreateModuleInfo post-execution cost:1 ms .
[2025-11-03T09:34:19.793] [DEBUG] debug-file - There is no need to refresh cache, since the incremental task entry:default@GenerateMetadata is up-to-date.
[2025-11-03T09:34:19.794] [DEBUG] debug-file - There is no need to refresh cache, since the incremental task entry:default@MergeProfile is up-to-date.
[2025-11-03T09:34:19.794] [DEBUG] debug-file - There is no need to refresh cache, since the incremental task entry:default@CreateBuildProfile is up-to-date.
[2025-11-03T09:34:19.794] [DEBUG] debug-file - Update task entry:default@GeneratePkgContextInfo output file:F:\DevEcoStudioProjects\Rdb-master\entry\build\default\intermediates\loader\default\pkgContextInfo.json cache.
[2025-11-03T09:34:19.795] [DEBUG] debug-file - Incremental task entry:default@GeneratePkgContextInfo post-execution cost:1 ms .
[2025-11-03T09:34:19.795] [DEBUG] debug-file - Update task entry:default@ProcessIntegratedHsp output file:F:\DevEcoStudioProjects\Rdb-master\build\cache\default\integrated_hsp\integratedHspCache.json cache.
[2025-11-03T09:34:19.796] [DEBUG] debug-file - Incremental task entry:default@ProcessIntegratedHsp post-execution cost:1 ms .
[2025-11-03T09:34:19.796] [DEBUG] debug-file - There is no need to refresh cache, since the incremental task entry:default@MakePackInfo is up-to-date.
[2025-11-03T09:34:19.796] [DEBUG] debug-file - Update task entry:default@SyscapTransform input file:F:\deveco\DevEco Studio\sdk\default\openharmony\toolchains\syscap_tool.exe cache by regenerate.
[2025-11-03T09:34:19.797] [DEBUG] debug-file - Update task entry:default@SyscapTransform input file:F:\deveco\DevEco Studio\sdk\default\openharmony\ets\api\device-define cache by regenerate.
[2025-11-03T09:34:19.802] [DEBUG] debug-file - Update task entry:default@SyscapTransform output file:F:\DevEcoStudioProjects\Rdb-master\entry\build\default\intermediates\syscap\default\rpcid.sc cache.
[2025-11-03T09:34:19.803] [DEBUG] debug-file - Incremental task entry:default@SyscapTransform post-execution cost:8 ms .
[2025-11-03T09:34:19.803] [DEBUG] debug-file - There is no need to refresh cache, since the incremental task entry:default@ProcessProfile is up-to-date.
[2025-11-03T09:34:19.804] [DEBUG] debug-file - There is no need to refresh cache, since the incremental task entry:default@ProcessRouterMap is up-to-date.
[2025-11-03T09:34:19.804] [DEBUG] debug-file - There is no need to refresh cache, since the incremental task entry:default@ProcessShareConfig is up-to-date.
[2025-11-03T09:34:19.804] [DEBUG] debug-file - Update task entry:default@ProcessStartupConfig output file:F:\DevEcoStudioProjects\Rdb-master\entry\build\default\intermediates\startup\default\startup_config.json cache.
[2025-11-03T09:34:19.805] [DEBUG] debug-file - Incremental task entry:default@ProcessStartupConfig post-execution cost:1 ms .
[2025-11-03T09:34:19.805] [DEBUG] debug-file - There is no need to refresh cache, since the incremental task entry:default@ProcessResource is up-to-date.
[2025-11-03T09:34:19.805] [DEBUG] debug-file - There is no need to refresh cache, since the incremental task entry:default@GenerateLoaderJson is up-to-date.
[2025-11-03T09:34:19.805] [DEBUG] debug-file - There is no need to refresh cache, since the incremental task entry:default@ProcessLibs is up-to-date.
[2025-11-03T09:34:19.806] [DEBUG] debug-file - There is no need to refresh cache, since the incremental task entry:default@CompileResource is up-to-date.
[2025-11-03T09:34:19.806] [DEBUG] debug-file - There is no need to refresh cache, since the incremental task entry:default@DoNativeStrip is up-to-date.
[2025-11-03T09:34:19.806] [DEBUG] debug-file - There is no need to refresh cache, since the incremental task entry:default@CompileArkTS is up-to-date.
[2025-11-03T09:34:19.809] [DEBUG] debug-file - Update task entry:default@BuildJS input file:F:\DevEcoStudioProjects\Rdb-master\entry\build\default\intermediates\loader\default cache by regenerate.
[2025-11-03T09:34:19.811] [DEBUG] debug-file - Update task entry:default@BuildJS input file:F:\DevEcoStudioProjects\Rdb-master\entry\build\default\intermediates\res\default\resources\rawfile cache by regenerate.
[2025-11-03T09:34:19.832] [DEBUG] debug-file - Update task entry:default@BuildJS input file:F:\DevEcoStudioProjects\Rdb-master\entry\build\default\intermediates\res\default\ResourceTable.txt cache by regenerate.
[2025-11-03T09:34:19.833] [DEBUG] debug-file - Update task entry:default@BuildJS input file:F:\DevEcoStudioProjects\Rdb-master\entry\build\default\intermediates\res\default\ark_module.json cache by regenerate.
[2025-11-03T09:34:19.834] [DEBUG] debug-file - Update task entry:default@BuildJS input file:F:\DevEcoStudioProjects\Rdb-master\entry\build\default\intermediates\res\default\resources\base\profile cache by regenerate.
[2025-11-03T09:34:19.836] [DEBUG] debug-file - Update task entry:default@BuildJS output file:F:\DevEcoStudioProjects\Rdb-master\entry\build\default\intermediates\loader_out\default\js cache.
[2025-11-03T09:34:19.837] [DEBUG] debug-file - Incremental task entry:default@BuildJS post-execution cost:32 ms .
[2025-11-03T09:34:19.837] [DEBUG] debug-file - There is no need to refresh cache, since the incremental task entry:default@CacheNativeLibs is up-to-date.
[2025-11-03T09:34:19.838] [DEBUG] debug-file - There is no need to refresh cache, since the incremental task entry:default@GeneratePkgModuleJson is up-to-date.
[2025-11-03T09:34:19.838] [DEBUG] debug-file - Incremental task entry:default@ProcessCompiledResources post-execution cost:1 ms .
[2025-11-03T09:34:19.838] [DEBUG] debug-file - There is no need to refresh cache, since the incremental task entry:default@PackageHap is up-to-date.
[2025-11-03T09:34:19.839] [DEBUG] debug-file - Update task entry:default@SignHap input file:F:\DevEcoStudioProjects\Rdb-master\entry\build\default\outputs\default\entry-default-unsigned.hap cache by regenerate.
[2025-11-03T09:34:19.841] [DEBUG] debug-file - Update task entry:default@SignHap output file:F:\DevEcoStudioProjects\Rdb-master\entry\build\default\outputs\default\entry-default-signed.hap cache.
[2025-11-03T09:34:19.841] [DEBUG] debug-file - Incremental task entry:default@SignHap post-execution cost:4 ms .
[2025-11-03T09:34:19.843] [DEBUG] debug-file - Update task entry:default@CollectDebugSymbol input file:F:\DevEcoStudioProjects\Rdb-master\entry\build\default\intermediates\loader_out\default\ets\sourceMaps.map cache by regenerate.
[2025-11-03T09:34:19.844] [DEBUG] debug-file - Update task entry:default@CollectDebugSymbol input file:F:\DevEcoStudioProjects\Rdb-master\entry\build\default\intermediates\libs\default cache by regenerate.
[2025-11-03T09:34:19.845] [DEBUG] debug-file - Update task entry:default@CollectDebugSymbol output file:F:\DevEcoStudioProjects\Rdb-master\entry\build\default\outputs\default\symbol cache.
[2025-11-03T09:34:19.845] [DEBUG] debug-file - Incremental task entry:default@CollectDebugSymbol post-execution cost:4 ms .
[2025-11-03T09:34:19.899] [DEBUG] debug-file - There's no busy workers and idle workers need cleanup.
[2025-11-03T09:34:19.904] [DEBUG] debug-file - hvigor build process will be closed.
[2025-11-03T09:34:19.938] [DEBUG] debug-file - session manager: send message to worker process.
[2025-11-03T09:34:19.942] [DEBUG] debug-file - session manager: send message to worker process.
[2025-11-03T09:34:19.939] [DEBUG] debug-file - watch worker: worker id should be larger than 0. Nothing will be sent to any worker thread.
[2025-11-03T09:34:19.943] [DEBUG] debug-file - watch worker: worker id should be larger than 0. Nothing will be sent to any worker thread.
[2025-11-03T09:39:37.128] [DEBUG] debug-file - session manager: set active socket. socketId=PbetroSgHLuJtcZqAAAH
[2025-11-03T09:39:37.189] [DEBUG] debug-file - watch worker: worker id should be larger than 0. Nothing will be sent to any worker thread.
[2025-11-03T09:39:37.203] [DEBUG] debug-file - Hvigor init with startParameters:{
  hvigorfileTypeCheck: false,
  parallelExecution: true,
  incrementalExecution: true,
  printStackTrace: false,
  daemon: true,
  analyze: 0,
  logLevel: Level { level: 20000, levelStr: 'INFO', colour: 'green' },
  optimizationStrategy: 'memory',
  hotCompile: undefined,
  hotReloadBuild: undefined
}
[2025-11-03T09:39:37.213] [DEBUG] debug-file - Cache service initialization finished in 10 ms 
[2025-11-03T09:39:37.215] [DEBUG] debug-file - hvigorfile, resolving F:\DevEcoStudioProjects\Rdb-master\hvigorfile.ts
[2025-11-03T09:39:37.225] [DEBUG] debug-file - hvigorfile, require result:  {}
[2025-11-03T09:39:37.225] [DEBUG] debug-file - hvigorfile, binding system plugins {}
[2025-11-03T09:39:37.245] [DEBUG] debug-file - Start initialize project's product build option map with build mode debug.
[2025-11-03T09:39:37.247] [DEBUG] debug-file - Picking option from product 'default' with build mode 'debug'.
[2025-11-03T09:39:37.248] [DEBUG] debug-file - Product 'default' build option initialized
[2025-11-03T09:39:37.248] [DEBUG] debug-file - End initialize project's product build option map with build mode 'debug'.
[2025-11-03T09:39:37.250] [DEBUG] debug-file - Obtain build option for product 'default'in this build.
[2025-11-03T09:39:37.253] [DEBUG] debug-file - No signingConfig found, initRemoteHspCache failed.
[2025-11-03T09:39:37.261] [DEBUG] debug-file - Start recording SDK configuration permission data.
[2025-11-03T09:39:37.323] [DEBUG] debug-file - Sdk init in 69 ms 
[2025-11-03T09:39:37.332] [DEBUG] debug-file - Project task initialization takes 7 ms 
[2025-11-03T09:39:37.332] [DEBUG] debug-file - hvigorfile, resolve finished F:\DevEcoStudioProjects\Rdb-master\hvigorfile.ts
[2025-11-03T09:39:37.333] [DEBUG] debug-file - hvigorfile, resolving F:\DevEcoStudioProjects\Rdb-master\entry\hvigorfile.ts
[2025-11-03T09:39:37.338] [DEBUG] debug-file - hvigorfile, require result:  {}
[2025-11-03T09:39:37.338] [DEBUG] debug-file - hvigorfile, binding system plugins {}
[2025-11-03T09:39:37.348] [DEBUG] debug-file - failed to load cangjie to dynamically generate schemas: Error: Cannot find module '@ohos/cangjie-build-support/index'
Require stack:
- F:\deveco\DevEco Studio\tools\hvigor\hvigor-ohos-plugin\src\plugin\factory\plugin-factory.js
- F:\deveco\DevEco Studio\tools\hvigor\hvigor-ohos-plugin\index.js
- F:\DevEcoStudioProjects\Rdb-master\hvigorfile.ts
- F:\deveco\DevEco Studio\tools\hvigor\hvigor\src\base\internal\lifecycle\configuration.js
- F:\deveco\DevEco Studio\tools\hvigor\hvigor\src\base\boot\index.js
- F:\deveco\DevEco Studio\tools\hvigor\hvigor\src\base\daemon\cluster\worker-process-lifecycle.js
- F:\deveco\DevEco Studio\tools\hvigor\hvigor\src\base\daemon\process\daemon-process-boot-script.js
[2025-11-03T09:39:37.354] [DEBUG] debug-file - Start initialize module-target build option map, moduleName=entry, buildMode=release
[2025-11-03T09:39:37.354] [DEBUG] debug-file - Target 'default' config initialized
[2025-11-03T09:39:37.354] [DEBUG] debug-file - Module 'entry' target 'default' build option initialized
[2025-11-03T09:39:37.355] [DEBUG] debug-file - End initialize module-target build option map, moduleName=entry
[2025-11-03T09:39:37.355] [DEBUG] debug-file - Start initialize module-target build option map, moduleName=entry, buildMode=debug
[2025-11-03T09:39:37.355] [DEBUG] debug-file - Target 'default' config initialized
[2025-11-03T09:39:37.355] [DEBUG] debug-file - Module 'entry' target 'default' build option initialized
[2025-11-03T09:39:37.356] [DEBUG] debug-file - End initialize module-target build option map, moduleName=entry
[2025-11-03T09:39:37.356] [DEBUG] debug-file - Start initialize module-target build option map, moduleName=entry, buildMode=debug
[2025-11-03T09:39:37.356] [DEBUG] debug-file - Target 'default' config initialized
[2025-11-03T09:39:37.356] [DEBUG] debug-file - Module 'entry' target 'default' build option initialized
[2025-11-03T09:39:37.356] [DEBUG] debug-file - End initialize module-target build option map, moduleName=entry
[2025-11-03T09:39:37.356] [DEBUG] debug-file - Obtain build option for module 'entry' target 'default'in this build.
[2025-11-03T09:39:37.360] [DEBUG] debug-file - Module entry task initialization takes 2 ms 
[2025-11-03T09:39:37.360] [DEBUG] debug-file - hvigorfile, resolve finished F:\DevEcoStudioProjects\Rdb-master\entry\hvigorfile.ts
[2025-11-03T09:39:37.392] [DEBUG] debug-file - hvigorfile, resolve hvigorfile dependencies in 32 ms 
[2025-11-03T09:39:37.392] [DEBUG] debug-file - project has submodules:entry
[2025-11-03T09:39:37.396] [DEBUG] debug-file - start to load updatedOhPackageInfo to the disk
[2025-11-03T09:39:37.423] [DEBUG] debug-file - load to the disk finished
[2025-11-03T09:39:37.428] [DEBUG] debug-file - Start to initialize dependency information.
[2025-11-03T09:39:37.431] [DEBUG] debug-file - Module Rdb-master Collected Dependency: 
[2025-11-03T09:39:37.431] [DEBUG] debug-file - Module Rdb-master's total dependency: 0
[2025-11-03T09:39:37.433] [DEBUG] debug-file - Start to initialize dependency information.
[2025-11-03T09:39:37.440] [DEBUG] debug-file - Module entry Collected Dependency: 
[2025-11-03T09:39:37.440] [DEBUG] debug-file - Module entry's total dependency: 0
[2025-11-03T09:39:37.446] [DEBUG] debug-file - Configuration phase cost:233 ms 
[2025-11-03T09:39:37.448] [DEBUG] debug-file - Configuration task cost before running: 252 ms 
[2025-11-03T09:39:37.462] [DEBUG] debug-file - Executing task :entry:default@PreBuild
[2025-11-03T09:39:37.463] [DEBUG] debug-file - Task 'entry:default@PreBuild' cost while wrapping incremental declarations: 1 ms 
[2025-11-03T09:39:37.492] [DEBUG] debug-file - Incremental task entry:default@PreBuild pre-execution cost: 21 ms .
[2025-11-03T09:39:37.493] [DEBUG] debug-file - entry : default@PreBuild cost memory 0.28379058837890625
[2025-11-03T09:39:37.499] [INFO] debug-file - UP-TO-DATE :entry:default@PreBuild...  
[2025-11-03T09:39:37.501] [DEBUG] debug-file - Executing task :entry:default@CreateModuleInfo
[2025-11-03T09:39:37.502] [DEBUG] debug-file - Task 'entry:default@CreateModuleInfo' cost while wrapping incremental declarations: 1 ms 
[2025-11-03T09:39:37.502] [DEBUG] debug-file - entry : default@CreateModuleInfo cost memory 0.0403289794921875
[2025-11-03T09:39:37.503] [DEBUG] debug-file - runTaskFromQueue task cost before running: 306 ms 
[2025-11-03T09:39:37.503] [INFO] debug-file - Finished :entry:default@CreateModuleInfo... after 2 ms 
[2025-11-03T09:39:37.506] [DEBUG] debug-file - Executing task :entry:default@GenerateMetadata
[2025-11-03T09:39:37.507] [DEBUG] debug-file - Task 'entry:default@GenerateMetadata' cost while wrapping incremental declarations: 1 ms 
[2025-11-03T09:39:37.510] [DEBUG] debug-file - Incremental task entry:default@GenerateMetadata pre-execution cost: 4 ms .
[2025-11-03T09:39:37.511] [DEBUG] debug-file - entry : default@GenerateMetadata cost memory 0.08800506591796875
[2025-11-03T09:39:37.511] [INFO] debug-file - UP-TO-DATE :entry:default@GenerateMetadata...  
[2025-11-03T09:39:37.514] [DEBUG] debug-file - Executing task :entry:default@ConfigureCmake
[2025-11-03T09:39:37.514] [DEBUG] debug-file - entry : default@ConfigureCmake cost memory 0.016143798828125
[2025-11-03T09:39:37.515] [DEBUG] debug-file - runTaskFromQueue task cost before running: 318 ms 
[2025-11-03T09:39:37.515] [INFO] debug-file - Finished :entry:default@ConfigureCmake... after 1 ms 
[2025-11-03T09:39:37.519] [DEBUG] debug-file - Executing task :entry:default@MergeProfile
[2025-11-03T09:39:37.519] [DEBUG] debug-file - Task 'entry:default@MergeProfile' cost while wrapping incremental declarations: 1 ms 
[2025-11-03T09:39:37.526] [DEBUG] debug-file - Incremental task entry:default@MergeProfile pre-execution cost: 7 ms .
[2025-11-03T09:39:37.526] [DEBUG] debug-file - entry : default@MergeProfile cost memory 0.13323974609375
[2025-11-03T09:39:37.527] [INFO] debug-file - UP-TO-DATE :entry:default@MergeProfile...  
[2025-11-03T09:39:37.530] [DEBUG] debug-file - Executing task :entry:default@CreateBuildProfile
[2025-11-03T09:39:37.531] [DEBUG] debug-file - Task 'entry:default@CreateBuildProfile' cost while wrapping incremental declarations: 1 ms 
[2025-11-03T09:39:37.535] [DEBUG] debug-file - Incremental task entry:default@CreateBuildProfile pre-execution cost: 4 ms .
[2025-11-03T09:39:37.536] [DEBUG] debug-file - entry : default@CreateBuildProfile cost memory 0.09554290771484375
[2025-11-03T09:39:37.536] [INFO] debug-file - UP-TO-DATE :entry:default@CreateBuildProfile...  
[2025-11-03T09:39:37.538] [DEBUG] debug-file - Executing task :entry:default@PreCheckSyscap
[2025-11-03T09:39:37.539] [DEBUG] debug-file - entry : default@PreCheckSyscap cost memory 0.01636505126953125
[2025-11-03T09:39:37.539] [DEBUG] debug-file - runTaskFromQueue task cost before running: 342 ms 
[2025-11-03T09:39:37.539] [INFO] debug-file - Finished :entry:default@PreCheckSyscap... after 1 ms 
[2025-11-03T09:39:37.543] [DEBUG] debug-file - Executing task :entry:default@GeneratePkgContextInfo
[2025-11-03T09:39:37.554] [DEBUG] debug-file - Task 'entry:default@GeneratePkgContextInfo' cost while wrapping incremental declarations: 1 ms 
[2025-11-03T09:39:37.557] [DEBUG] debug-file - entry : default@GeneratePkgContextInfo cost memory -1.2849807739257812
[2025-11-03T09:39:37.558] [DEBUG] debug-file - runTaskFromQueue task cost before running: 361 ms 
[2025-11-03T09:39:37.558] [INFO] debug-file - Finished :entry:default@GeneratePkgContextInfo... after 15 ms 
[2025-11-03T09:39:37.569] [DEBUG] debug-file - Executing task :entry:default@ProcessIntegratedHsp
[2025-11-03T09:39:37.570] [DEBUG] debug-file - entry:default@ProcessIntegratedHsp is not up-to-date, since the output file 'F:\DevEcoStudioProjects\Rdb-master\build\cache\default\integrated_hsp\integratedHspCache.json' does not exist.
[2025-11-03T09:39:37.571] [DEBUG] debug-file - Incremental task entry:default@ProcessIntegratedHsp pre-execution cost: 1 ms .
[2025-11-03T09:39:37.571] [DEBUG] debug-file - entry : default@ProcessIntegratedHsp cost memory 0.0615386962890625
[2025-11-03T09:39:37.571] [DEBUG] debug-file - runTaskFromQueue task cost before running: 375 ms 
[2025-11-03T09:39:37.572] [INFO] debug-file - Finished :entry:default@ProcessIntegratedHsp... after 3 ms 
[2025-11-03T09:39:37.578] [DEBUG] debug-file - Executing task :entry:default@BuildNativeWithCmake
[2025-11-03T09:39:37.579] [DEBUG] debug-file - entry : default@BuildNativeWithCmake cost memory 0.0171966552734375
[2025-11-03T09:39:37.579] [DEBUG] debug-file - runTaskFromQueue task cost before running: 382 ms 
[2025-11-03T09:39:37.580] [INFO] debug-file - Finished :entry:default@BuildNativeWithCmake... after 2 ms 
[2025-11-03T09:39:37.584] [DEBUG] debug-file - Executing task :entry:default@MakePackInfo
[2025-11-03T09:39:37.596] [DEBUG] debug-file - Incremental task entry:default@MakePackInfo pre-execution cost: 11 ms .
[2025-11-03T09:39:37.596] [DEBUG] debug-file - entry : default@MakePackInfo cost memory 0.10565948486328125
[2025-11-03T09:39:37.597] [INFO] debug-file - UP-TO-DATE :entry:default@MakePackInfo...  
[2025-11-03T09:39:37.600] [DEBUG] debug-file - Executing task :entry:default@SyscapTransform
[2025-11-03T09:39:37.600] [DEBUG] debug-file - File: 'F:\DevEcoStudioProjects\Rdb-master\entry\src\main\syscap.json' from 'sysCapJsonPath' is not exists, just ignore.
[2025-11-03T09:39:37.603] [DEBUG] debug-file - Task 'entry:default@SyscapTransform' cost while wrapping incremental declarations: 3 ms 
[2025-11-03T09:39:37.635] [DEBUG] debug-file - entry:default@SyscapTransform is not up-to-date, since the output file 'F:\DevEcoStudioProjects\Rdb-master\entry\build\default\intermediates\syscap\default\rpcid.sc' does not exist.
[2025-11-03T09:39:37.636] [DEBUG] debug-file - Incremental task entry:default@SyscapTransform pre-execution cost: 33 ms .
[2025-11-03T09:39:37.636] [DEBUG] debug-file - entry : default@SyscapTransform cost memory 0.14965057373046875
[2025-11-03T09:39:37.636] [DEBUG] debug-file - runTaskFromQueue task cost before running: 439 ms 
[2025-11-03T09:39:37.637] [INFO] debug-file - Finished :entry:default@SyscapTransform... after 37 ms 
[2025-11-03T09:39:37.652] [DEBUG] debug-file - Executing task :entry:default@ProcessProfile
[2025-11-03T09:39:37.654] [DEBUG] debug-file - Task 'entry:default@ProcessProfile' cost while wrapping incremental declarations: 1 ms 
[2025-11-03T09:39:37.658] [DEBUG] debug-file - Incremental task entry:default@ProcessProfile pre-execution cost: 4 ms .
[2025-11-03T09:39:37.658] [DEBUG] debug-file - entry : default@ProcessProfile cost memory 0.13440704345703125
[2025-11-03T09:39:37.659] [INFO] debug-file - UP-TO-DATE :entry:default@ProcessProfile...  
[2025-11-03T09:39:37.662] [DEBUG] debug-file - Executing task :entry:default@ProcessRouterMap
[2025-11-03T09:39:37.670] [DEBUG] debug-file - Incremental task entry:default@ProcessRouterMap pre-execution cost: 8 ms .
[2025-11-03T09:39:37.671] [DEBUG] debug-file - entry : default@ProcessRouterMap cost memory 0.11884307861328125
[2025-11-03T09:39:37.672] [INFO] debug-file - UP-TO-DATE :entry:default@ProcessRouterMap...  
[2025-11-03T09:39:37.676] [DEBUG] debug-file - Executing task :entry:default@ProcessShareConfig
[2025-11-03T09:39:37.683] [DEBUG] debug-file - Incremental task entry:default@ProcessShareConfig pre-execution cost: 6 ms .
[2025-11-03T09:39:37.684] [DEBUG] debug-file - entry : default@ProcessShareConfig cost memory 0.10511016845703125
[2025-11-03T09:39:37.685] [INFO] debug-file - UP-TO-DATE :entry:default@ProcessShareConfig...  
[2025-11-03T09:39:37.689] [DEBUG] debug-file - Executing task :entry:default@ProcessStartupConfig
[2025-11-03T09:39:37.690] [DEBUG] debug-file - Task 'entry:default@ProcessStartupConfig' cost while wrapping incremental declarations: 1 ms 
[2025-11-03T09:39:37.691] [DEBUG] debug-file - entry:default@ProcessStartupConfig is not up-to-date, since the output file 'F:\DevEcoStudioProjects\Rdb-master\entry\build\default\intermediates\startup\default\startup_config.json' does not exist.
[2025-11-03T09:39:37.692] [DEBUG] debug-file - Incremental task entry:default@ProcessStartupConfig pre-execution cost: 1 ms .
[2025-11-03T09:39:37.692] [DEBUG] debug-file - entry : default@ProcessStartupConfig cost memory 0.0992279052734375
[2025-11-03T09:39:37.692] [DEBUG] debug-file - runTaskFromQueue task cost before running: 495 ms 
[2025-11-03T09:39:37.693] [INFO] debug-file - Finished :entry:default@ProcessStartupConfig... after 4 ms 
[2025-11-03T09:39:37.696] [DEBUG] debug-file - Executing task :entry:default@BuildNativeWithNinja
[2025-11-03T09:39:37.697] [DEBUG] debug-file - entry : default@BuildNativeWithNinja cost memory 0.023101806640625
[2025-11-03T09:39:37.698] [DEBUG] debug-file - runTaskFromQueue task cost before running: 501 ms 
[2025-11-03T09:39:37.698] [INFO] debug-file - Finished :entry:default@BuildNativeWithNinja... after 2 ms 
[2025-11-03T09:39:37.704] [DEBUG] debug-file - restool module names: entry; moduleName=entry, taskName=default@ProcessResource
[2025-11-03T09:39:37.709] [DEBUG] debug-file - Executing task :entry:default@ProcessResource
[2025-11-03T09:39:37.710] [DEBUG] debug-file - Task 'entry:default@ProcessResource' cost while wrapping incremental declarations: 1 ms 
[2025-11-03T09:39:37.714] [DEBUG] debug-file - Incremental task entry:default@ProcessResource pre-execution cost: 4 ms .
[2025-11-03T09:39:37.714] [DEBUG] debug-file - entry : default@ProcessResource cost memory 0.1298828125
[2025-11-03T09:39:37.721] [INFO] debug-file - UP-TO-DATE :entry:default@ProcessResource...  
[2025-11-03T09:39:37.728] [DEBUG] debug-file - Executing task :entry:default@GenerateLoaderJson
[2025-11-03T09:39:37.730] [DEBUG] debug-file - Task 'entry:default@GenerateLoaderJson' cost while wrapping incremental declarations: 1 ms 
[2025-11-03T09:39:37.771] [DEBUG] debug-file - Incremental task entry:default@GenerateLoaderJson pre-execution cost: 29 ms .
[2025-11-03T09:39:37.771] [DEBUG] debug-file - entry : default@GenerateLoaderJson cost memory -1.3694839477539062
[2025-11-03T09:39:37.784] [INFO] debug-file - UP-TO-DATE :entry:default@GenerateLoaderJson...  
[2025-11-03T09:39:37.787] [DEBUG] debug-file - Executing task :entry:default@ProcessLibs
[2025-11-03T09:39:37.796] [DEBUG] debug-file - Incremental task entry:default@ProcessLibs pre-execution cost: 8 ms .
[2025-11-03T09:39:37.796] [DEBUG] debug-file - entry : default@ProcessLibs cost memory 0.1002655029296875
[2025-11-03T09:39:37.798] [INFO] debug-file - UP-TO-DATE :entry:default@ProcessLibs...  
[2025-11-03T09:39:37.802] [DEBUG] debug-file - restool module names: entry; moduleName=entry, taskName=default@CompileResource
[2025-11-03T09:39:37.803] [DEBUG] debug-file - Executing task :entry:default@CompileResource
[2025-11-03T09:39:37.928] [DEBUG] debug-file - Incremental task entry:default@CompileResource pre-execution cost: 120 ms .
[2025-11-03T09:39:37.929] [DEBUG] debug-file - entry : default@CompileResource cost memory 0.8928756713867188
[2025-11-03T09:39:37.932] [INFO] debug-file - UP-TO-DATE :entry:default@CompileResource...  
[2025-11-03T09:39:37.935] [DEBUG] debug-file - Executing task :entry:default@DoNativeStrip
[2025-11-03T09:39:37.936] [DEBUG] debug-file - Task 'entry:default@DoNativeStrip' cost while wrapping incremental declarations: 1 ms 
[2025-11-03T09:39:37.942] [DEBUG] debug-file - Incremental task entry:default@DoNativeStrip pre-execution cost: 6 ms .
[2025-11-03T09:39:37.943] [DEBUG] debug-file - entry : default@DoNativeStrip cost memory 0.0821990966796875
[2025-11-03T09:39:37.945] [INFO] debug-file - UP-TO-DATE :entry:default@DoNativeStrip...  
[2025-11-03T09:39:37.953] [DEBUG] debug-file - Executing task :entry:default@CompileArkTS
[2025-11-03T09:39:37.954] [DEBUG] debug-file - obfuscationOptions: undefined
[2025-11-03T09:39:38.021] [DEBUG] debug-file - Incremental task entry:default@CompileArkTS pre-execution cost: 58 ms .
[2025-11-03T09:39:38.021] [DEBUG] debug-file - entry : default@CompileArkTS cost memory 0.6697540283203125
[2025-11-03T09:39:38.026] [INFO] debug-file - UP-TO-DATE :entry:default@CompileArkTS...  
[2025-11-03T09:39:38.029] [DEBUG] debug-file - Executing task :entry:default@BuildJS
[2025-11-03T09:39:38.036] [DEBUG] debug-file - entry : default@BuildJS cost memory 0.123809814453125
[2025-11-03T09:39:38.036] [DEBUG] debug-file - runTaskFromQueue task cost before running: 839 ms 
[2025-11-03T09:39:38.037] [INFO] debug-file - Finished :entry:default@BuildJS... after 7 ms 
[2025-11-03T09:39:38.040] [DEBUG] debug-file - Executing task :entry:default@CacheNativeLibs
[2025-11-03T09:39:38.042] [DEBUG] debug-file - Task 'entry:default@CacheNativeLibs' cost while wrapping incremental declarations: 2 ms 
[2025-11-03T09:39:38.047] [DEBUG] debug-file - Incremental task entry:default@CacheNativeLibs pre-execution cost: 5 ms .
[2025-11-03T09:39:38.047] [DEBUG] debug-file - entry : default@CacheNativeLibs cost memory 0.095306396484375
[2025-11-03T09:39:38.047] [INFO] debug-file - UP-TO-DATE :entry:default@CacheNativeLibs...  
[2025-11-03T09:39:38.051] [DEBUG] debug-file - Executing task :entry:default@GeneratePkgModuleJson
[2025-11-03T09:39:38.051] [DEBUG] debug-file - File: 'F:\DevEcoStudioProjects\Rdb-master\entry\build\default\intermediates\preload\default\preload.json' from 'preloadSoJsonPath' is not exists, just ignore.
[2025-11-03T09:39:38.052] [DEBUG] debug-file - Task 'entry:default@GeneratePkgModuleJson' cost while wrapping incremental declarations: 1 ms 
[2025-11-03T09:39:38.054] [DEBUG] debug-file - Incremental task entry:default@GeneratePkgModuleJson pre-execution cost: 3 ms .
[2025-11-03T09:39:38.055] [DEBUG] debug-file - entry : default@GeneratePkgModuleJson cost memory 0.0922088623046875
[2025-11-03T09:39:38.055] [INFO] debug-file - UP-TO-DATE :entry:default@GeneratePkgModuleJson...  
[2025-11-03T09:39:38.058] [DEBUG] debug-file - Executing task :entry:default@ProcessCompiledResources
[2025-11-03T09:39:38.058] [DEBUG] debug-file - File: 'F:\DevEcoStudioProjects\Rdb-master\entry\build\default\intermediates\preload\default\preload.json' from 'preloadSoJsonPath' is not exists, just ignore.
[2025-11-03T09:39:38.058] [DEBUG] debug-file - Task 'entry:default@ProcessCompiledResources' cost while wrapping incremental declarations: 1 ms 
[2025-11-03T09:39:38.059] [DEBUG] debug-file - entry : default@ProcessCompiledResources cost memory 0.0632781982421875
[2025-11-03T09:39:38.060] [DEBUG] debug-file - runTaskFromQueue task cost before running: 862 ms 
[2025-11-03T09:39:38.060] [INFO] debug-file - Finished :entry:default@ProcessCompiledResources... after 2 ms 
[2025-11-03T09:39:38.066] [DEBUG] debug-file - Executing task :entry:default@PackageHap
[2025-11-03T09:39:38.120] [DEBUG] debug-file - Incremental task entry:default@PackageHap pre-execution cost: 52 ms .
[2025-11-03T09:39:38.120] [DEBUG] debug-file - entry : default@PackageHap cost memory 0.5692596435546875
[2025-11-03T09:39:38.122] [INFO] debug-file - UP-TO-DATE :entry:default@PackageHap...  
[2025-11-03T09:39:38.126] [DEBUG] debug-file - Executing task :entry:default@PackingCheck
[2025-11-03T09:39:38.148] [DEBUG] debug-file - entry : default@PackingCheck cost memory 0.46102142333984375
[2025-11-03T09:39:38.149] [DEBUG] debug-file - runTaskFromQueue task cost before running: 952 ms 
[2025-11-03T09:39:38.150] [INFO] debug-file - Finished :entry:default@PackingCheck... after 23 ms 
[2025-11-03T09:39:38.154] [DEBUG] debug-file - Executing task :entry:default@SignHap
[2025-11-03T09:39:38.154] [WARN] debug-file - Will skip sign 'hos_hap'. No signingConfigs profile is configured in current project.
             If needed, configure the signingConfigs in F:\DevEcoStudioProjects\Rdb-master\build-profile.json5.
[2025-11-03T09:39:38.157] [DEBUG] debug-file - entry:default@SignHap is not up-to-date, since the output file 'F:\DevEcoStudioProjects\Rdb-master\entry\build\default\outputs\default\entry-default-signed.hap' does not exist.
[2025-11-03T09:39:38.158] [DEBUG] debug-file - Incremental task entry:default@SignHap pre-execution cost: 3 ms .
[2025-11-03T09:39:38.158] [DEBUG] debug-file - entry : default@SignHap cost memory 0.10027313232421875
[2025-11-03T09:39:38.158] [DEBUG] debug-file - runTaskFromQueue task cost before running: 962 ms 
[2025-11-03T09:39:38.160] [INFO] debug-file - Finished :entry:default@SignHap... after 5 ms 
[2025-11-03T09:39:38.164] [DEBUG] debug-file - Executing task :entry:default@CollectDebugSymbol
[2025-11-03T09:39:38.168] [DEBUG] debug-file - entry : default@CollectDebugSymbol cost memory 0.08800506591796875
[2025-11-03T09:39:38.168] [DEBUG] debug-file - runTaskFromQueue task cost before running: 972 ms 
[2025-11-03T09:39:38.170] [INFO] debug-file - Finished :entry:default@CollectDebugSymbol... after 5 ms 
[2025-11-03T09:39:38.171] [DEBUG] debug-file - Executing task :entry:assembleHap
[2025-11-03T09:39:38.171] [DEBUG] debug-file - entry : assembleHap cost memory 0.01427459716796875
[2025-11-03T09:39:38.171] [DEBUG] debug-file - runTaskFromQueue task cost before running: 975 ms 
[2025-11-03T09:39:38.173] [INFO] debug-file - Finished :entry:assembleHap... after 1 ms 
[2025-11-03T09:39:38.200] [INFO] debug-file - BUILD SUCCESSFUL in 1 s 3 ms 
[2025-11-03T09:39:38.201] [DEBUG] debug-file - There is no need to refresh cache, since the incremental task entry:default@PreBuild is up-to-date.
[2025-11-03T09:39:38.201] [DEBUG] debug-file - Update task entry:default@CreateModuleInfo output file:F:\DevEcoStudioProjects\Rdb-master\entry\build\default\generated\profile\default\ModuleInfo.ts cache.
[2025-11-03T09:39:38.202] [DEBUG] debug-file - Incremental task entry:default@CreateModuleInfo post-execution cost:1 ms .
[2025-11-03T09:39:38.202] [DEBUG] debug-file - There is no need to refresh cache, since the incremental task entry:default@GenerateMetadata is up-to-date.
[2025-11-03T09:39:38.202] [DEBUG] debug-file - There is no need to refresh cache, since the incremental task entry:default@MergeProfile is up-to-date.
[2025-11-03T09:39:38.202] [DEBUG] debug-file - There is no need to refresh cache, since the incremental task entry:default@CreateBuildProfile is up-to-date.
[2025-11-03T09:39:38.202] [DEBUG] debug-file - Update task entry:default@GeneratePkgContextInfo output file:F:\DevEcoStudioProjects\Rdb-master\entry\build\default\intermediates\loader\default\pkgContextInfo.json cache.
[2025-11-03T09:39:38.203] [DEBUG] debug-file - Incremental task entry:default@GeneratePkgContextInfo post-execution cost:1 ms .
[2025-11-03T09:39:38.203] [DEBUG] debug-file - Update task entry:default@ProcessIntegratedHsp output file:F:\DevEcoStudioProjects\Rdb-master\build\cache\default\integrated_hsp\integratedHspCache.json cache.
[2025-11-03T09:39:38.204] [DEBUG] debug-file - Incremental task entry:default@ProcessIntegratedHsp post-execution cost:1 ms .
[2025-11-03T09:39:38.204] [DEBUG] debug-file - There is no need to refresh cache, since the incremental task entry:default@MakePackInfo is up-to-date.
[2025-11-03T09:39:38.204] [DEBUG] debug-file - Update task entry:default@SyscapTransform input file:F:\deveco\DevEco Studio\sdk\default\openharmony\toolchains\syscap_tool.exe cache by regenerate.
[2025-11-03T09:39:38.205] [DEBUG] debug-file - Update task entry:default@SyscapTransform input file:F:\deveco\DevEco Studio\sdk\default\openharmony\ets\api\device-define cache by regenerate.
[2025-11-03T09:39:38.212] [DEBUG] debug-file - Update task entry:default@SyscapTransform output file:F:\DevEcoStudioProjects\Rdb-master\entry\build\default\intermediates\syscap\default\rpcid.sc cache.
[2025-11-03T09:39:38.213] [DEBUG] debug-file - Incremental task entry:default@SyscapTransform post-execution cost:9 ms .
[2025-11-03T09:39:38.213] [DEBUG] debug-file - There is no need to refresh cache, since the incremental task entry:default@ProcessProfile is up-to-date.
[2025-11-03T09:39:38.213] [DEBUG] debug-file - There is no need to refresh cache, since the incremental task entry:default@ProcessRouterMap is up-to-date.
[2025-11-03T09:39:38.213] [DEBUG] debug-file - There is no need to refresh cache, since the incremental task entry:default@ProcessShareConfig is up-to-date.
[2025-11-03T09:39:38.213] [DEBUG] debug-file - Update task entry:default@ProcessStartupConfig output file:F:\DevEcoStudioProjects\Rdb-master\entry\build\default\intermediates\startup\default\startup_config.json cache.
[2025-11-03T09:39:38.214] [DEBUG] debug-file - Incremental task entry:default@ProcessStartupConfig post-execution cost:1 ms .
[2025-11-03T09:39:38.214] [DEBUG] debug-file - There is no need to refresh cache, since the incremental task entry:default@ProcessResource is up-to-date.
[2025-11-03T09:39:38.214] [DEBUG] debug-file - There is no need to refresh cache, since the incremental task entry:default@GenerateLoaderJson is up-to-date.
[2025-11-03T09:39:38.214] [DEBUG] debug-file - There is no need to refresh cache, since the incremental task entry:default@ProcessLibs is up-to-date.
[2025-11-03T09:39:38.214] [DEBUG] debug-file - There is no need to refresh cache, since the incremental task entry:default@CompileResource is up-to-date.
[2025-11-03T09:39:38.214] [DEBUG] debug-file - There is no need to refresh cache, since the incremental task entry:default@DoNativeStrip is up-to-date.
[2025-11-03T09:39:38.215] [DEBUG] debug-file - There is no need to refresh cache, since the incremental task entry:default@CompileArkTS is up-to-date.
[2025-11-03T09:39:38.218] [DEBUG] debug-file - Update task entry:default@BuildJS input file:F:\DevEcoStudioProjects\Rdb-master\entry\build\default\intermediates\loader\default cache by regenerate.
[2025-11-03T09:39:38.220] [DEBUG] debug-file - Update task entry:default@BuildJS input file:F:\DevEcoStudioProjects\Rdb-master\entry\build\default\intermediates\res\default\resources\rawfile cache by regenerate.
[2025-11-03T09:39:38.238] [DEBUG] debug-file - Update task entry:default@BuildJS input file:F:\DevEcoStudioProjects\Rdb-master\entry\build\default\intermediates\res\default\ResourceTable.txt cache by regenerate.
[2025-11-03T09:39:38.238] [DEBUG] debug-file - Update task entry:default@BuildJS input file:F:\DevEcoStudioProjects\Rdb-master\entry\build\default\intermediates\res\default\ark_module.json cache by regenerate.
[2025-11-03T09:39:38.239] [DEBUG] debug-file - Update task entry:default@BuildJS input file:F:\DevEcoStudioProjects\Rdb-master\entry\build\default\intermediates\res\default\resources\base\profile cache by regenerate.
[2025-11-03T09:39:38.242] [DEBUG] debug-file - Update task entry:default@BuildJS output file:F:\DevEcoStudioProjects\Rdb-master\entry\build\default\intermediates\loader_out\default\js cache.
[2025-11-03T09:39:38.243] [DEBUG] debug-file - Incremental task entry:default@BuildJS post-execution cost:28 ms .
[2025-11-03T09:39:38.243] [DEBUG] debug-file - There is no need to refresh cache, since the incremental task entry:default@CacheNativeLibs is up-to-date.
[2025-11-03T09:39:38.243] [DEBUG] debug-file - There is no need to refresh cache, since the incremental task entry:default@GeneratePkgModuleJson is up-to-date.
[2025-11-03T09:39:38.244] [DEBUG] debug-file - Incremental task entry:default@ProcessCompiledResources post-execution cost:1 ms .
[2025-11-03T09:39:38.244] [DEBUG] debug-file - There is no need to refresh cache, since the incremental task entry:default@PackageHap is up-to-date.
[2025-11-03T09:39:38.244] [DEBUG] debug-file - Update task entry:default@SignHap input file:F:\DevEcoStudioProjects\Rdb-master\entry\build\default\outputs\default\entry-default-unsigned.hap cache by regenerate.
[2025-11-03T09:39:38.245] [DEBUG] debug-file - Update task entry:default@SignHap output file:F:\DevEcoStudioProjects\Rdb-master\entry\build\default\outputs\default\entry-default-signed.hap cache.
[2025-11-03T09:39:38.246] [DEBUG] debug-file - Incremental task entry:default@SignHap post-execution cost:2 ms .
[2025-11-03T09:39:38.247] [DEBUG] debug-file - Update task entry:default@CollectDebugSymbol input file:F:\DevEcoStudioProjects\Rdb-master\entry\build\default\intermediates\loader_out\default\ets\sourceMaps.map cache by regenerate.
[2025-11-03T09:39:38.248] [DEBUG] debug-file - Update task entry:default@CollectDebugSymbol input file:F:\DevEcoStudioProjects\Rdb-master\entry\build\default\intermediates\libs\default cache by regenerate.
[2025-11-03T09:39:38.249] [DEBUG] debug-file - Update task entry:default@CollectDebugSymbol output file:F:\DevEcoStudioProjects\Rdb-master\entry\build\default\outputs\default\symbol cache.
[2025-11-03T09:39:38.250] [DEBUG] debug-file - Incremental task entry:default@CollectDebugSymbol post-execution cost:4 ms .
[2025-11-03T09:39:38.295] [DEBUG] debug-file - There's no busy workers and idle workers need cleanup.
[2025-11-03T09:39:38.296] [DEBUG] debug-file - hvigor build process will be closed.
[2025-11-03T09:39:38.317] [DEBUG] debug-file - session manager: send message to worker process.
[2025-11-03T09:39:38.319] [DEBUG] debug-file - session manager: send message to worker process.
[2025-11-03T09:39:38.317] [DEBUG] debug-file - watch worker: worker id should be larger than 0. Nothing will be sent to any worker thread.
[2025-11-03T09:39:38.319] [DEBUG] debug-file - watch worker: worker id should be larger than 0. Nothing will be sent to any worker thread.
[2025-11-03T09:39:54.617] [DEBUG] debug-file - session manager: set active socket. socketId=FzuvGf2Q4QfzqxZcAAAJ
[2025-11-03T09:39:54.675] [DEBUG] debug-file - watch worker: worker id should be larger than 0. Nothing will be sent to any worker thread.
[2025-11-03T09:39:54.692] [DEBUG] debug-file - Hvigor init with startParameters:{
  hvigorfileTypeCheck: false,
  parallelExecution: true,
  incrementalExecution: true,
  printStackTrace: false,
  daemon: true,
  analyze: 0,
  logLevel: Level { level: 20000, levelStr: 'INFO', colour: 'green' },
  optimizationStrategy: 'memory',
  hotCompile: undefined,
  hotReloadBuild: undefined
}
[2025-11-03T09:39:54.705] [DEBUG] debug-file - Cache service initialization finished in 12 ms 
[2025-11-03T09:39:54.707] [DEBUG] debug-file - hvigorfile, resolving F:\DevEcoStudioProjects\Rdb-master\hvigorfile.ts
[2025-11-03T09:39:54.745] [DEBUG] debug-file - hvigorfile, require result:  {}
[2025-11-03T09:39:54.747] [DEBUG] debug-file - hvigorfile, binding system plugins {}
[2025-11-03T09:39:54.784] [DEBUG] debug-file - Start initialize project's product build option map with build mode debug.
[2025-11-03T09:39:54.784] [DEBUG] debug-file - Picking option from product 'default' with build mode 'debug'.
[2025-11-03T09:39:54.785] [DEBUG] debug-file - Product 'default' build option initialized
[2025-11-03T09:39:54.786] [DEBUG] debug-file - End initialize project's product build option map with build mode 'debug'.
[2025-11-03T09:39:54.795] [DEBUG] debug-file - Obtain build option for product 'default'in this build.
[2025-11-03T09:39:54.798] [DEBUG] debug-file - No signingConfig found, initRemoteHspCache failed.
[2025-11-03T09:39:54.814] [DEBUG] debug-file - Start recording SDK configuration permission data.
[2025-11-03T09:39:54.900] [DEBUG] debug-file - Sdk init in 97 ms 
[2025-11-03T09:39:54.911] [DEBUG] debug-file - Project task initialization takes 10 ms 
[2025-11-03T09:39:54.911] [DEBUG] debug-file - hvigorfile, resolve finished F:\DevEcoStudioProjects\Rdb-master\hvigorfile.ts
[2025-11-03T09:39:54.913] [DEBUG] debug-file - hvigorfile, resolving F:\DevEcoStudioProjects\Rdb-master\entry\hvigorfile.ts
[2025-11-03T09:39:54.924] [DEBUG] debug-file - hvigorfile, require result:  {}
[2025-11-03T09:39:54.925] [DEBUG] debug-file - hvigorfile, binding system plugins {}
[2025-11-03T09:39:54.931] [DEBUG] debug-file - failed to load cangjie to dynamically generate schemas: Error: Cannot find module '@ohos/cangjie-build-support/index'
Require stack:
- F:\deveco\DevEco Studio\tools\hvigor\hvigor-ohos-plugin\src\plugin\factory\plugin-factory.js
- F:\deveco\DevEco Studio\tools\hvigor\hvigor-ohos-plugin\index.js
- F:\DevEcoStudioProjects\Rdb-master\hvigorfile.ts
- F:\deveco\DevEco Studio\tools\hvigor\hvigor\src\base\internal\lifecycle\configuration.js
- F:\deveco\DevEco Studio\tools\hvigor\hvigor\src\base\boot\index.js
- F:\deveco\DevEco Studio\tools\hvigor\hvigor\src\base\daemon\cluster\worker-process-lifecycle.js
- F:\deveco\DevEco Studio\tools\hvigor\hvigor\src\base\daemon\process\daemon-process-boot-script.js
[2025-11-03T09:39:54.940] [DEBUG] debug-file - Start initialize module-target build option map, moduleName=entry, buildMode=release
[2025-11-03T09:39:54.941] [DEBUG] debug-file - Target 'default' config initialized
[2025-11-03T09:39:54.941] [DEBUG] debug-file - Module 'entry' target 'default' build option initialized
[2025-11-03T09:39:54.941] [DEBUG] debug-file - End initialize module-target build option map, moduleName=entry
[2025-11-03T09:39:54.941] [DEBUG] debug-file - Start initialize module-target build option map, moduleName=entry, buildMode=debug
[2025-11-03T09:39:54.942] [DEBUG] debug-file - Target 'default' config initialized
[2025-11-03T09:39:54.942] [DEBUG] debug-file - Module 'entry' target 'default' build option initialized
[2025-11-03T09:39:54.943] [DEBUG] debug-file - End initialize module-target build option map, moduleName=entry
[2025-11-03T09:39:54.944] [DEBUG] debug-file - Start initialize module-target build option map, moduleName=entry, buildMode=debug
[2025-11-03T09:39:54.944] [DEBUG] debug-file - Target 'default' config initialized
[2025-11-03T09:39:54.945] [DEBUG] debug-file - Module 'entry' target 'default' build option initialized
[2025-11-03T09:39:54.945] [DEBUG] debug-file - End initialize module-target build option map, moduleName=entry
[2025-11-03T09:39:54.945] [DEBUG] debug-file - Obtain build option for module 'entry' target 'default'in this build.
[2025-11-03T09:39:54.950] [DEBUG] debug-file - Module entry task initialization takes 3 ms 
[2025-11-03T09:39:54.950] [DEBUG] debug-file - hvigorfile, resolve finished F:\DevEcoStudioProjects\Rdb-master\entry\hvigorfile.ts
[2025-11-03T09:39:55.003] [DEBUG] debug-file - hvigorfile, resolve hvigorfile dependencies in 52 ms 
[2025-11-03T09:39:55.003] [DEBUG] debug-file - project has submodules:entry
[2025-11-03T09:39:55.007] [DEBUG] debug-file - start to load updatedOhPackageInfo to the disk
[2025-11-03T09:39:55.028] [DEBUG] debug-file - load to the disk finished
[2025-11-03T09:39:55.031] [DEBUG] debug-file - Start to initialize dependency information.
[2025-11-03T09:39:55.033] [DEBUG] debug-file - Module Rdb-master Collected Dependency: 
[2025-11-03T09:39:55.033] [DEBUG] debug-file - Module Rdb-master's total dependency: 0
[2025-11-03T09:39:55.035] [DEBUG] debug-file - Start to initialize dependency information.
[2025-11-03T09:39:55.042] [DEBUG] debug-file - Module entry Collected Dependency: 
[2025-11-03T09:39:55.042] [DEBUG] debug-file - Module entry's total dependency: 0
[2025-11-03T09:39:55.048] [DEBUG] debug-file - Configuration phase cost:344 ms 
[2025-11-03T09:39:55.050] [DEBUG] debug-file - Configuration task cost before running: 366 ms 
[2025-11-03T09:39:55.063] [DEBUG] debug-file - Executing task :entry:default@PreBuild
[2025-11-03T09:39:55.065] [DEBUG] debug-file - Task 'entry:default@PreBuild' cost while wrapping incremental declarations: 1 ms 
[2025-11-03T09:39:55.090] [DEBUG] debug-file - Incremental task entry:default@PreBuild pre-execution cost: 20 ms .
[2025-11-03T09:39:55.091] [DEBUG] debug-file - entry : default@PreBuild cost memory 0.29381561279296875
[2025-11-03T09:39:55.097] [INFO] debug-file - UP-TO-DATE :entry:default@PreBuild...  
[2025-11-03T09:39:55.099] [DEBUG] debug-file - Executing task :entry:default@CreateModuleInfo
[2025-11-03T09:39:55.100] [DEBUG] debug-file - Task 'entry:default@CreateModuleInfo' cost while wrapping incremental declarations: 1 ms 
[2025-11-03T09:39:55.101] [DEBUG] debug-file - entry : default@CreateModuleInfo cost memory 0.046783447265625
[2025-11-03T09:39:55.101] [DEBUG] debug-file - runTaskFromQueue task cost before running: 417 ms 
[2025-11-03T09:39:55.101] [INFO] debug-file - Finished :entry:default@CreateModuleInfo... after 2 ms 
[2025-11-03T09:39:55.105] [DEBUG] debug-file - Executing task :entry:default@GenerateMetadata
[2025-11-03T09:39:55.107] [DEBUG] debug-file - Task 'entry:default@GenerateMetadata' cost while wrapping incremental declarations: 2 ms 
[2025-11-03T09:39:55.110] [DEBUG] debug-file - Incremental task entry:default@GenerateMetadata pre-execution cost: 3 ms .
[2025-11-03T09:39:55.110] [DEBUG] debug-file - entry : default@GenerateMetadata cost memory 0.09423828125
[2025-11-03T09:39:55.111] [INFO] debug-file - UP-TO-DATE :entry:default@GenerateMetadata...  
[2025-11-03T09:39:55.114] [DEBUG] debug-file - Executing task :entry:default@ConfigureCmake
[2025-11-03T09:39:55.114] [DEBUG] debug-file - entry : default@ConfigureCmake cost memory 0.016143798828125
[2025-11-03T09:39:55.115] [DEBUG] debug-file - runTaskFromQueue task cost before running: 431 ms 
[2025-11-03T09:39:55.115] [INFO] debug-file - Finished :entry:default@ConfigureCmake... after 1 ms 
[2025-11-03T09:39:55.118] [DEBUG] debug-file - Executing task :entry:default@MergeProfile
[2025-11-03T09:39:55.118] [DEBUG] debug-file - Task 'entry:default@MergeProfile' cost while wrapping incremental declarations: 1 ms 
[2025-11-03T09:39:55.126] [DEBUG] debug-file - Incremental task entry:default@MergeProfile pre-execution cost: 6 ms .
[2025-11-03T09:39:55.126] [DEBUG] debug-file - entry : default@MergeProfile cost memory 0.13714599609375
[2025-11-03T09:39:55.128] [INFO] debug-file - UP-TO-DATE :entry:default@MergeProfile...  
[2025-11-03T09:39:55.131] [DEBUG] debug-file - Executing task :entry:default@CreateBuildProfile
[2025-11-03T09:39:55.133] [DEBUG] debug-file - Task 'entry:default@CreateBuildProfile' cost while wrapping incremental declarations: 2 ms 
[2025-11-03T09:39:55.137] [DEBUG] debug-file - Incremental task entry:default@CreateBuildProfile pre-execution cost: 4 ms .
[2025-11-03T09:39:55.137] [DEBUG] debug-file - entry : default@CreateBuildProfile cost memory 0.09908294677734375
[2025-11-03T09:39:55.138] [INFO] debug-file - UP-TO-DATE :entry:default@CreateBuildProfile...  
[2025-11-03T09:39:55.140] [DEBUG] debug-file - Executing task :entry:default@PreCheckSyscap
[2025-11-03T09:39:55.141] [DEBUG] debug-file - entry : default@PreCheckSyscap cost memory 0.01636505126953125
[2025-11-03T09:39:55.141] [DEBUG] debug-file - runTaskFromQueue task cost before running: 457 ms 
[2025-11-03T09:39:55.141] [INFO] debug-file - Finished :entry:default@PreCheckSyscap... after 1 ms 
[2025-11-03T09:39:55.145] [DEBUG] debug-file - Executing task :entry:default@GeneratePkgContextInfo
[2025-11-03T09:39:55.153] [DEBUG] debug-file - Task 'entry:default@GeneratePkgContextInfo' cost while wrapping incremental declarations: 1 ms 
[2025-11-03T09:39:55.154] [DEBUG] debug-file - entry : default@GeneratePkgContextInfo cost memory 0.16423797607421875
[2025-11-03T09:39:55.154] [DEBUG] debug-file - runTaskFromQueue task cost before running: 470 ms 
[2025-11-03T09:39:55.154] [INFO] debug-file - Finished :entry:default@GeneratePkgContextInfo... after 10 ms 
[2025-11-03T09:39:55.166] [DEBUG] debug-file - Executing task :entry:default@ProcessIntegratedHsp
[2025-11-03T09:39:55.167] [DEBUG] debug-file - entry:default@ProcessIntegratedHsp is not up-to-date, since the output file 'F:\DevEcoStudioProjects\Rdb-master\build\cache\default\integrated_hsp\integratedHspCache.json' does not exist.
[2025-11-03T09:39:55.167] [DEBUG] debug-file - Incremental task entry:default@ProcessIntegratedHsp pre-execution cost: 1 ms .
[2025-11-03T09:39:55.168] [DEBUG] debug-file - entry : default@ProcessIntegratedHsp cost memory 0.0615386962890625
[2025-11-03T09:39:55.168] [DEBUG] debug-file - runTaskFromQueue task cost before running: 484 ms 
[2025-11-03T09:39:55.169] [INFO] debug-file - Finished :entry:default@ProcessIntegratedHsp... after 3 ms 
[2025-11-03T09:39:55.174] [DEBUG] debug-file - Executing task :entry:default@BuildNativeWithCmake
[2025-11-03T09:39:55.174] [DEBUG] debug-file - entry : default@BuildNativeWithCmake cost memory 0.0171966552734375
[2025-11-03T09:39:55.174] [DEBUG] debug-file - runTaskFromQueue task cost before running: 491 ms 
[2025-11-03T09:39:55.175] [INFO] debug-file - Finished :entry:default@BuildNativeWithCmake... after 1 ms 
[2025-11-03T09:39:55.178] [DEBUG] debug-file - Executing task :entry:default@MakePackInfo
[2025-11-03T09:39:55.186] [DEBUG] debug-file - Incremental task entry:default@MakePackInfo pre-execution cost: 8 ms .
[2025-11-03T09:39:55.187] [DEBUG] debug-file - entry : default@MakePackInfo cost memory 0.10376739501953125
[2025-11-03T09:39:55.188] [INFO] debug-file - UP-TO-DATE :entry:default@MakePackInfo...  
[2025-11-03T09:39:55.191] [DEBUG] debug-file - Executing task :entry:default@SyscapTransform
[2025-11-03T09:39:55.192] [DEBUG] debug-file - File: 'F:\DevEcoStudioProjects\Rdb-master\entry\src\main\syscap.json' from 'sysCapJsonPath' is not exists, just ignore.
[2025-11-03T09:39:55.194] [DEBUG] debug-file - Task 'entry:default@SyscapTransform' cost while wrapping incremental declarations: 3 ms 
[2025-11-03T09:39:55.202] [DEBUG] debug-file - entry:default@SyscapTransform is not up-to-date, since the output file 'F:\DevEcoStudioProjects\Rdb-master\entry\build\default\intermediates\syscap\default\rpcid.sc' does not exist.
[2025-11-03T09:39:55.203] [DEBUG] debug-file - Incremental task entry:default@SyscapTransform pre-execution cost: 8 ms .
[2025-11-03T09:39:55.203] [DEBUG] debug-file - entry : default@SyscapTransform cost memory 0.15415191650390625
[2025-11-03T09:39:55.203] [DEBUG] debug-file - runTaskFromQueue task cost before running: 520 ms 
[2025-11-03T09:39:55.204] [INFO] debug-file - Finished :entry:default@SyscapTransform... after 13 ms 
[2025-11-03T09:39:55.207] [DEBUG] debug-file - Executing task :entry:default@ProcessProfile
[2025-11-03T09:39:55.210] [DEBUG] debug-file - Task 'entry:default@ProcessProfile' cost while wrapping incremental declarations: 1 ms 
[2025-11-03T09:39:55.213] [DEBUG] debug-file - Incremental task entry:default@ProcessProfile pre-execution cost: 3 ms .
[2025-11-03T09:39:55.213] [DEBUG] debug-file - entry : default@ProcessProfile cost memory -1.4156723022460938
[2025-11-03T09:39:55.214] [INFO] debug-file - UP-TO-DATE :entry:default@ProcessProfile...  
[2025-11-03T09:39:55.216] [DEBUG] debug-file - Executing task :entry:default@ProcessRouterMap
[2025-11-03T09:39:55.227] [DEBUG] debug-file - Incremental task entry:default@ProcessRouterMap pre-execution cost: 11 ms .
[2025-11-03T09:39:55.227] [DEBUG] debug-file - entry : default@ProcessRouterMap cost memory 0.1187286376953125
[2025-11-03T09:39:55.229] [INFO] debug-file - UP-TO-DATE :entry:default@ProcessRouterMap...  
[2025-11-03T09:39:55.231] [DEBUG] debug-file - Executing task :entry:default@ProcessShareConfig
[2025-11-03T09:39:55.238] [DEBUG] debug-file - Incremental task entry:default@ProcessShareConfig pre-execution cost: 6 ms .
[2025-11-03T09:39:55.238] [DEBUG] debug-file - entry : default@ProcessShareConfig cost memory 0.10394287109375
[2025-11-03T09:39:55.239] [INFO] debug-file - UP-TO-DATE :entry:default@ProcessShareConfig...  
[2025-11-03T09:39:55.242] [DEBUG] debug-file - Executing task :entry:default@ProcessStartupConfig
[2025-11-03T09:39:55.242] [DEBUG] debug-file - Task 'entry:default@ProcessStartupConfig' cost while wrapping incremental declarations: 1 ms 
[2025-11-03T09:39:55.243] [DEBUG] debug-file - entry:default@ProcessStartupConfig is not up-to-date, since the output file 'F:\DevEcoStudioProjects\Rdb-master\entry\build\default\intermediates\startup\default\startup_config.json' does not exist.
[2025-11-03T09:39:55.243] [DEBUG] debug-file - Incremental task entry:default@ProcessStartupConfig pre-execution cost: 1 ms .
[2025-11-03T09:39:55.244] [DEBUG] debug-file - entry : default@ProcessStartupConfig cost memory 0.09899139404296875
[2025-11-03T09:39:55.244] [DEBUG] debug-file - runTaskFromQueue task cost before running: 560 ms 
[2025-11-03T09:39:55.245] [INFO] debug-file - Finished :entry:default@ProcessStartupConfig... after 3 ms 
[2025-11-03T09:39:55.247] [DEBUG] debug-file - Executing task :entry:default@BuildNativeWithNinja
[2025-11-03T09:39:55.248] [DEBUG] debug-file - entry : default@BuildNativeWithNinja cost memory 0.023040771484375
[2025-11-03T09:39:55.249] [DEBUG] debug-file - runTaskFromQueue task cost before running: 565 ms 
[2025-11-03T09:39:55.249] [INFO] debug-file - Finished :entry:default@BuildNativeWithNinja... after 2 ms 
[2025-11-03T09:39:55.253] [DEBUG] debug-file - restool module names: entry; moduleName=entry, taskName=default@ProcessResource
[2025-11-03T09:39:55.257] [DEBUG] debug-file - Executing task :entry:default@ProcessResource
[2025-11-03T09:39:55.257] [DEBUG] debug-file - Task 'entry:default@ProcessResource' cost while wrapping incremental declarations: 1 ms 
[2025-11-03T09:39:55.261] [DEBUG] debug-file - Incremental task entry:default@ProcessResource pre-execution cost: 3 ms .
[2025-11-03T09:39:55.261] [DEBUG] debug-file - entry : default@ProcessResource cost memory 0.12808990478515625
[2025-11-03T09:39:55.266] [INFO] debug-file - UP-TO-DATE :entry:default@ProcessResource...  
[2025-11-03T09:39:55.270] [DEBUG] debug-file - Executing task :entry:default@GenerateLoaderJson
[2025-11-03T09:39:55.270] [DEBUG] debug-file - Task 'entry:default@GenerateLoaderJson' cost while wrapping incremental declarations: 1 ms 
[2025-11-03T09:39:55.297] [DEBUG] debug-file - Incremental task entry:default@GenerateLoaderJson pre-execution cost: 16 ms .
[2025-11-03T09:39:55.298] [DEBUG] debug-file - entry : default@GenerateLoaderJson cost memory -1.251800537109375
[2025-11-03T09:39:55.312] [INFO] debug-file - UP-TO-DATE :entry:default@GenerateLoaderJson...  
[2025-11-03T09:39:55.315] [DEBUG] debug-file - Executing task :entry:default@ProcessLibs
[2025-11-03T09:39:55.329] [DEBUG] debug-file - Incremental task entry:default@ProcessLibs pre-execution cost: 11 ms .
[2025-11-03T09:39:55.330] [DEBUG] debug-file - entry : default@ProcessLibs cost memory 0.09716033935546875
[2025-11-03T09:39:55.332] [INFO] debug-file - UP-TO-DATE :entry:default@ProcessLibs...  
[2025-11-03T09:39:55.340] [DEBUG] debug-file - restool module names: entry; moduleName=entry, taskName=default@CompileResource
[2025-11-03T09:39:55.341] [DEBUG] debug-file - Executing task :entry:default@CompileResource
[2025-11-03T09:39:55.445] [DEBUG] debug-file - Incremental task entry:default@CompileResource pre-execution cost: 99 ms .
[2025-11-03T09:39:55.446] [DEBUG] debug-file - entry : default@CompileResource cost memory 0.8935623168945312
[2025-11-03T09:39:55.448] [INFO] debug-file - UP-TO-DATE :entry:default@CompileResource...  
[2025-11-03T09:39:55.450] [DEBUG] debug-file - Executing task :entry:default@DoNativeStrip
[2025-11-03T09:39:55.451] [DEBUG] debug-file - Task 'entry:default@DoNativeStrip' cost while wrapping incremental declarations: 1 ms 
[2025-11-03T09:39:55.455] [DEBUG] debug-file - Incremental task entry:default@DoNativeStrip pre-execution cost: 4 ms .
[2025-11-03T09:39:55.456] [DEBUG] debug-file - entry : default@DoNativeStrip cost memory 0.0810394287109375
[2025-11-03T09:39:55.456] [INFO] debug-file - UP-TO-DATE :entry:default@DoNativeStrip...  
[2025-11-03T09:39:55.459] [DEBUG] debug-file - Executing task :entry:default@CompileArkTS
[2025-11-03T09:39:55.461] [DEBUG] debug-file - obfuscationOptions: undefined
[2025-11-03T09:39:55.514] [DEBUG] debug-file - Incremental task entry:default@CompileArkTS pre-execution cost: 47 ms .
[2025-11-03T09:39:55.514] [DEBUG] debug-file - entry : default@CompileArkTS cost memory -1.0940017700195312
[2025-11-03T09:39:55.519] [INFO] debug-file - UP-TO-DATE :entry:default@CompileArkTS...  
[2025-11-03T09:39:55.523] [DEBUG] debug-file - Executing task :entry:default@BuildJS
[2025-11-03T09:39:55.530] [DEBUG] debug-file - entry : default@BuildJS cost memory 0.11765289306640625
[2025-11-03T09:39:55.530] [DEBUG] debug-file - runTaskFromQueue task cost before running: 847 ms 
[2025-11-03T09:39:55.531] [INFO] debug-file - Finished :entry:default@BuildJS... after 8 ms 
[2025-11-03T09:39:55.536] [DEBUG] debug-file - Executing task :entry:default@CacheNativeLibs
[2025-11-03T09:39:55.537] [DEBUG] debug-file - Task 'entry:default@CacheNativeLibs' cost while wrapping incremental declarations: 2 ms 
[2025-11-03T09:39:55.544] [DEBUG] debug-file - Incremental task entry:default@CacheNativeLibs pre-execution cost: 7 ms .
[2025-11-03T09:39:55.545] [DEBUG] debug-file - entry : default@CacheNativeLibs cost memory 0.094146728515625
[2025-11-03T09:39:55.545] [INFO] debug-file - UP-TO-DATE :entry:default@CacheNativeLibs...  
[2025-11-03T09:39:55.548] [DEBUG] debug-file - Executing task :entry:default@GeneratePkgModuleJson
[2025-11-03T09:39:55.549] [DEBUG] debug-file - File: 'F:\DevEcoStudioProjects\Rdb-master\entry\build\default\intermediates\preload\default\preload.json' from 'preloadSoJsonPath' is not exists, just ignore.
[2025-11-03T09:39:55.549] [DEBUG] debug-file - Task 'entry:default@GeneratePkgModuleJson' cost while wrapping incremental declarations: 1 ms 
[2025-11-03T09:39:55.556] [DEBUG] debug-file - Incremental task entry:default@GeneratePkgModuleJson pre-execution cost: 7 ms .
[2025-11-03T09:39:55.557] [DEBUG] debug-file - entry : default@GeneratePkgModuleJson cost memory 0.091766357421875
[2025-11-03T09:39:55.557] [INFO] debug-file - UP-TO-DATE :entry:default@GeneratePkgModuleJson...  
[2025-11-03T09:39:55.561] [DEBUG] debug-file - Executing task :entry:default@ProcessCompiledResources
[2025-11-03T09:39:55.561] [DEBUG] debug-file - File: 'F:\DevEcoStudioProjects\Rdb-master\entry\build\default\intermediates\preload\default\preload.json' from 'preloadSoJsonPath' is not exists, just ignore.
[2025-11-03T09:39:55.561] [DEBUG] debug-file - Task 'entry:default@ProcessCompiledResources' cost while wrapping incremental declarations: 1 ms 
[2025-11-03T09:39:55.564] [DEBUG] debug-file - entry : default@ProcessCompiledResources cost memory 0.06319427490234375
[2025-11-03T09:39:55.564] [DEBUG] debug-file - runTaskFromQueue task cost before running: 881 ms 
[2025-11-03T09:39:55.565] [INFO] debug-file - Finished :entry:default@ProcessCompiledResources... after 4 ms 
[2025-11-03T09:39:55.571] [DEBUG] debug-file - Executing task :entry:default@PackageHap
[2025-11-03T09:39:55.622] [DEBUG] debug-file - Incremental task entry:default@PackageHap pre-execution cost: 48 ms .
[2025-11-03T09:39:55.622] [DEBUG] debug-file - entry : default@PackageHap cost memory -1.16729736328125
[2025-11-03T09:39:55.624] [INFO] debug-file - UP-TO-DATE :entry:default@PackageHap...  
[2025-11-03T09:39:55.627] [DEBUG] debug-file - Executing task :entry:default@PackingCheck
[2025-11-03T09:39:55.641] [DEBUG] debug-file - entry : default@PackingCheck cost memory 0.414642333984375
[2025-11-03T09:39:55.642] [DEBUG] debug-file - runTaskFromQueue task cost before running: 958 ms 
[2025-11-03T09:39:55.642] [INFO] debug-file - Finished :entry:default@PackingCheck... after 15 ms 
[2025-11-03T09:39:55.645] [DEBUG] debug-file - Executing task :entry:default@SignHap
[2025-11-03T09:39:55.645] [WARN] debug-file - Will skip sign 'hos_hap'. No signingConfigs profile is configured in current project.
             If needed, configure the signingConfigs in F:\DevEcoStudioProjects\Rdb-master\build-profile.json5.
[2025-11-03T09:39:55.647] [DEBUG] debug-file - entry:default@SignHap is not up-to-date, since the output file 'F:\DevEcoStudioProjects\Rdb-master\entry\build\default\outputs\default\entry-default-signed.hap' does not exist.
[2025-11-03T09:39:55.648] [DEBUG] debug-file - Incremental task entry:default@SignHap pre-execution cost: 2 ms .
[2025-11-03T09:39:55.648] [DEBUG] debug-file - entry : default@SignHap cost memory 0.103485107421875
[2025-11-03T09:39:55.648] [DEBUG] debug-file - runTaskFromQueue task cost before running: 964 ms 
[2025-11-03T09:39:55.649] [INFO] debug-file - Finished :entry:default@SignHap... after 4 ms 
[2025-11-03T09:39:55.652] [DEBUG] debug-file - Executing task :entry:default@CollectDebugSymbol
[2025-11-03T09:39:55.657] [DEBUG] debug-file - entry : default@CollectDebugSymbol cost memory 0.09455108642578125
[2025-11-03T09:39:55.657] [DEBUG] debug-file - runTaskFromQueue task cost before running: 973 ms 
[2025-11-03T09:39:55.658] [INFO] debug-file - Finished :entry:default@CollectDebugSymbol... after 5 ms 
[2025-11-03T09:39:55.658] [DEBUG] debug-file - Executing task :entry:assembleHap
[2025-11-03T09:39:55.658] [DEBUG] debug-file - entry : assembleHap cost memory 0.01427459716796875
[2025-11-03T09:39:55.659] [DEBUG] debug-file - runTaskFromQueue task cost before running: 975 ms 
[2025-11-03T09:39:55.659] [INFO] debug-file - Finished :entry:assembleHap... after 1 ms 
[2025-11-03T09:39:55.677] [INFO] debug-file - BUILD SUCCESSFUL in 993 ms 
[2025-11-03T09:39:55.678] [DEBUG] debug-file - There is no need to refresh cache, since the incremental task entry:default@PreBuild is up-to-date.
[2025-11-03T09:39:55.678] [DEBUG] debug-file - Update task entry:default@CreateModuleInfo output file:F:\DevEcoStudioProjects\Rdb-master\entry\build\default\generated\profile\default\ModuleInfo.ts cache.
[2025-11-03T09:39:55.678] [DEBUG] debug-file - Incremental task entry:default@CreateModuleInfo post-execution cost:1 ms .
[2025-11-03T09:39:55.679] [DEBUG] debug-file - There is no need to refresh cache, since the incremental task entry:default@GenerateMetadata is up-to-date.
[2025-11-03T09:39:55.679] [DEBUG] debug-file - There is no need to refresh cache, since the incremental task entry:default@MergeProfile is up-to-date.
[2025-11-03T09:39:55.679] [DEBUG] debug-file - There is no need to refresh cache, since the incremental task entry:default@CreateBuildProfile is up-to-date.
[2025-11-03T09:39:55.679] [DEBUG] debug-file - Update task entry:default@GeneratePkgContextInfo output file:F:\DevEcoStudioProjects\Rdb-master\entry\build\default\intermediates\loader\default\pkgContextInfo.json cache.
[2025-11-03T09:39:55.680] [DEBUG] debug-file - Incremental task entry:default@GeneratePkgContextInfo post-execution cost:1 ms .
[2025-11-03T09:39:55.680] [DEBUG] debug-file - Update task entry:default@ProcessIntegratedHsp output file:F:\DevEcoStudioProjects\Rdb-master\build\cache\default\integrated_hsp\integratedHspCache.json cache.
[2025-11-03T09:39:55.680] [DEBUG] debug-file - Incremental task entry:default@ProcessIntegratedHsp post-execution cost:1 ms .
[2025-11-03T09:39:55.680] [DEBUG] debug-file - There is no need to refresh cache, since the incremental task entry:default@MakePackInfo is up-to-date.
[2025-11-03T09:39:55.680] [DEBUG] debug-file - Update task entry:default@SyscapTransform input file:F:\deveco\DevEco Studio\sdk\default\openharmony\toolchains\syscap_tool.exe cache by regenerate.
[2025-11-03T09:39:55.681] [DEBUG] debug-file - Update task entry:default@SyscapTransform input file:F:\deveco\DevEco Studio\sdk\default\openharmony\ets\api\device-define cache by regenerate.
[2025-11-03T09:39:55.689] [DEBUG] debug-file - Update task entry:default@SyscapTransform output file:F:\DevEcoStudioProjects\Rdb-master\entry\build\default\intermediates\syscap\default\rpcid.sc cache.
[2025-11-03T09:39:55.690] [DEBUG] debug-file - Incremental task entry:default@SyscapTransform post-execution cost:10 ms .
[2025-11-03T09:39:55.690] [DEBUG] debug-file - There is no need to refresh cache, since the incremental task entry:default@ProcessProfile is up-to-date.
[2025-11-03T09:39:55.690] [DEBUG] debug-file - There is no need to refresh cache, since the incremental task entry:default@ProcessRouterMap is up-to-date.
[2025-11-03T09:39:55.690] [DEBUG] debug-file - There is no need to refresh cache, since the incremental task entry:default@ProcessShareConfig is up-to-date.
[2025-11-03T09:39:55.691] [DEBUG] debug-file - Update task entry:default@ProcessStartupConfig output file:F:\DevEcoStudioProjects\Rdb-master\entry\build\default\intermediates\startup\default\startup_config.json cache.
[2025-11-03T09:39:55.691] [DEBUG] debug-file - Incremental task entry:default@ProcessStartupConfig post-execution cost:1 ms .
[2025-11-03T09:39:55.691] [DEBUG] debug-file - There is no need to refresh cache, since the incremental task entry:default@ProcessResource is up-to-date.
[2025-11-03T09:39:55.691] [DEBUG] debug-file - There is no need to refresh cache, since the incremental task entry:default@GenerateLoaderJson is up-to-date.
[2025-11-03T09:39:55.691] [DEBUG] debug-file - There is no need to refresh cache, since the incremental task entry:default@ProcessLibs is up-to-date.
[2025-11-03T09:39:55.691] [DEBUG] debug-file - There is no need to refresh cache, since the incremental task entry:default@CompileResource is up-to-date.
[2025-11-03T09:39:55.691] [DEBUG] debug-file - There is no need to refresh cache, since the incremental task entry:default@DoNativeStrip is up-to-date.
[2025-11-03T09:39:55.692] [DEBUG] debug-file - There is no need to refresh cache, since the incremental task entry:default@CompileArkTS is up-to-date.
[2025-11-03T09:39:55.694] [DEBUG] debug-file - Update task entry:default@BuildJS input file:F:\DevEcoStudioProjects\Rdb-master\entry\build\default\intermediates\loader\default cache by regenerate.
[2025-11-03T09:39:55.696] [DEBUG] debug-file - Update task entry:default@BuildJS input file:F:\DevEcoStudioProjects\Rdb-master\entry\build\default\intermediates\res\default\resources\rawfile cache by regenerate.
[2025-11-03T09:39:55.714] [DEBUG] debug-file - Update task entry:default@BuildJS input file:F:\DevEcoStudioProjects\Rdb-master\entry\build\default\intermediates\res\default\ResourceTable.txt cache by regenerate.
[2025-11-03T09:39:55.715] [DEBUG] debug-file - Update task entry:default@BuildJS input file:F:\DevEcoStudioProjects\Rdb-master\entry\build\default\intermediates\res\default\ark_module.json cache by regenerate.
[2025-11-03T09:39:55.716] [DEBUG] debug-file - Update task entry:default@BuildJS input file:F:\DevEcoStudioProjects\Rdb-master\entry\build\default\intermediates\res\default\resources\base\profile cache by regenerate.
[2025-11-03T09:39:55.720] [DEBUG] debug-file - Update task entry:default@BuildJS output file:F:\DevEcoStudioProjects\Rdb-master\entry\build\default\intermediates\loader_out\default\js cache.
[2025-11-03T09:39:55.721] [DEBUG] debug-file - Incremental task entry:default@BuildJS post-execution cost:29 ms .
[2025-11-03T09:39:55.721] [DEBUG] debug-file - There is no need to refresh cache, since the incremental task entry:default@CacheNativeLibs is up-to-date.
[2025-11-03T09:39:55.721] [DEBUG] debug-file - There is no need to refresh cache, since the incremental task entry:default@GeneratePkgModuleJson is up-to-date.
[2025-11-03T09:39:55.721] [DEBUG] debug-file - Incremental task entry:default@ProcessCompiledResources post-execution cost:1 ms .
[2025-11-03T09:39:55.722] [DEBUG] debug-file - There is no need to refresh cache, since the incremental task entry:default@PackageHap is up-to-date.
[2025-11-03T09:39:55.722] [DEBUG] debug-file - Update task entry:default@SignHap input file:F:\DevEcoStudioProjects\Rdb-master\entry\build\default\outputs\default\entry-default-unsigned.hap cache by regenerate.
[2025-11-03T09:39:55.724] [DEBUG] debug-file - Update task entry:default@SignHap output file:F:\DevEcoStudioProjects\Rdb-master\entry\build\default\outputs\default\entry-default-signed.hap cache.
[2025-11-03T09:39:55.725] [DEBUG] debug-file - Incremental task entry:default@SignHap post-execution cost:4 ms .
[2025-11-03T09:39:55.727] [DEBUG] debug-file - Update task entry:default@CollectDebugSymbol input file:F:\DevEcoStudioProjects\Rdb-master\entry\build\default\intermediates\loader_out\default\ets\sourceMaps.map cache by regenerate.
[2025-11-03T09:39:55.728] [DEBUG] debug-file - Update task entry:default@CollectDebugSymbol input file:F:\DevEcoStudioProjects\Rdb-master\entry\build\default\intermediates\libs\default cache by regenerate.
[2025-11-03T09:39:55.730] [DEBUG] debug-file - Update task entry:default@CollectDebugSymbol output file:F:\DevEcoStudioProjects\Rdb-master\entry\build\default\outputs\default\symbol cache.
[2025-11-03T09:39:55.732] [DEBUG] debug-file - Incremental task entry:default@CollectDebugSymbol post-execution cost:6 ms .
[2025-11-03T09:39:55.801] [DEBUG] debug-file - There's no busy workers and idle workers need cleanup.
[2025-11-03T09:39:55.803] [DEBUG] debug-file - hvigor build process will be closed.
[2025-11-03T09:39:55.829] [DEBUG] debug-file - session manager: send message to worker process.
[2025-11-03T09:39:55.831] [DEBUG] debug-file - session manager: send message to worker process.
[2025-11-03T09:39:55.829] [DEBUG] debug-file - watch worker: worker id should be larger than 0. Nothing will be sent to any worker thread.
[2025-11-03T09:39:55.831] [DEBUG] debug-file - watch worker: worker id should be larger than 0. Nothing will be sent to any worker thread.
[2025-11-03T09:49:07.650] [DEBUG] debug-file - session manager: set active socket. socketId=PhZbejfLi89wNgRoAAAL
[2025-11-03T09:49:07.694] [DEBUG] debug-file - watch worker: worker id should be larger than 0. Nothing will be sent to any worker thread.
[2025-11-03T09:49:07.709] [DEBUG] debug-file - Hvigor init with startParameters:{
  hvigorfileTypeCheck: false,
  parallelExecution: true,
  incrementalExecution: true,
  printStackTrace: false,
  daemon: true,
  analyze: 0,
  logLevel: Level { level: 20000, levelStr: 'INFO', colour: 'green' },
  optimizationStrategy: 'memory',
  hotCompile: undefined,
  hotReloadBuild: undefined
}
[2025-11-03T09:49:07.717] [DEBUG] debug-file - Cache service initialization finished in 8 ms 
[2025-11-03T09:49:07.720] [DEBUG] debug-file - hvigorfile, resolving F:\DevEcoStudioProjects\Rdb-master\hvigorfile.ts
[2025-11-03T09:49:07.728] [DEBUG] debug-file - hvigorfile, require result:  {}
[2025-11-03T09:49:07.728] [DEBUG] debug-file - hvigorfile, binding system plugins {}
[2025-11-03T09:49:07.743] [DEBUG] debug-file - Start initialize project's product build option map with build mode debug.
[2025-11-03T09:49:07.744] [DEBUG] debug-file - Picking option from product 'default' with build mode 'debug'.
[2025-11-03T09:49:07.744] [DEBUG] debug-file - Product 'default' build option initialized
[2025-11-03T09:49:07.744] [DEBUG] debug-file - End initialize project's product build option map with build mode 'debug'.
[2025-11-03T09:49:07.747] [DEBUG] debug-file - Obtain build option for product 'default'in this build.
[2025-11-03T09:49:07.753] [DEBUG] debug-file - No signingConfig found, initRemoteHspCache failed.
[2025-11-03T09:49:07.761] [DEBUG] debug-file - Start recording SDK configuration permission data.
[2025-11-03T09:49:07.822] [DEBUG] debug-file - Sdk init in 68 ms 
[2025-11-03T09:49:07.829] [DEBUG] debug-file - Project task initialization takes 6 ms 
[2025-11-03T09:49:07.829] [DEBUG] debug-file - hvigorfile, resolve finished F:\DevEcoStudioProjects\Rdb-master\hvigorfile.ts
[2025-11-03T09:49:07.830] [DEBUG] debug-file - hvigorfile, resolving F:\DevEcoStudioProjects\Rdb-master\entry\hvigorfile.ts
[2025-11-03T09:49:07.836] [DEBUG] debug-file - hvigorfile, require result:  {}
[2025-11-03T09:49:07.837] [DEBUG] debug-file - hvigorfile, binding system plugins {}
[2025-11-03T09:49:07.844] [DEBUG] debug-file - failed to load cangjie to dynamically generate schemas: Error: Cannot find module '@ohos/cangjie-build-support/index'
Require stack:
- F:\deveco\DevEco Studio\tools\hvigor\hvigor-ohos-plugin\src\plugin\factory\plugin-factory.js
- F:\deveco\DevEco Studio\tools\hvigor\hvigor-ohos-plugin\index.js
- F:\DevEcoStudioProjects\Rdb-master\hvigorfile.ts
- F:\deveco\DevEco Studio\tools\hvigor\hvigor\src\base\internal\lifecycle\configuration.js
- F:\deveco\DevEco Studio\tools\hvigor\hvigor\src\base\boot\index.js
- F:\deveco\DevEco Studio\tools\hvigor\hvigor\src\base\daemon\cluster\worker-process-lifecycle.js
- F:\deveco\DevEco Studio\tools\hvigor\hvigor\src\base\daemon\process\daemon-process-boot-script.js
[2025-11-03T09:49:07.848] [DEBUG] debug-file - Start initialize module-target build option map, moduleName=entry, buildMode=release
[2025-11-03T09:49:07.848] [DEBUG] debug-file - Target 'default' config initialized
[2025-11-03T09:49:07.849] [DEBUG] debug-file - Module 'entry' target 'default' build option initialized
[2025-11-03T09:49:07.849] [DEBUG] debug-file - End initialize module-target build option map, moduleName=entry
[2025-11-03T09:49:07.849] [DEBUG] debug-file - Start initialize module-target build option map, moduleName=entry, buildMode=debug
[2025-11-03T09:49:07.850] [DEBUG] debug-file - Target 'default' config initialized
[2025-11-03T09:49:07.850] [DEBUG] debug-file - Module 'entry' target 'default' build option initialized
[2025-11-03T09:49:07.850] [DEBUG] debug-file - End initialize module-target build option map, moduleName=entry
[2025-11-03T09:49:07.850] [DEBUG] debug-file - Start initialize module-target build option map, moduleName=entry, buildMode=debug
[2025-11-03T09:49:07.850] [DEBUG] debug-file - Target 'default' config initialized
[2025-11-03T09:49:07.850] [DEBUG] debug-file - Module 'entry' target 'default' build option initialized
[2025-11-03T09:49:07.850] [DEBUG] debug-file - End initialize module-target build option map, moduleName=entry
[2025-11-03T09:49:07.850] [DEBUG] debug-file - Obtain build option for module 'entry' target 'default'in this build.
[2025-11-03T09:49:07.854] [DEBUG] debug-file - Module entry task initialization takes 3 ms 
[2025-11-03T09:49:07.854] [DEBUG] debug-file - hvigorfile, resolve finished F:\DevEcoStudioProjects\Rdb-master\entry\hvigorfile.ts
[2025-11-03T09:49:07.889] [DEBUG] debug-file - hvigorfile, resolve hvigorfile dependencies in 34 ms 
[2025-11-03T09:49:07.889] [DEBUG] debug-file - project has submodules:entry
[2025-11-03T09:49:07.892] [DEBUG] debug-file - start to load updatedOhPackageInfo to the disk
[2025-11-03T09:49:07.913] [DEBUG] debug-file - load to the disk finished
[2025-11-03T09:49:07.916] [DEBUG] debug-file - Start to initialize dependency information.
[2025-11-03T09:49:07.919] [DEBUG] debug-file - Module Rdb-master Collected Dependency: 
[2025-11-03T09:49:07.919] [DEBUG] debug-file - Module Rdb-master's total dependency: 0
[2025-11-03T09:49:07.921] [DEBUG] debug-file - Start to initialize dependency information.
[2025-11-03T09:49:07.929] [DEBUG] debug-file - Module entry Collected Dependency: 
[2025-11-03T09:49:07.929] [DEBUG] debug-file - Module entry's total dependency: 0
[2025-11-03T09:49:07.934] [DEBUG] debug-file - Configuration phase cost:217 ms 
[2025-11-03T09:49:07.939] [DEBUG] debug-file - Configuration task cost before running: 238 ms 
[2025-11-03T09:49:07.949] [DEBUG] debug-file - Executing task :entry:default@PreBuild
[2025-11-03T09:49:07.950] [DEBUG] debug-file - Task 'entry:default@PreBuild' cost while wrapping incremental declarations: 1 ms 
[2025-11-03T09:49:07.977] [DEBUG] debug-file - Incremental task entry:default@PreBuild pre-execution cost: 21 ms .
[2025-11-03T09:49:07.977] [DEBUG] debug-file - entry : default@PreBuild cost memory 0.27696990966796875
[2025-11-03T09:49:07.984] [INFO] debug-file - UP-TO-DATE :entry:default@PreBuild...  
[2025-11-03T09:49:07.987] [DEBUG] debug-file - Executing task :entry:default@CreateModuleInfo
[2025-11-03T09:49:07.988] [DEBUG] debug-file - Task 'entry:default@CreateModuleInfo' cost while wrapping incremental declarations: 1 ms 
[2025-11-03T09:49:07.988] [DEBUG] debug-file - entry : default@CreateModuleInfo cost memory 0.03997039794921875
[2025-11-03T09:49:07.989] [DEBUG] debug-file - runTaskFromQueue task cost before running: 288 ms 
[2025-11-03T09:49:07.989] [INFO] debug-file - Finished :entry:default@CreateModuleInfo... after 2 ms 
[2025-11-03T09:49:07.992] [DEBUG] debug-file - Executing task :entry:default@GenerateMetadata
[2025-11-03T09:49:07.994] [DEBUG] debug-file - Task 'entry:default@GenerateMetadata' cost while wrapping incremental declarations: 2 ms 
[2025-11-03T09:49:07.997] [DEBUG] debug-file - Incremental task entry:default@GenerateMetadata pre-execution cost: 3 ms .
[2025-11-03T09:49:07.997] [DEBUG] debug-file - entry : default@GenerateMetadata cost memory 0.089447021484375
[2025-11-03T09:49:07.997] [INFO] debug-file - UP-TO-DATE :entry:default@GenerateMetadata...  
[2025-11-03T09:49:07.999] [DEBUG] debug-file - Executing task :entry:default@ConfigureCmake
[2025-11-03T09:49:08.000] [DEBUG] debug-file - entry : default@ConfigureCmake cost memory 0.015716552734375
[2025-11-03T09:49:08.000] [DEBUG] debug-file - runTaskFromQueue task cost before running: 299 ms 
[2025-11-03T09:49:08.000] [INFO] debug-file - Finished :entry:default@ConfigureCmake... after 1 ms 
[2025-11-03T09:49:08.004] [DEBUG] debug-file - Executing task :entry:default@MergeProfile
[2025-11-03T09:49:08.004] [DEBUG] debug-file - Task 'entry:default@MergeProfile' cost while wrapping incremental declarations: 1 ms 
[2025-11-03T09:49:08.010] [DEBUG] debug-file - Incremental task entry:default@MergeProfile pre-execution cost: 6 ms .
[2025-11-03T09:49:08.011] [DEBUG] debug-file - entry : default@MergeProfile cost memory 0.12631988525390625
[2025-11-03T09:49:08.011] [INFO] debug-file - UP-TO-DATE :entry:default@MergeProfile...  
[2025-11-03T09:49:08.014] [DEBUG] debug-file - Executing task :entry:default@CreateBuildProfile
[2025-11-03T09:49:08.015] [DEBUG] debug-file - Task 'entry:default@CreateBuildProfile' cost while wrapping incremental declarations: 1 ms 
[2025-11-03T09:49:08.018] [DEBUG] debug-file - Incremental task entry:default@CreateBuildProfile pre-execution cost: 4 ms .
[2025-11-03T09:49:08.019] [DEBUG] debug-file - entry : default@CreateBuildProfile cost memory 0.0922088623046875
[2025-11-03T09:49:08.019] [INFO] debug-file - UP-TO-DATE :entry:default@CreateBuildProfile...  
[2025-11-03T09:49:08.022] [DEBUG] debug-file - Executing task :entry:default@PreCheckSyscap
[2025-11-03T09:49:08.022] [DEBUG] debug-file - entry : default@PreCheckSyscap cost memory 0.01593780517578125
[2025-11-03T09:49:08.023] [DEBUG] debug-file - runTaskFromQueue task cost before running: 322 ms 
[2025-11-03T09:49:08.023] [INFO] debug-file - Finished :entry:default@PreCheckSyscap... after 1 ms 
[2025-11-03T09:49:08.026] [DEBUG] debug-file - Executing task :entry:default@GeneratePkgContextInfo
[2025-11-03T09:49:08.034] [DEBUG] debug-file - Task 'entry:default@GeneratePkgContextInfo' cost while wrapping incremental declarations: 1 ms 
[2025-11-03T09:49:08.035] [DEBUG] debug-file - entry : default@GeneratePkgContextInfo cost memory 0.15265655517578125
[2025-11-03T09:49:08.035] [DEBUG] debug-file - runTaskFromQueue task cost before running: 334 ms 
[2025-11-03T09:49:08.035] [INFO] debug-file - Finished :entry:default@GeneratePkgContextInfo... after 9 ms 
[2025-11-03T09:49:08.046] [DEBUG] debug-file - Executing task :entry:default@ProcessIntegratedHsp
[2025-11-03T09:49:08.046] [DEBUG] debug-file - entry:default@ProcessIntegratedHsp is not up-to-date, since the output file 'F:\DevEcoStudioProjects\Rdb-master\build\cache\default\integrated_hsp\integratedHspCache.json' does not exist.
[2025-11-03T09:49:08.046] [DEBUG] debug-file - Incremental task entry:default@ProcessIntegratedHsp pre-execution cost: 1 ms .
[2025-11-03T09:49:08.046] [DEBUG] debug-file - entry : default@ProcessIntegratedHsp cost memory 0.0604248046875
[2025-11-03T09:49:08.047] [DEBUG] debug-file - runTaskFromQueue task cost before running: 346 ms 
[2025-11-03T09:49:08.047] [INFO] debug-file - Finished :entry:default@ProcessIntegratedHsp... after 2 ms 
[2025-11-03T09:49:08.049] [DEBUG] debug-file - Executing task :entry:default@BuildNativeWithCmake
[2025-11-03T09:49:08.049] [DEBUG] debug-file - entry : default@BuildNativeWithCmake cost memory 0.0167694091796875
[2025-11-03T09:49:08.049] [DEBUG] debug-file - runTaskFromQueue task cost before running: 349 ms 
[2025-11-03T09:49:08.050] [INFO] debug-file - Finished :entry:default@BuildNativeWithCmake... after 1 ms 
[2025-11-03T09:49:08.054] [DEBUG] debug-file - Executing task :entry:default@MakePackInfo
[2025-11-03T09:49:08.059] [DEBUG] debug-file - Incremental task entry:default@MakePackInfo pre-execution cost: 5 ms .
[2025-11-03T09:49:08.059] [DEBUG] debug-file - entry : default@MakePackInfo cost memory 0.10004425048828125
[2025-11-03T09:49:08.060] [INFO] debug-file - UP-TO-DATE :entry:default@MakePackInfo...  
[2025-11-03T09:49:08.062] [DEBUG] debug-file - Executing task :entry:default@SyscapTransform
[2025-11-03T09:49:08.062] [DEBUG] debug-file - File: 'F:\DevEcoStudioProjects\Rdb-master\entry\src\main\syscap.json' from 'sysCapJsonPath' is not exists, just ignore.
[2025-11-03T09:49:08.064] [DEBUG] debug-file - Task 'entry:default@SyscapTransform' cost while wrapping incremental declarations: 2 ms 
[2025-11-03T09:49:08.071] [DEBUG] debug-file - entry:default@SyscapTransform is not up-to-date, since the output file 'F:\DevEcoStudioProjects\Rdb-master\entry\build\default\intermediates\syscap\default\rpcid.sc' does not exist.
[2025-11-03T09:49:08.072] [DEBUG] debug-file - Incremental task entry:default@SyscapTransform pre-execution cost: 8 ms .
[2025-11-03T09:49:08.072] [DEBUG] debug-file - entry : default@SyscapTransform cost memory 0.14684295654296875
[2025-11-03T09:49:08.072] [DEBUG] debug-file - runTaskFromQueue task cost before running: 371 ms 
[2025-11-03T09:49:08.072] [INFO] debug-file - Finished :entry:default@SyscapTransform... after 11 ms 
[2025-11-03T09:49:08.075] [DEBUG] debug-file - Executing task :entry:default@ProcessProfile
[2025-11-03T09:49:08.077] [DEBUG] debug-file - Task 'entry:default@ProcessProfile' cost while wrapping incremental declarations: 1 ms 
[2025-11-03T09:49:08.080] [DEBUG] debug-file - Incremental task entry:default@ProcessProfile pre-execution cost: 3 ms .
[2025-11-03T09:49:08.080] [DEBUG] debug-file - entry : default@ProcessProfile cost memory 0.1258087158203125
[2025-11-03T09:49:08.080] [INFO] debug-file - UP-TO-DATE :entry:default@ProcessProfile...  
[2025-11-03T09:49:08.082] [DEBUG] debug-file - Executing task :entry:default@ProcessRouterMap
[2025-11-03T09:49:08.090] [DEBUG] debug-file - Incremental task entry:default@ProcessRouterMap pre-execution cost: 7 ms .
[2025-11-03T09:49:08.090] [DEBUG] debug-file - entry : default@ProcessRouterMap cost memory 0.11537933349609375
[2025-11-03T09:49:08.091] [INFO] debug-file - UP-TO-DATE :entry:default@ProcessRouterMap...  
[2025-11-03T09:49:08.093] [DEBUG] debug-file - Executing task :entry:default@ProcessShareConfig
[2025-11-03T09:49:08.099] [DEBUG] debug-file - Incremental task entry:default@ProcessShareConfig pre-execution cost: 6 ms .
[2025-11-03T09:49:08.100] [DEBUG] debug-file - entry : default@ProcessShareConfig cost memory 0.10233306884765625
[2025-11-03T09:49:08.101] [INFO] debug-file - UP-TO-DATE :entry:default@ProcessShareConfig...  
[2025-11-03T09:49:08.104] [DEBUG] debug-file - Executing task :entry:default@ProcessStartupConfig
[2025-11-03T09:49:08.104] [DEBUG] debug-file - Task 'entry:default@ProcessStartupConfig' cost while wrapping incremental declarations: 1 ms 
[2025-11-03T09:49:08.105] [DEBUG] debug-file - entry:default@ProcessStartupConfig is not up-to-date, since the output file 'F:\DevEcoStudioProjects\Rdb-master\entry\build\default\intermediates\startup\default\startup_config.json' does not exist.
[2025-11-03T09:49:08.105] [DEBUG] debug-file - Incremental task entry:default@ProcessStartupConfig pre-execution cost: 1 ms .
[2025-11-03T09:49:08.106] [DEBUG] debug-file - entry : default@ProcessStartupConfig cost memory 0.09748077392578125
[2025-11-03T09:49:08.106] [DEBUG] debug-file - runTaskFromQueue task cost before running: 405 ms 
[2025-11-03T09:49:08.106] [INFO] debug-file - Finished :entry:default@ProcessStartupConfig... after 2 ms 
[2025-11-03T09:49:08.109] [DEBUG] debug-file - Executing task :entry:default@BuildNativeWithNinja
[2025-11-03T09:49:08.110] [DEBUG] debug-file - entry : default@BuildNativeWithNinja cost memory 0.022613525390625
[2025-11-03T09:49:08.111] [DEBUG] debug-file - runTaskFromQueue task cost before running: 410 ms 
[2025-11-03T09:49:08.112] [INFO] debug-file - Finished :entry:default@BuildNativeWithNinja... after 3 ms 
[2025-11-03T09:49:08.116] [DEBUG] debug-file - restool module names: entry; moduleName=entry, taskName=default@ProcessResource
[2025-11-03T09:49:08.119] [DEBUG] debug-file - Executing task :entry:default@ProcessResource
[2025-11-03T09:49:08.119] [DEBUG] debug-file - Task 'entry:default@ProcessResource' cost while wrapping incremental declarations: 1 ms 
[2025-11-03T09:49:08.123] [DEBUG] debug-file - Incremental task entry:default@ProcessResource pre-execution cost: 3 ms .
[2025-11-03T09:49:08.123] [DEBUG] debug-file - entry : default@ProcessResource cost memory 0.12578582763671875
[2025-11-03T09:49:08.128] [INFO] debug-file - UP-TO-DATE :entry:default@ProcessResource...  
[2025-11-03T09:49:08.132] [DEBUG] debug-file - Executing task :entry:default@GenerateLoaderJson
[2025-11-03T09:49:08.132] [DEBUG] debug-file - Task 'entry:default@GenerateLoaderJson' cost while wrapping incremental declarations: 1 ms 
[2025-11-03T09:49:08.153] [DEBUG] debug-file - Incremental task entry:default@GenerateLoaderJson pre-execution cost: 12 ms .
[2025-11-03T09:49:08.153] [DEBUG] debug-file - entry : default@GenerateLoaderJson cost memory 0.42220306396484375
[2025-11-03T09:49:08.161] [INFO] debug-file - UP-TO-DATE :entry:default@GenerateLoaderJson...  
[2025-11-03T09:49:08.163] [DEBUG] debug-file - Executing task :entry:default@ProcessLibs
[2025-11-03T09:49:08.171] [DEBUG] debug-file - Incremental task entry:default@ProcessLibs pre-execution cost: 7 ms .
[2025-11-03T09:49:08.171] [DEBUG] debug-file - entry : default@ProcessLibs cost memory 0.09595489501953125
[2025-11-03T09:49:08.172] [INFO] debug-file - UP-TO-DATE :entry:default@ProcessLibs...  
[2025-11-03T09:49:08.176] [DEBUG] debug-file - restool module names: entry; moduleName=entry, taskName=default@CompileResource
[2025-11-03T09:49:08.177] [DEBUG] debug-file - Executing task :entry:default@CompileResource
[2025-11-03T09:49:08.261] [DEBUG] debug-file - Incremental task entry:default@CompileResource pre-execution cost: 82 ms .
[2025-11-03T09:49:08.262] [DEBUG] debug-file - entry : default@CompileResource cost memory -0.8173904418945312
[2025-11-03T09:49:08.265] [INFO] debug-file - UP-TO-DATE :entry:default@CompileResource...  
[2025-11-03T09:49:08.268] [DEBUG] debug-file - Executing task :entry:default@DoNativeStrip
[2025-11-03T09:49:08.269] [DEBUG] debug-file - Task 'entry:default@DoNativeStrip' cost while wrapping incremental declarations: 1 ms 
[2025-11-03T09:49:08.272] [DEBUG] debug-file - Incremental task entry:default@DoNativeStrip pre-execution cost: 3 ms .
[2025-11-03T09:49:08.273] [DEBUG] debug-file - entry : default@DoNativeStrip cost memory 0.0792999267578125
[2025-11-03T09:49:08.273] [INFO] debug-file - UP-TO-DATE :entry:default@DoNativeStrip...  
[2025-11-03T09:49:08.276] [DEBUG] debug-file - Executing task :entry:default@CompileArkTS
[2025-11-03T09:49:08.276] [DEBUG] debug-file - obfuscationOptions: undefined
[2025-11-03T09:49:08.329] [DEBUG] debug-file - Incremental task entry:default@CompileArkTS pre-execution cost: 48 ms .
[2025-11-03T09:49:08.329] [DEBUG] debug-file - entry : default@CompileArkTS cost memory 0.6455764770507812
[2025-11-03T09:49:08.334] [INFO] debug-file - UP-TO-DATE :entry:default@CompileArkTS...  
[2025-11-03T09:49:08.338] [DEBUG] debug-file - Executing task :entry:default@BuildJS
[2025-11-03T09:49:08.344] [DEBUG] debug-file - entry : default@BuildJS cost memory 0.1134033203125
[2025-11-03T09:49:08.344] [DEBUG] debug-file - runTaskFromQueue task cost before running: 643 ms 
[2025-11-03T09:49:08.345] [INFO] debug-file - Finished :entry:default@BuildJS... after 7 ms 
[2025-11-03T09:49:08.347] [DEBUG] debug-file - Executing task :entry:default@CacheNativeLibs
[2025-11-03T09:49:08.348] [DEBUG] debug-file - Task 'entry:default@CacheNativeLibs' cost while wrapping incremental declarations: 1 ms 
[2025-11-03T09:49:08.352] [DEBUG] debug-file - Incremental task entry:default@CacheNativeLibs pre-execution cost: 4 ms .
[2025-11-03T09:49:08.352] [DEBUG] debug-file - entry : default@CacheNativeLibs cost memory 0.0919189453125
[2025-11-03T09:49:08.352] [INFO] debug-file - UP-TO-DATE :entry:default@CacheNativeLibs...  
[2025-11-03T09:49:08.354] [DEBUG] debug-file - Executing task :entry:default@GeneratePkgModuleJson
[2025-11-03T09:49:08.355] [DEBUG] debug-file - File: 'F:\DevEcoStudioProjects\Rdb-master\entry\build\default\intermediates\preload\default\preload.json' from 'preloadSoJsonPath' is not exists, just ignore.
[2025-11-03T09:49:08.355] [DEBUG] debug-file - Task 'entry:default@GeneratePkgModuleJson' cost while wrapping incremental declarations: 1 ms 
[2025-11-03T09:49:08.358] [DEBUG] debug-file - Incremental task entry:default@GeneratePkgModuleJson pre-execution cost: 3 ms .
[2025-11-03T09:49:08.358] [DEBUG] debug-file - entry : default@GeneratePkgModuleJson cost memory 0.0901031494140625
[2025-11-03T09:49:08.358] [INFO] debug-file - UP-TO-DATE :entry:default@GeneratePkgModuleJson...  
[2025-11-03T09:49:08.360] [DEBUG] debug-file - Executing task :entry:default@ProcessCompiledResources
[2025-11-03T09:49:08.360] [DEBUG] debug-file - File: 'F:\DevEcoStudioProjects\Rdb-master\entry\build\default\intermediates\preload\default\preload.json' from 'preloadSoJsonPath' is not exists, just ignore.
[2025-11-03T09:49:08.361] [DEBUG] debug-file - Task 'entry:default@ProcessCompiledResources' cost while wrapping incremental declarations: 1 ms 
[2025-11-03T09:49:08.361] [DEBUG] debug-file - entry : default@ProcessCompiledResources cost memory 0.06197357177734375
[2025-11-03T09:49:08.361] [DEBUG] debug-file - runTaskFromQueue task cost before running: 661 ms 
[2025-11-03T09:49:08.362] [INFO] debug-file - Finished :entry:default@ProcessCompiledResources... after 2 ms 
[2025-11-03T09:49:08.365] [DEBUG] debug-file - Executing task :entry:default@PackageHap
[2025-11-03T09:49:08.407] [DEBUG] debug-file - Incremental task entry:default@PackageHap pre-execution cost: 40 ms .
[2025-11-03T09:49:08.407] [DEBUG] debug-file - entry : default@PackageHap cost memory 0.5508346557617188
[2025-11-03T09:49:08.409] [INFO] debug-file - UP-TO-DATE :entry:default@PackageHap...  
[2025-11-03T09:49:08.411] [DEBUG] debug-file - Executing task :entry:default@PackingCheck
[2025-11-03T09:49:08.425] [DEBUG] debug-file - entry : default@PackingCheck cost memory 0.38391876220703125
[2025-11-03T09:49:08.425] [DEBUG] debug-file - runTaskFromQueue task cost before running: 724 ms 
[2025-11-03T09:49:08.425] [INFO] debug-file - Finished :entry:default@PackingCheck... after 14 ms 
[2025-11-03T09:49:08.430] [DEBUG] debug-file - Executing task :entry:default@SignHap
[2025-11-03T09:49:08.430] [WARN] debug-file - Will skip sign 'hos_hap'. No signingConfigs profile is configured in current project.
             If needed, configure the signingConfigs in F:\DevEcoStudioProjects\Rdb-master\build-profile.json5.
[2025-11-03T09:49:08.432] [DEBUG] debug-file - entry:default@SignHap is not up-to-date, since the output file 'F:\DevEcoStudioProjects\Rdb-master\entry\build\default\outputs\default\entry-default-signed.hap' does not exist.
[2025-11-03T09:49:08.433] [DEBUG] debug-file - Incremental task entry:default@SignHap pre-execution cost: 3 ms .
[2025-11-03T09:49:08.434] [DEBUG] debug-file - entry : default@SignHap cost memory 0.09706878662109375
[2025-11-03T09:49:08.434] [DEBUG] debug-file - runTaskFromQueue task cost before running: 733 ms 
[2025-11-03T09:49:08.436] [INFO] debug-file - Finished :entry:default@SignHap... after 5 ms 
[2025-11-03T09:49:08.439] [DEBUG] debug-file - Executing task :entry:default@CollectDebugSymbol
[2025-11-03T09:49:08.442] [DEBUG] debug-file - entry : default@CollectDebugSymbol cost memory 0.08667755126953125
[2025-11-03T09:49:08.442] [DEBUG] debug-file - runTaskFromQueue task cost before running: 741 ms 
[2025-11-03T09:49:08.442] [INFO] debug-file - Finished :entry:default@CollectDebugSymbol... after 4 ms 
[2025-11-03T09:49:08.443] [DEBUG] debug-file - Executing task :entry:assembleHap
[2025-11-03T09:49:08.443] [DEBUG] debug-file - entry : assembleHap cost memory 0.01384735107421875
[2025-11-03T09:49:08.443] [DEBUG] debug-file - runTaskFromQueue task cost before running: 742 ms 
[2025-11-03T09:49:08.444] [INFO] debug-file - Finished :entry:assembleHap... after 1 ms 
[2025-11-03T09:49:08.463] [INFO] debug-file - BUILD SUCCESSFUL in 762 ms 
[2025-11-03T09:49:08.463] [DEBUG] debug-file - There is no need to refresh cache, since the incremental task entry:default@PreBuild is up-to-date.
[2025-11-03T09:49:08.463] [DEBUG] debug-file - Update task entry:default@CreateModuleInfo output file:F:\DevEcoStudioProjects\Rdb-master\entry\build\default\generated\profile\default\ModuleInfo.ts cache.
[2025-11-03T09:49:08.464] [DEBUG] debug-file - Incremental task entry:default@CreateModuleInfo post-execution cost:2 ms .
[2025-11-03T09:49:08.464] [DEBUG] debug-file - There is no need to refresh cache, since the incremental task entry:default@GenerateMetadata is up-to-date.
[2025-11-03T09:49:08.465] [DEBUG] debug-file - There is no need to refresh cache, since the incremental task entry:default@MergeProfile is up-to-date.
[2025-11-03T09:49:08.465] [DEBUG] debug-file - There is no need to refresh cache, since the incremental task entry:default@CreateBuildProfile is up-to-date.
[2025-11-03T09:49:08.465] [DEBUG] debug-file - Update task entry:default@GeneratePkgContextInfo output file:F:\DevEcoStudioProjects\Rdb-master\entry\build\default\intermediates\loader\default\pkgContextInfo.json cache.
[2025-11-03T09:49:08.466] [DEBUG] debug-file - Incremental task entry:default@GeneratePkgContextInfo post-execution cost:1 ms .
[2025-11-03T09:49:08.466] [DEBUG] debug-file - Update task entry:default@ProcessIntegratedHsp output file:F:\DevEcoStudioProjects\Rdb-master\build\cache\default\integrated_hsp\integratedHspCache.json cache.
[2025-11-03T09:49:08.466] [DEBUG] debug-file - Incremental task entry:default@ProcessIntegratedHsp post-execution cost:1 ms .
[2025-11-03T09:49:08.466] [DEBUG] debug-file - There is no need to refresh cache, since the incremental task entry:default@MakePackInfo is up-to-date.
[2025-11-03T09:49:08.467] [DEBUG] debug-file - Update task entry:default@SyscapTransform input file:F:\deveco\DevEco Studio\sdk\default\openharmony\toolchains\syscap_tool.exe cache by regenerate.
[2025-11-03T09:49:08.468] [DEBUG] debug-file - Update task entry:default@SyscapTransform input file:F:\deveco\DevEco Studio\sdk\default\openharmony\ets\api\device-define cache by regenerate.
[2025-11-03T09:49:08.475] [DEBUG] debug-file - Update task entry:default@SyscapTransform output file:F:\DevEcoStudioProjects\Rdb-master\entry\build\default\intermediates\syscap\default\rpcid.sc cache.
[2025-11-03T09:49:08.476] [DEBUG] debug-file - Incremental task entry:default@SyscapTransform post-execution cost:10 ms .
[2025-11-03T09:49:08.476] [DEBUG] debug-file - There is no need to refresh cache, since the incremental task entry:default@ProcessProfile is up-to-date.
[2025-11-03T09:49:08.476] [DEBUG] debug-file - There is no need to refresh cache, since the incremental task entry:default@ProcessRouterMap is up-to-date.
[2025-11-03T09:49:08.476] [DEBUG] debug-file - There is no need to refresh cache, since the incremental task entry:default@ProcessShareConfig is up-to-date.
[2025-11-03T09:49:08.476] [DEBUG] debug-file - Update task entry:default@ProcessStartupConfig output file:F:\DevEcoStudioProjects\Rdb-master\entry\build\default\intermediates\startup\default\startup_config.json cache.
[2025-11-03T09:49:08.477] [DEBUG] debug-file - Incremental task entry:default@ProcessStartupConfig post-execution cost:1 ms .
[2025-11-03T09:49:08.477] [DEBUG] debug-file - There is no need to refresh cache, since the incremental task entry:default@ProcessResource is up-to-date.
[2025-11-03T09:49:08.477] [DEBUG] debug-file - There is no need to refresh cache, since the incremental task entry:default@GenerateLoaderJson is up-to-date.
[2025-11-03T09:49:08.477] [DEBUG] debug-file - There is no need to refresh cache, since the incremental task entry:default@ProcessLibs is up-to-date.
[2025-11-03T09:49:08.478] [DEBUG] debug-file - There is no need to refresh cache, since the incremental task entry:default@CompileResource is up-to-date.
[2025-11-03T09:49:08.478] [DEBUG] debug-file - There is no need to refresh cache, since the incremental task entry:default@DoNativeStrip is up-to-date.
[2025-11-03T09:49:08.478] [DEBUG] debug-file - There is no need to refresh cache, since the incremental task entry:default@CompileArkTS is up-to-date.
[2025-11-03T09:49:08.480] [DEBUG] debug-file - Update task entry:default@BuildJS input file:F:\DevEcoStudioProjects\Rdb-master\entry\build\default\intermediates\loader\default cache by regenerate.
[2025-11-03T09:49:08.482] [DEBUG] debug-file - Update task entry:default@BuildJS input file:F:\DevEcoStudioProjects\Rdb-master\entry\build\default\intermediates\res\default\resources\rawfile cache by regenerate.
[2025-11-03T09:49:08.500] [DEBUG] debug-file - Update task entry:default@BuildJS input file:F:\DevEcoStudioProjects\Rdb-master\entry\build\default\intermediates\res\default\ResourceTable.txt cache by regenerate.
[2025-11-03T09:49:08.502] [DEBUG] debug-file - Update task entry:default@BuildJS input file:F:\DevEcoStudioProjects\Rdb-master\entry\build\default\intermediates\res\default\ark_module.json cache by regenerate.
[2025-11-03T09:49:08.504] [DEBUG] debug-file - Update task entry:default@BuildJS input file:F:\DevEcoStudioProjects\Rdb-master\entry\build\default\intermediates\res\default\resources\base\profile cache by regenerate.
[2025-11-03T09:49:08.507] [DEBUG] debug-file - Update task entry:default@BuildJS output file:F:\DevEcoStudioProjects\Rdb-master\entry\build\default\intermediates\loader_out\default\js cache.
[2025-11-03T09:49:08.508] [DEBUG] debug-file - Incremental task entry:default@BuildJS post-execution cost:30 ms .
[2025-11-03T09:49:08.508] [DEBUG] debug-file - There is no need to refresh cache, since the incremental task entry:default@CacheNativeLibs is up-to-date.
[2025-11-03T09:49:08.508] [DEBUG] debug-file - There is no need to refresh cache, since the incremental task entry:default@GeneratePkgModuleJson is up-to-date.
[2025-11-03T09:49:08.509] [DEBUG] debug-file - Incremental task entry:default@ProcessCompiledResources post-execution cost:1 ms .
[2025-11-03T09:49:08.509] [DEBUG] debug-file - There is no need to refresh cache, since the incremental task entry:default@PackageHap is up-to-date.
[2025-11-03T09:49:08.509] [DEBUG] debug-file - Update task entry:default@SignHap input file:F:\DevEcoStudioProjects\Rdb-master\entry\build\default\outputs\default\entry-default-unsigned.hap cache by regenerate.
[2025-11-03T09:49:08.510] [DEBUG] debug-file - Update task entry:default@SignHap output file:F:\DevEcoStudioProjects\Rdb-master\entry\build\default\outputs\default\entry-default-signed.hap cache.
[2025-11-03T09:49:08.511] [DEBUG] debug-file - Incremental task entry:default@SignHap post-execution cost:3 ms .
[2025-11-03T09:49:08.513] [DEBUG] debug-file - Update task entry:default@CollectDebugSymbol input file:F:\DevEcoStudioProjects\Rdb-master\entry\build\default\intermediates\loader_out\default\ets\sourceMaps.map cache by regenerate.
[2025-11-03T09:49:08.514] [DEBUG] debug-file - Update task entry:default@CollectDebugSymbol input file:F:\DevEcoStudioProjects\Rdb-master\entry\build\default\intermediates\libs\default cache by regenerate.
[2025-11-03T09:49:08.516] [DEBUG] debug-file - Update task entry:default@CollectDebugSymbol output file:F:\DevEcoStudioProjects\Rdb-master\entry\build\default\outputs\default\symbol cache.
[2025-11-03T09:49:08.517] [DEBUG] debug-file - Incremental task entry:default@CollectDebugSymbol post-execution cost:6 ms .
[2025-11-03T09:49:08.588] [DEBUG] debug-file - There's no busy workers and idle workers need cleanup.
[2025-11-03T09:49:08.590] [DEBUG] debug-file - hvigor build process will be closed.
[2025-11-03T09:49:08.611] [DEBUG] debug-file - session manager: send message to worker process.
[2025-11-03T09:49:08.613] [DEBUG] debug-file - session manager: send message to worker process.
[2025-11-03T09:49:08.610] [DEBUG] debug-file - watch worker: worker id should be larger than 0. Nothing will be sent to any worker thread.
[2025-11-03T09:49:08.612] [DEBUG] debug-file - watch worker: worker id should be larger than 0. Nothing will be sent to any worker thread.
[2025-11-03T09:53:53.879] [DEBUG] debug-file - session manager: set active socket. socketId=d3oIHcamUaEXwnzgAAAN
[2025-11-03T09:53:53.926] [DEBUG] debug-file - watch worker: worker id should be larger than 0. Nothing will be sent to any worker thread.
[2025-11-03T09:53:53.939] [DEBUG] debug-file - Hvigor init with startParameters:{
  hvigorfileTypeCheck: false,
  parallelExecution: true,
  incrementalExecution: true,
  printStackTrace: false,
  daemon: true,
  analyze: 0,
  logLevel: Level { level: 20000, levelStr: 'INFO', colour: 'green' },
  optimizationStrategy: 'memory',
  hotCompile: undefined,
  hotReloadBuild: undefined
}
[2025-11-03T09:53:53.947] [DEBUG] debug-file - Cache service initialization finished in 8 ms 
[2025-11-03T09:53:53.949] [DEBUG] debug-file - hvigorfile, resolving F:\DevEcoStudioProjects\Rdb-master\hvigorfile.ts
[2025-11-03T09:53:53.959] [DEBUG] debug-file - hvigorfile, require result:  {}
[2025-11-03T09:53:53.960] [DEBUG] debug-file - hvigorfile, binding system plugins {}
[2025-11-03T09:53:53.978] [DEBUG] debug-file - Start initialize project's product build option map with build mode debug.
[2025-11-03T09:53:53.978] [DEBUG] debug-file - Picking option from product 'default' with build mode 'debug'.
[2025-11-03T09:53:53.978] [DEBUG] debug-file - Product 'default' build option initialized
[2025-11-03T09:53:53.981] [DEBUG] debug-file - End initialize project's product build option map with build mode 'debug'.
[2025-11-03T09:53:53.986] [DEBUG] debug-file - Obtain build option for product 'default'in this build.
[2025-11-03T09:53:53.989] [DEBUG] debug-file - No signingConfig found, initRemoteHspCache failed.
[2025-11-03T09:53:53.997] [DEBUG] debug-file - Start recording SDK configuration permission data.
[2025-11-03T09:53:54.055] [DEBUG] debug-file - Sdk init in 64 ms 
[2025-11-03T09:53:54.062] [DEBUG] debug-file - Project task initialization takes 7 ms 
[2025-11-03T09:53:54.062] [DEBUG] debug-file - hvigorfile, resolve finished F:\DevEcoStudioProjects\Rdb-master\hvigorfile.ts
[2025-11-03T09:53:54.063] [DEBUG] debug-file - hvigorfile, resolving F:\DevEcoStudioProjects\Rdb-master\entry\hvigorfile.ts
[2025-11-03T09:53:54.069] [DEBUG] debug-file - hvigorfile, require result:  {}
[2025-11-03T09:53:54.069] [DEBUG] debug-file - hvigorfile, binding system plugins {}
[2025-11-03T09:53:54.076] [DEBUG] debug-file - failed to load cangjie to dynamically generate schemas: Error: Cannot find module '@ohos/cangjie-build-support/index'
Require stack:
- F:\deveco\DevEco Studio\tools\hvigor\hvigor-ohos-plugin\src\plugin\factory\plugin-factory.js
- F:\deveco\DevEco Studio\tools\hvigor\hvigor-ohos-plugin\index.js
- F:\DevEcoStudioProjects\Rdb-master\hvigorfile.ts
- F:\deveco\DevEco Studio\tools\hvigor\hvigor\src\base\internal\lifecycle\configuration.js
- F:\deveco\DevEco Studio\tools\hvigor\hvigor\src\base\boot\index.js
- F:\deveco\DevEco Studio\tools\hvigor\hvigor\src\base\daemon\cluster\worker-process-lifecycle.js
- F:\deveco\DevEco Studio\tools\hvigor\hvigor\src\base\daemon\process\daemon-process-boot-script.js
[2025-11-03T09:53:54.079] [DEBUG] debug-file - Start initialize module-target build option map, moduleName=entry, buildMode=release
[2025-11-03T09:53:54.080] [DEBUG] debug-file - Target 'default' config initialized
[2025-11-03T09:53:54.081] [DEBUG] debug-file - Module 'entry' target 'default' build option initialized
[2025-11-03T09:53:54.081] [DEBUG] debug-file - End initialize module-target build option map, moduleName=entry
[2025-11-03T09:53:54.081] [DEBUG] debug-file - Start initialize module-target build option map, moduleName=entry, buildMode=debug
[2025-11-03T09:53:54.081] [DEBUG] debug-file - Target 'default' config initialized
[2025-11-03T09:53:54.081] [DEBUG] debug-file - Module 'entry' target 'default' build option initialized
[2025-11-03T09:53:54.081] [DEBUG] debug-file - End initialize module-target build option map, moduleName=entry
[2025-11-03T09:53:54.081] [DEBUG] debug-file - Start initialize module-target build option map, moduleName=entry, buildMode=debug
[2025-11-03T09:53:54.081] [DEBUG] debug-file - Target 'default' config initialized
[2025-11-03T09:53:54.082] [DEBUG] debug-file - Module 'entry' target 'default' build option initialized
[2025-11-03T09:53:54.082] [DEBUG] debug-file - End initialize module-target build option map, moduleName=entry
[2025-11-03T09:53:54.082] [DEBUG] debug-file - Obtain build option for module 'entry' target 'default'in this build.
[2025-11-03T09:53:54.085] [DEBUG] debug-file - Module entry task initialization takes 2 ms 
[2025-11-03T09:53:54.085] [DEBUG] debug-file - hvigorfile, resolve finished F:\DevEcoStudioProjects\Rdb-master\entry\hvigorfile.ts
[2025-11-03T09:53:54.115] [DEBUG] debug-file - hvigorfile, resolve hvigorfile dependencies in 29 ms 
[2025-11-03T09:53:54.115] [DEBUG] debug-file - project has submodules:entry
[2025-11-03T09:53:54.118] [DEBUG] debug-file - start to load updatedOhPackageInfo to the disk
[2025-11-03T09:53:54.136] [DEBUG] debug-file - load to the disk finished
[2025-11-03T09:53:54.139] [DEBUG] debug-file - Start to initialize dependency information.
[2025-11-03T09:53:54.141] [DEBUG] debug-file - Module Rdb-master Collected Dependency: 
[2025-11-03T09:53:54.142] [DEBUG] debug-file - Module Rdb-master's total dependency: 0
[2025-11-03T09:53:54.143] [DEBUG] debug-file - Start to initialize dependency information.
[2025-11-03T09:53:54.149] [DEBUG] debug-file - Module entry Collected Dependency: 
[2025-11-03T09:53:54.149] [DEBUG] debug-file - Module entry's total dependency: 0
[2025-11-03T09:53:54.155] [DEBUG] debug-file - Configuration phase cost:208 ms 
[2025-11-03T09:53:54.157] [DEBUG] debug-file - Configuration task cost before running: 224 ms 
[2025-11-03T09:53:54.168] [DEBUG] debug-file - Executing task :entry:default@PreBuild
[2025-11-03T09:53:54.169] [DEBUG] debug-file - Task 'entry:default@PreBuild' cost while wrapping incremental declarations: 1 ms 
[2025-11-03T09:53:54.193] [DEBUG] debug-file - Incremental task entry:default@PreBuild pre-execution cost: 18 ms .
[2025-11-03T09:53:54.194] [DEBUG] debug-file - entry : default@PreBuild cost memory 0.30416107177734375
[2025-11-03T09:53:54.201] [INFO] debug-file - UP-TO-DATE :entry:default@PreBuild...  
[2025-11-03T09:53:54.203] [DEBUG] debug-file - Executing task :entry:default@CreateModuleInfo
[2025-11-03T09:53:54.204] [DEBUG] debug-file - Task 'entry:default@CreateModuleInfo' cost while wrapping incremental declarations: 1 ms 
[2025-11-03T09:53:54.204] [DEBUG] debug-file - entry : default@CreateModuleInfo cost memory 0.03910064697265625
[2025-11-03T09:53:54.204] [DEBUG] debug-file - runTaskFromQueue task cost before running: 272 ms 
[2025-11-03T09:53:54.205] [INFO] debug-file - Finished :entry:default@CreateModuleInfo... after 2 ms 
[2025-11-03T09:53:54.207] [DEBUG] debug-file - Executing task :entry:default@GenerateMetadata
[2025-11-03T09:53:54.208] [DEBUG] debug-file - Task 'entry:default@GenerateMetadata' cost while wrapping incremental declarations: 1 ms 
[2025-11-03T09:53:54.211] [DEBUG] debug-file - Incremental task entry:default@GenerateMetadata pre-execution cost: 3 ms .
[2025-11-03T09:53:54.211] [DEBUG] debug-file - entry : default@GenerateMetadata cost memory 0.084503173828125
[2025-11-03T09:53:54.211] [INFO] debug-file - UP-TO-DATE :entry:default@GenerateMetadata...  
[2025-11-03T09:53:54.213] [DEBUG] debug-file - Executing task :entry:default@ConfigureCmake
[2025-11-03T09:53:54.214] [DEBUG] debug-file - entry : default@ConfigureCmake cost memory 0.015716552734375
[2025-11-03T09:53:54.214] [DEBUG] debug-file - runTaskFromQueue task cost before running: 282 ms 
[2025-11-03T09:53:54.215] [INFO] debug-file - Finished :entry:default@ConfigureCmake... after 1 ms 
[2025-11-03T09:53:54.220] [DEBUG] debug-file - Executing task :entry:default@MergeProfile
[2025-11-03T09:53:54.220] [DEBUG] debug-file - Task 'entry:default@MergeProfile' cost while wrapping incremental declarations: 1 ms 
[2025-11-03T09:53:54.226] [DEBUG] debug-file - Incremental task entry:default@MergeProfile pre-execution cost: 5 ms .
[2025-11-03T09:53:54.226] [DEBUG] debug-file - entry : default@MergeProfile cost memory -0.6187515258789062
[2025-11-03T09:53:54.226] [INFO] debug-file - UP-TO-DATE :entry:default@MergeProfile...  
[2025-11-03T09:53:54.229] [DEBUG] debug-file - Executing task :entry:default@CreateBuildProfile
[2025-11-03T09:53:54.230] [DEBUG] debug-file - Task 'entry:default@CreateBuildProfile' cost while wrapping incremental declarations: 1 ms 
[2025-11-03T09:53:54.233] [DEBUG] debug-file - Incremental task entry:default@CreateBuildProfile pre-execution cost: 4 ms .
[2025-11-03T09:53:54.233] [DEBUG] debug-file - entry : default@CreateBuildProfile cost memory 0.09191131591796875
[2025-11-03T09:53:54.234] [INFO] debug-file - UP-TO-DATE :entry:default@CreateBuildProfile...  
[2025-11-03T09:53:54.236] [DEBUG] debug-file - Executing task :entry:default@PreCheckSyscap
[2025-11-03T09:53:54.236] [DEBUG] debug-file - entry : default@PreCheckSyscap cost memory 0.01593780517578125
[2025-11-03T09:53:54.236] [DEBUG] debug-file - runTaskFromQueue task cost before running: 304 ms 
[2025-11-03T09:53:54.237] [INFO] debug-file - Finished :entry:default@PreCheckSyscap... after 1 ms 
[2025-11-03T09:53:54.240] [DEBUG] debug-file - Executing task :entry:default@GeneratePkgContextInfo
[2025-11-03T09:53:54.247] [DEBUG] debug-file - Task 'entry:default@GeneratePkgContextInfo' cost while wrapping incremental declarations: 1 ms 
[2025-11-03T09:53:54.247] [DEBUG] debug-file - entry : default@GeneratePkgContextInfo cost memory 0.15149688720703125
[2025-11-03T09:53:54.247] [DEBUG] debug-file - runTaskFromQueue task cost before running: 315 ms 
[2025-11-03T09:53:54.247] [INFO] debug-file - Finished :entry:default@GeneratePkgContextInfo... after 8 ms 
[2025-11-03T09:53:54.255] [DEBUG] debug-file - Executing task :entry:default@ProcessIntegratedHsp
[2025-11-03T09:53:54.255] [DEBUG] debug-file - entry:default@ProcessIntegratedHsp is not up-to-date, since the output file 'F:\DevEcoStudioProjects\Rdb-master\build\cache\default\integrated_hsp\integratedHspCache.json' does not exist.
[2025-11-03T09:53:54.255] [DEBUG] debug-file - Incremental task entry:default@ProcessIntegratedHsp pre-execution cost: 1 ms .
[2025-11-03T09:53:54.255] [DEBUG] debug-file - entry : default@ProcessIntegratedHsp cost memory 0.0603790283203125
[2025-11-03T09:53:54.255] [DEBUG] debug-file - runTaskFromQueue task cost before running: 323 ms 
[2025-11-03T09:53:54.256] [INFO] debug-file - Finished :entry:default@ProcessIntegratedHsp... after 1 ms 
[2025-11-03T09:53:54.258] [DEBUG] debug-file - Executing task :entry:default@BuildNativeWithCmake
[2025-11-03T09:53:54.258] [DEBUG] debug-file - entry : default@BuildNativeWithCmake cost memory 0.0167694091796875
[2025-11-03T09:53:54.258] [DEBUG] debug-file - runTaskFromQueue task cost before running: 326 ms 
[2025-11-03T09:53:54.259] [INFO] debug-file - Finished :entry:default@BuildNativeWithCmake... after 1 ms 
[2025-11-03T09:53:54.261] [DEBUG] debug-file - Executing task :entry:default@MakePackInfo
[2025-11-03T09:53:54.266] [DEBUG] debug-file - Incremental task entry:default@MakePackInfo pre-execution cost: 5 ms .
[2025-11-03T09:53:54.266] [DEBUG] debug-file - entry : default@MakePackInfo cost memory 0.09973907470703125
[2025-11-03T09:53:54.267] [INFO] debug-file - UP-TO-DATE :entry:default@MakePackInfo...  
[2025-11-03T09:53:54.269] [DEBUG] debug-file - Executing task :entry:default@SyscapTransform
[2025-11-03T09:53:54.269] [DEBUG] debug-file - File: 'F:\DevEcoStudioProjects\Rdb-master\entry\src\main\syscap.json' from 'sysCapJsonPath' is not exists, just ignore.
[2025-11-03T09:53:54.271] [DEBUG] debug-file - Task 'entry:default@SyscapTransform' cost while wrapping incremental declarations: 2 ms 
[2025-11-03T09:53:54.278] [DEBUG] debug-file - entry:default@SyscapTransform is not up-to-date, since the output file 'F:\DevEcoStudioProjects\Rdb-master\entry\build\default\intermediates\syscap\default\rpcid.sc' does not exist.
[2025-11-03T09:53:54.278] [DEBUG] debug-file - Incremental task entry:default@SyscapTransform pre-execution cost: 7 ms .
[2025-11-03T09:53:54.278] [DEBUG] debug-file - entry : default@SyscapTransform cost memory 0.1458892822265625
[2025-11-03T09:53:54.278] [DEBUG] debug-file - runTaskFromQueue task cost before running: 346 ms 
[2025-11-03T09:53:54.279] [INFO] debug-file - Finished :entry:default@SyscapTransform... after 10 ms 
[2025-11-03T09:53:54.281] [DEBUG] debug-file - Executing task :entry:default@ProcessProfile
[2025-11-03T09:53:54.284] [DEBUG] debug-file - Task 'entry:default@ProcessProfile' cost while wrapping incremental declarations: 1 ms 
[2025-11-03T09:53:54.287] [DEBUG] debug-file - Incremental task entry:default@ProcessProfile pre-execution cost: 3 ms .
[2025-11-03T09:53:54.288] [DEBUG] debug-file - entry : default@ProcessProfile cost memory 0.12592315673828125
[2025-11-03T09:53:54.288] [INFO] debug-file - UP-TO-DATE :entry:default@ProcessProfile...  
[2025-11-03T09:53:54.291] [DEBUG] debug-file - Executing task :entry:default@ProcessRouterMap
[2025-11-03T09:53:54.297] [DEBUG] debug-file - Incremental task entry:default@ProcessRouterMap pre-execution cost: 6 ms .
[2025-11-03T09:53:54.297] [DEBUG] debug-file - entry : default@ProcessRouterMap cost memory 0.1147003173828125
[2025-11-03T09:53:54.298] [INFO] debug-file - UP-TO-DATE :entry:default@ProcessRouterMap...  
[2025-11-03T09:53:54.300] [DEBUG] debug-file - Executing task :entry:default@ProcessShareConfig
[2025-11-03T09:53:54.307] [DEBUG] debug-file - Incremental task entry:default@ProcessShareConfig pre-execution cost: 6 ms .
[2025-11-03T09:53:54.307] [DEBUG] debug-file - entry : default@ProcessShareConfig cost memory 0.102020263671875
[2025-11-03T09:53:54.308] [INFO] debug-file - UP-TO-DATE :entry:default@ProcessShareConfig...  
[2025-11-03T09:53:54.310] [DEBUG] debug-file - Executing task :entry:default@ProcessStartupConfig
[2025-11-03T09:53:54.310] [DEBUG] debug-file - Task 'entry:default@ProcessStartupConfig' cost while wrapping incremental declarations: 1 ms 
[2025-11-03T09:53:54.311] [DEBUG] debug-file - entry:default@ProcessStartupConfig is not up-to-date, since the output file 'F:\DevEcoStudioProjects\Rdb-master\entry\build\default\intermediates\startup\default\startup_config.json' does not exist.
[2025-11-03T09:53:54.311] [DEBUG] debug-file - Incremental task entry:default@ProcessStartupConfig pre-execution cost: 1 ms .
[2025-11-03T09:53:54.311] [DEBUG] debug-file - entry : default@ProcessStartupConfig cost memory 0.097442626953125
[2025-11-03T09:53:54.312] [DEBUG] debug-file - runTaskFromQueue task cost before running: 379 ms 
[2025-11-03T09:53:54.312] [INFO] debug-file - Finished :entry:default@ProcessStartupConfig... after 2 ms 
[2025-11-03T09:53:54.314] [DEBUG] debug-file - Executing task :entry:default@BuildNativeWithNinja
[2025-11-03T09:53:54.315] [DEBUG] debug-file - entry : default@BuildNativeWithNinja cost memory 0.022613525390625
[2025-11-03T09:53:54.315] [DEBUG] debug-file - runTaskFromQueue task cost before running: 383 ms 
[2025-11-03T09:53:54.316] [INFO] debug-file - Finished :entry:default@BuildNativeWithNinja... after 2 ms 
[2025-11-03T09:53:54.319] [DEBUG] debug-file - restool module names: entry; moduleName=entry, taskName=default@ProcessResource
[2025-11-03T09:53:54.323] [DEBUG] debug-file - Executing task :entry:default@ProcessResource
[2025-11-03T09:53:54.323] [DEBUG] debug-file - Task 'entry:default@ProcessResource' cost while wrapping incremental declarations: 1 ms 
[2025-11-03T09:53:54.326] [DEBUG] debug-file - Incremental task entry:default@ProcessResource pre-execution cost: 3 ms .
[2025-11-03T09:53:54.326] [DEBUG] debug-file - entry : default@ProcessResource cost memory 0.125579833984375
[2025-11-03T09:53:54.330] [INFO] debug-file - UP-TO-DATE :entry:default@ProcessResource...  
[2025-11-03T09:53:54.333] [DEBUG] debug-file - Executing task :entry:default@GenerateLoaderJson
[2025-11-03T09:53:54.334] [DEBUG] debug-file - Task 'entry:default@GenerateLoaderJson' cost while wrapping incremental declarations: 1 ms 
[2025-11-03T09:53:54.355] [DEBUG] debug-file - Incremental task entry:default@GenerateLoaderJson pre-execution cost: 12 ms .
[2025-11-03T09:53:54.355] [DEBUG] debug-file - entry : default@GenerateLoaderJson cost memory 0.42218780517578125
[2025-11-03T09:53:54.363] [INFO] debug-file - UP-TO-DATE :entry:default@GenerateLoaderJson...  
[2025-11-03T09:53:54.366] [DEBUG] debug-file - Executing task :entry:default@ProcessLibs
[2025-11-03T09:53:54.373] [DEBUG] debug-file - Incremental task entry:default@ProcessLibs pre-execution cost: 5 ms .
[2025-11-03T09:53:54.373] [DEBUG] debug-file - entry : default@ProcessLibs cost memory 0.09535980224609375
[2025-11-03T09:53:54.374] [INFO] debug-file - UP-TO-DATE :entry:default@ProcessLibs...  
[2025-11-03T09:53:54.377] [DEBUG] debug-file - restool module names: entry; moduleName=entry, taskName=default@CompileResource
[2025-11-03T09:53:54.378] [DEBUG] debug-file - Executing task :entry:default@CompileResource
[2025-11-03T09:53:54.472] [DEBUG] debug-file - Incremental task entry:default@CompileResource pre-execution cost: 92 ms .
[2025-11-03T09:53:54.473] [DEBUG] debug-file - entry : default@CompileResource cost memory 0.8613052368164062
[2025-11-03T09:53:54.477] [INFO] debug-file - UP-TO-DATE :entry:default@CompileResource...  
[2025-11-03T09:53:54.480] [DEBUG] debug-file - Executing task :entry:default@DoNativeStrip
[2025-11-03T09:53:54.481] [DEBUG] debug-file - Task 'entry:default@DoNativeStrip' cost while wrapping incremental declarations: 1 ms 
[2025-11-03T09:53:54.487] [DEBUG] debug-file - Incremental task entry:default@DoNativeStrip pre-execution cost: 6 ms .
[2025-11-03T09:53:54.489] [DEBUG] debug-file - entry : default@DoNativeStrip cost memory 0.0793914794921875
[2025-11-03T09:53:54.490] [INFO] debug-file - UP-TO-DATE :entry:default@DoNativeStrip...  
[2025-11-03T09:53:54.495] [DEBUG] debug-file - Executing task :entry:default@CompileArkTS
[2025-11-03T09:53:54.495] [DEBUG] debug-file - obfuscationOptions: undefined
[2025-11-03T09:53:54.563] [DEBUG] debug-file - Incremental task entry:default@CompileArkTS pre-execution cost: 60 ms .
[2025-11-03T09:53:54.563] [DEBUG] debug-file - entry : default@CompileArkTS cost memory -1.0771713256835938
[2025-11-03T09:53:54.568] [INFO] debug-file - UP-TO-DATE :entry:default@CompileArkTS...  
[2025-11-03T09:53:54.572] [DEBUG] debug-file - Executing task :entry:default@BuildJS
[2025-11-03T09:53:54.578] [DEBUG] debug-file - entry : default@BuildJS cost memory 0.1134185791015625
[2025-11-03T09:53:54.578] [DEBUG] debug-file - runTaskFromQueue task cost before running: 646 ms 
[2025-11-03T09:53:54.579] [INFO] debug-file - Finished :entry:default@BuildJS... after 7 ms 
[2025-11-03T09:53:54.581] [DEBUG] debug-file - Executing task :entry:default@CacheNativeLibs
[2025-11-03T09:53:54.582] [DEBUG] debug-file - Task 'entry:default@CacheNativeLibs' cost while wrapping incremental declarations: 1 ms 
[2025-11-03T09:53:54.588] [DEBUG] debug-file - Incremental task entry:default@CacheNativeLibs pre-execution cost: 5 ms .
[2025-11-03T09:53:54.588] [DEBUG] debug-file - entry : default@CacheNativeLibs cost memory 0.091644287109375
[2025-11-03T09:53:54.589] [INFO] debug-file - UP-TO-DATE :entry:default@CacheNativeLibs...  
[2025-11-03T09:53:54.591] [DEBUG] debug-file - Executing task :entry:default@GeneratePkgModuleJson
[2025-11-03T09:53:54.592] [DEBUG] debug-file - File: 'F:\DevEcoStudioProjects\Rdb-master\entry\build\default\intermediates\preload\default\preload.json' from 'preloadSoJsonPath' is not exists, just ignore.
[2025-11-03T09:53:54.593] [DEBUG] debug-file - Task 'entry:default@GeneratePkgModuleJson' cost while wrapping incremental declarations: 1 ms 
[2025-11-03T09:53:54.595] [DEBUG] debug-file - Incremental task entry:default@GeneratePkgModuleJson pre-execution cost: 3 ms .
[2025-11-03T09:53:54.595] [DEBUG] debug-file - entry : default@GeneratePkgModuleJson cost memory 0.08984375
[2025-11-03T09:53:54.596] [INFO] debug-file - UP-TO-DATE :entry:default@GeneratePkgModuleJson...  
[2025-11-03T09:53:54.598] [DEBUG] debug-file - Executing task :entry:default@ProcessCompiledResources
[2025-11-03T09:53:54.598] [DEBUG] debug-file - File: 'F:\DevEcoStudioProjects\Rdb-master\entry\build\default\intermediates\preload\default\preload.json' from 'preloadSoJsonPath' is not exists, just ignore.
[2025-11-03T09:53:54.598] [DEBUG] debug-file - Task 'entry:default@ProcessCompiledResources' cost while wrapping incremental declarations: 1 ms 
[2025-11-03T09:53:54.599] [DEBUG] debug-file - entry : default@ProcessCompiledResources cost memory 0.06221771240234375
[2025-11-03T09:53:54.599] [DEBUG] debug-file - runTaskFromQueue task cost before running: 667 ms 
[2025-11-03T09:53:54.599] [INFO] debug-file - Finished :entry:default@ProcessCompiledResources... after 2 ms 
[2025-11-03T09:53:54.603] [DEBUG] debug-file - Executing task :entry:default@PackageHap
[2025-11-03T09:53:54.647] [DEBUG] debug-file - Incremental task entry:default@PackageHap pre-execution cost: 43 ms .
[2025-11-03T09:53:54.647] [DEBUG] debug-file - entry : default@PackageHap cost memory -1.1690444946289062
[2025-11-03T09:53:54.650] [INFO] debug-file - UP-TO-DATE :entry:default@PackageHap...  
[2025-11-03T09:53:54.653] [DEBUG] debug-file - Executing task :entry:default@PackingCheck
[2025-11-03T09:53:54.667] [DEBUG] debug-file - entry : default@PackingCheck cost memory 0.38409423828125
[2025-11-03T09:53:54.667] [DEBUG] debug-file - runTaskFromQueue task cost before running: 734 ms 
[2025-11-03T09:53:54.667] [INFO] debug-file - Finished :entry:default@PackingCheck... after 14 ms 
[2025-11-03T09:53:54.670] [DEBUG] debug-file - Executing task :entry:default@SignHap
[2025-11-03T09:53:54.671] [WARN] debug-file - Will skip sign 'hos_hap'. No signingConfigs profile is configured in current project.
             If needed, configure the signingConfigs in F:\DevEcoStudioProjects\Rdb-master\build-profile.json5.
[2025-11-03T09:53:54.673] [DEBUG] debug-file - entry:default@SignHap is not up-to-date, since the output file 'F:\DevEcoStudioProjects\Rdb-master\entry\build\default\outputs\default\entry-default-signed.hap' does not exist.
[2025-11-03T09:53:54.674] [DEBUG] debug-file - Incremental task entry:default@SignHap pre-execution cost: 3 ms .
[2025-11-03T09:53:54.674] [DEBUG] debug-file - entry : default@SignHap cost memory 0.0977325439453125
[2025-11-03T09:53:54.675] [DEBUG] debug-file - runTaskFromQueue task cost before running: 742 ms 
[2025-11-03T09:53:54.675] [INFO] debug-file - Finished :entry:default@SignHap... after 5 ms 
[2025-11-03T09:53:54.678] [DEBUG] debug-file - Executing task :entry:default@CollectDebugSymbol
[2025-11-03T09:53:54.680] [DEBUG] debug-file - entry : default@CollectDebugSymbol cost memory 0.08667755126953125
[2025-11-03T09:53:54.681] [DEBUG] debug-file - runTaskFromQueue task cost before running: 748 ms 
[2025-11-03T09:53:54.681] [INFO] debug-file - Finished :entry:default@CollectDebugSymbol... after 3 ms 
[2025-11-03T09:53:54.681] [DEBUG] debug-file - Executing task :entry:assembleHap
[2025-11-03T09:53:54.682] [DEBUG] debug-file - entry : assembleHap cost memory 0.01384735107421875
[2025-11-03T09:53:54.682] [DEBUG] debug-file - runTaskFromQueue task cost before running: 749 ms 
[2025-11-03T09:53:54.682] [INFO] debug-file - Finished :entry:assembleHap... after 1 ms 
[2025-11-03T09:53:54.711] [INFO] debug-file - BUILD SUCCESSFUL in 778 ms 
[2025-11-03T09:53:54.711] [DEBUG] debug-file - There is no need to refresh cache, since the incremental task entry:default@PreBuild is up-to-date.
[2025-11-03T09:53:54.711] [DEBUG] debug-file - Update task entry:default@CreateModuleInfo output file:F:\DevEcoStudioProjects\Rdb-master\entry\build\default\generated\profile\default\ModuleInfo.ts cache.
[2025-11-03T09:53:54.712] [DEBUG] debug-file - Incremental task entry:default@CreateModuleInfo post-execution cost:1 ms .
[2025-11-03T09:53:54.712] [DEBUG] debug-file - There is no need to refresh cache, since the incremental task entry:default@GenerateMetadata is up-to-date.
[2025-11-03T09:53:54.712] [DEBUG] debug-file - There is no need to refresh cache, since the incremental task entry:default@MergeProfile is up-to-date.
[2025-11-03T09:53:54.713] [DEBUG] debug-file - There is no need to refresh cache, since the incremental task entry:default@CreateBuildProfile is up-to-date.
[2025-11-03T09:53:54.713] [DEBUG] debug-file - Update task entry:default@GeneratePkgContextInfo output file:F:\DevEcoStudioProjects\Rdb-master\entry\build\default\intermediates\loader\default\pkgContextInfo.json cache.
[2025-11-03T09:53:54.713] [DEBUG] debug-file - Incremental task entry:default@GeneratePkgContextInfo post-execution cost:1 ms .
[2025-11-03T09:53:54.714] [DEBUG] debug-file - Update task entry:default@ProcessIntegratedHsp output file:F:\DevEcoStudioProjects\Rdb-master\build\cache\default\integrated_hsp\integratedHspCache.json cache.
[2025-11-03T09:53:54.714] [DEBUG] debug-file - Incremental task entry:default@ProcessIntegratedHsp post-execution cost:1 ms .
[2025-11-03T09:53:54.715] [DEBUG] debug-file - There is no need to refresh cache, since the incremental task entry:default@MakePackInfo is up-to-date.
[2025-11-03T09:53:54.715] [DEBUG] debug-file - Update task entry:default@SyscapTransform input file:F:\deveco\DevEco Studio\sdk\default\openharmony\toolchains\syscap_tool.exe cache by regenerate.
[2025-11-03T09:53:54.716] [DEBUG] debug-file - Update task entry:default@SyscapTransform input file:F:\deveco\DevEco Studio\sdk\default\openharmony\ets\api\device-define cache by regenerate.
[2025-11-03T09:53:54.723] [DEBUG] debug-file - Update task entry:default@SyscapTransform output file:F:\DevEcoStudioProjects\Rdb-master\entry\build\default\intermediates\syscap\default\rpcid.sc cache.
[2025-11-03T09:53:54.725] [DEBUG] debug-file - Incremental task entry:default@SyscapTransform post-execution cost:10 ms .
[2025-11-03T09:53:54.725] [DEBUG] debug-file - There is no need to refresh cache, since the incremental task entry:default@ProcessProfile is up-to-date.
[2025-11-03T09:53:54.725] [DEBUG] debug-file - There is no need to refresh cache, since the incremental task entry:default@ProcessRouterMap is up-to-date.
[2025-11-03T09:53:54.725] [DEBUG] debug-file - There is no need to refresh cache, since the incremental task entry:default@ProcessShareConfig is up-to-date.
[2025-11-03T09:53:54.725] [DEBUG] debug-file - Update task entry:default@ProcessStartupConfig output file:F:\DevEcoStudioProjects\Rdb-master\entry\build\default\intermediates\startup\default\startup_config.json cache.
[2025-11-03T09:53:54.727] [DEBUG] debug-file - Incremental task entry:default@ProcessStartupConfig post-execution cost:3 ms .
[2025-11-03T09:53:54.728] [DEBUG] debug-file - There is no need to refresh cache, since the incremental task entry:default@ProcessResource is up-to-date.
[2025-11-03T09:53:54.728] [DEBUG] debug-file - There is no need to refresh cache, since the incremental task entry:default@GenerateLoaderJson is up-to-date.
[2025-11-03T09:53:54.728] [DEBUG] debug-file - There is no need to refresh cache, since the incremental task entry:default@ProcessLibs is up-to-date.
[2025-11-03T09:53:54.728] [DEBUG] debug-file - There is no need to refresh cache, since the incremental task entry:default@CompileResource is up-to-date.
[2025-11-03T09:53:54.728] [DEBUG] debug-file - There is no need to refresh cache, since the incremental task entry:default@DoNativeStrip is up-to-date.
[2025-11-03T09:53:54.728] [DEBUG] debug-file - There is no need to refresh cache, since the incremental task entry:default@CompileArkTS is up-to-date.
[2025-11-03T09:53:54.731] [DEBUG] debug-file - Update task entry:default@BuildJS input file:F:\DevEcoStudioProjects\Rdb-master\entry\build\default\intermediates\loader\default cache by regenerate.
[2025-11-03T09:53:54.734] [DEBUG] debug-file - Update task entry:default@BuildJS input file:F:\DevEcoStudioProjects\Rdb-master\entry\build\default\intermediates\res\default\resources\rawfile cache by regenerate.
[2025-11-03T09:53:54.758] [DEBUG] debug-file - Update task entry:default@BuildJS input file:F:\DevEcoStudioProjects\Rdb-master\entry\build\default\intermediates\res\default\ResourceTable.txt cache by regenerate.
[2025-11-03T09:53:54.760] [DEBUG] debug-file - Update task entry:default@BuildJS input file:F:\DevEcoStudioProjects\Rdb-master\entry\build\default\intermediates\res\default\ark_module.json cache by regenerate.
[2025-11-03T09:53:54.761] [DEBUG] debug-file - Update task entry:default@BuildJS input file:F:\DevEcoStudioProjects\Rdb-master\entry\build\default\intermediates\res\default\resources\base\profile cache by regenerate.
[2025-11-03T09:53:54.764] [DEBUG] debug-file - Update task entry:default@BuildJS output file:F:\DevEcoStudioProjects\Rdb-master\entry\build\default\intermediates\loader_out\default\js cache.
[2025-11-03T09:53:54.770] [DEBUG] debug-file - Incremental task entry:default@BuildJS post-execution cost:42 ms .
[2025-11-03T09:53:54.770] [DEBUG] debug-file - There is no need to refresh cache, since the incremental task entry:default@CacheNativeLibs is up-to-date.
[2025-11-03T09:53:54.770] [DEBUG] debug-file - There is no need to refresh cache, since the incremental task entry:default@GeneratePkgModuleJson is up-to-date.
[2025-11-03T09:53:54.770] [DEBUG] debug-file - Incremental task entry:default@ProcessCompiledResources post-execution cost:1 ms .
[2025-11-03T09:53:54.771] [DEBUG] debug-file - There is no need to refresh cache, since the incremental task entry:default@PackageHap is up-to-date.
[2025-11-03T09:53:54.773] [DEBUG] debug-file - Update task entry:default@SignHap input file:F:\DevEcoStudioProjects\Rdb-master\entry\build\default\outputs\default\entry-default-unsigned.hap cache by regenerate.
[2025-11-03T09:53:54.774] [DEBUG] debug-file - Update task entry:default@SignHap output file:F:\DevEcoStudioProjects\Rdb-master\entry\build\default\outputs\default\entry-default-signed.hap cache.
[2025-11-03T09:53:54.775] [DEBUG] debug-file - Incremental task entry:default@SignHap post-execution cost:5 ms .
[2025-11-03T09:53:54.777] [DEBUG] debug-file - Update task entry:default@CollectDebugSymbol input file:F:\DevEcoStudioProjects\Rdb-master\entry\build\default\intermediates\loader_out\default\ets\sourceMaps.map cache by regenerate.
[2025-11-03T09:53:54.778] [DEBUG] debug-file - Update task entry:default@CollectDebugSymbol input file:F:\DevEcoStudioProjects\Rdb-master\entry\build\default\intermediates\libs\default cache by regenerate.
[2025-11-03T09:53:54.780] [DEBUG] debug-file - Update task entry:default@CollectDebugSymbol output file:F:\DevEcoStudioProjects\Rdb-master\entry\build\default\outputs\default\symbol cache.
[2025-11-03T09:53:54.781] [DEBUG] debug-file - Incremental task entry:default@CollectDebugSymbol post-execution cost:6 ms .
[2025-11-03T09:53:54.849] [DEBUG] debug-file - There's no busy workers and idle workers need cleanup.
[2025-11-03T09:53:54.856] [DEBUG] debug-file - hvigor build process will be closed.
[2025-11-03T09:53:54.879] [DEBUG] debug-file - session manager: send message to worker process.
[2025-11-03T09:53:54.881] [DEBUG] debug-file - session manager: send message to worker process.
[2025-11-03T09:53:54.891] [DEBUG] debug-file - watch worker: worker id should be larger than 0. Nothing will be sent to any worker thread.
[2025-11-03T09:53:54.891] [DEBUG] debug-file - watch worker: worker id should be larger than 0. Nothing will be sent to any worker thread.
[2025-11-10T10:30:50.964] [DEBUG] debug-file - env: nodejsVersion=v18.20.1
[2025-11-10T10:30:51.075] [DEBUG] debug-file - env: daemon=true
[2025-11-10T10:30:50.966] [DEBUG] debug-file - env: hvigor-config.json5 content = {
  modelVersion: '5.1.1',
  dependencies: {},
  execution: {},
  logging: {},
  debugging: {}
}
[2025-11-10T10:30:52.427] [DEBUG] debug-file - java daemon tryConnect failed Error: connect ECONNREFUSED 127.0.0.1:45050
[2025-11-10T10:30:52.449] [DEBUG] debug-file - java daemon started at port 45050 pid 31052
[2025-11-10T10:30:52.487] [DEBUG] debug-file - session manager: set active socket. socketId=jjRxm4raxDZ3kYr-AAAB
[2025-11-10T10:30:53.738] [DEBUG] debug-file - watch worker: worker id should be larger than 0. Nothing will be sent to any worker thread.
[2025-11-10T10:30:53.750] [DEBUG] debug-file - Hvigor init with startParameters:{
  hvigorfileTypeCheck: false,
  parallelExecution: true,
  incrementalExecution: true,
  printStackTrace: false,
  daemon: true,
  analyze: 0,
  logLevel: Level { level: 20000, levelStr: 'INFO', colour: 'green' },
  optimizationStrategy: 'memory',
  hotCompile: undefined,
  hotReloadBuild: undefined
}
[2025-11-10T10:30:53.763] [DEBUG] debug-file - Cache service initialization finished in 13 ms 
[2025-11-10T10:30:53.765] [DEBUG] debug-file - hvigorfile, resolving F:\DevEcoStudioProjects\Rdb-master\hvigorfile.ts
[2025-11-10T10:30:57.780] [DEBUG] debug-file - hvigorfile, require result:  {}
[2025-11-10T10:30:57.780] [DEBUG] debug-file - hvigorfile, binding system plugins {}
[2025-11-10T10:30:57.974] [DEBUG] debug-file - Start initialize project's product build option map with build mode debug.
[2025-11-10T10:30:57.974] [DEBUG] debug-file - Picking option from product 'default' with build mode 'debug'.
[2025-11-10T10:30:57.975] [DEBUG] debug-file - Product 'default' build option initialized
[2025-11-10T10:30:57.975] [DEBUG] debug-file - End initialize project's product build option map with build mode 'debug'.
[2025-11-10T10:30:57.977] [DEBUG] debug-file - Obtain build option for product 'default'in this build.
[2025-11-10T10:30:57.979] [DEBUG] debug-file - No signingConfig found, initRemoteHspCache failed.
[2025-11-10T10:30:57.983] [DEBUG] debug-file - Local scan or download HarmonyOS sdk components toolchains,ets,js,native,previewer
[2025-11-10T10:30:57.988] [DEBUG] debug-file - Local scan or download hmscore sdk components toolchains,ets,native
[2025-11-10T10:30:57.991] [DEBUG] debug-file - Start recording SDK configuration permission data.
[2025-11-10T10:30:58.028] [DEBUG] debug-file - Sdk init in 48 ms 
[2025-11-10T10:30:58.035] [DEBUG] debug-file - Project task initialization takes 6 ms 
[2025-11-10T10:30:58.035] [DEBUG] debug-file - hvigorfile, resolve finished F:\DevEcoStudioProjects\Rdb-master\hvigorfile.ts
[2025-11-10T10:30:58.036] [DEBUG] debug-file - hvigorfile, resolving F:\DevEcoStudioProjects\Rdb-master\entry\hvigorfile.ts
[2025-11-10T10:30:58.043] [DEBUG] debug-file - hvigorfile, require result:  {}
[2025-11-10T10:30:58.043] [DEBUG] debug-file - hvigorfile, binding system plugins {}
[2025-11-10T10:30:58.046] [DEBUG] debug-file - failed to load cangjie to dynamically generate schemas: Error: Cannot find module '@ohos/cangjie-build-support/index'
Require stack:
- F:\deveco\DevEco Studio\tools\hvigor\hvigor-ohos-plugin\src\plugin\factory\plugin-factory.js
- F:\deveco\DevEco Studio\tools\hvigor\hvigor-ohos-plugin\index.js
- F:\DevEcoStudioProjects\Rdb-master\hvigorfile.ts
- F:\deveco\DevEco Studio\tools\hvigor\hvigor\src\base\internal\lifecycle\configuration.js
- F:\deveco\DevEco Studio\tools\hvigor\hvigor\src\base\boot\index.js
- F:\deveco\DevEco Studio\tools\hvigor\hvigor\src\base\daemon\cluster\worker-process-lifecycle.js
- F:\deveco\DevEco Studio\tools\hvigor\hvigor\src\base\daemon\process\daemon-process-boot-script.js
[2025-11-10T10:30:58.059] [DEBUG] debug-file - Start initialize module-target build option map, moduleName=entry, buildMode=release
[2025-11-10T10:30:58.059] [DEBUG] debug-file - Target 'default' config initialized
[2025-11-10T10:30:58.060] [DEBUG] debug-file - Module 'entry' target 'default' build option initialized
[2025-11-10T10:30:58.060] [DEBUG] debug-file - End initialize module-target build option map, moduleName=entry
[2025-11-10T10:30:58.060] [DEBUG] debug-file - Start initialize module-target build option map, moduleName=entry, buildMode=debug
[2025-11-10T10:30:58.060] [DEBUG] debug-file - Target 'default' config initialized
[2025-11-10T10:30:58.060] [DEBUG] debug-file - Module 'entry' target 'default' build option initialized
[2025-11-10T10:30:58.061] [DEBUG] debug-file - End initialize module-target build option map, moduleName=entry
[2025-11-10T10:30:58.061] [DEBUG] debug-file - Start initialize module-target build option map, moduleName=entry, buildMode=debug
[2025-11-10T10:30:58.061] [DEBUG] debug-file - Target 'default' config initialized
[2025-11-10T10:30:58.061] [DEBUG] debug-file - Module 'entry' target 'default' build option initialized
[2025-11-10T10:30:58.061] [DEBUG] debug-file - End initialize module-target build option map, moduleName=entry
[2025-11-10T10:30:58.061] [DEBUG] debug-file - Obtain build option for module 'entry' target 'default'in this build.
[2025-11-10T10:30:58.068] [DEBUG] debug-file - Module entry task initialization takes 5 ms 
[2025-11-10T10:30:58.068] [DEBUG] debug-file - hvigorfile, resolve finished F:\DevEcoStudioProjects\Rdb-master\entry\hvigorfile.ts
[2025-11-10T10:30:58.087] [DEBUG] debug-file - hvigorfile, resolve hvigorfile dependencies in 19 ms 
[2025-11-10T10:30:58.087] [DEBUG] debug-file - project has submodules:entry
[2025-11-10T10:30:58.090] [DEBUG] debug-file - start to load updatedOhPackageInfo to the disk
[2025-11-10T10:30:58.102] [DEBUG] debug-file - load to the disk finished
[2025-11-10T10:30:58.104] [DEBUG] debug-file - Start to initialize dependency information.
[2025-11-10T10:30:58.107] [DEBUG] debug-file - Module Rdb-master Collected Dependency: 
[2025-11-10T10:30:58.108] [DEBUG] debug-file - Module Rdb-master's total dependency: 0
[2025-11-10T10:30:58.109] [DEBUG] debug-file - Start to initialize dependency information.
[2025-11-10T10:30:58.115] [DEBUG] debug-file - Module entry Collected Dependency: 
[2025-11-10T10:30:58.115] [DEBUG] debug-file - Module entry's total dependency: 0
[2025-11-10T10:30:58.126] [DEBUG] debug-file - Configuration phase cost:4 s 363 ms 
[2025-11-10T10:30:58.128] [DEBUG] debug-file - Configuration task cost before running: 4 s 385 ms 
[2025-11-10T10:30:58.128] [DEBUG] debug-file - Executing task :entry:init
[2025-11-10T10:30:58.129] [DEBUG] debug-file - entry : init cost memory 0.01801300048828125
[2025-11-10T10:30:58.129] [DEBUG] debug-file - runTaskFromQueue task cost before running: 4 s 386 ms 
[2025-11-10T10:30:58.129] [INFO] debug-file - Finished :entry:init... after 1 ms 
[2025-11-10T10:30:58.130] [DEBUG] debug-file - Executing task ::init
[2025-11-10T10:30:58.130] [DEBUG] debug-file - Rdb-master : init cost memory 0.015350341796875
[2025-11-10T10:30:58.130] [DEBUG] debug-file - runTaskFromQueue task cost before running: 4 s 387 ms 
[2025-11-10T10:30:58.130] [INFO] debug-file - Finished ::init... after 1 ms 
[2025-11-10T10:30:58.142] [DEBUG] debug-file - Obtain build option for module 'entry' target 'default'in this build.
[2025-11-10T10:30:58.150] [DEBUG] debug-file - Since there is no instance or instance is terminated, create a new worker pool.
[2025-11-10T10:30:58.150] [DEBUG] debug-file - Worker pool is initialized with config:  {
  minPoolNum: 2,
  maxPoolNum: undefined,
  maxCoreSize: undefined,
  cacheCapacity: undefined,
  cacheTtl: undefined
}
[2025-11-10T10:30:58.151] [DEBUG] debug-file - Create  resident worker with id: 0.
[2025-11-10T10:30:58.158] [DEBUG] debug-file - Create  resident worker with id: 1.
[2025-11-10T10:30:58.162] [DEBUG] debug-file - session manager: send message to worker process.
[2025-11-10T10:30:58.163] [DEBUG] debug-file - session manager: send message to worker process.
[2025-11-10T10:30:58.160] [DEBUG] debug-file - Cleanup worker 0.
[2025-11-10T10:30:58.161] [DEBUG] debug-file - Worker 0 has been cleaned up.
[2025-11-10T10:30:58.161] [DEBUG] debug-file - Current idle worker size: 1.
[2025-11-10T10:30:58.161] [DEBUG] debug-file - Current resident worker size: 2.
[2025-11-10T10:30:58.161] [DEBUG] debug-file - Cleanup worker 1.
[2025-11-10T10:30:58.161] [DEBUG] debug-file - Worker 1 has been cleaned up.
[2025-11-10T10:30:58.161] [DEBUG] debug-file - Current idle worker size: 0.
[2025-11-10T10:30:58.161] [DEBUG] debug-file - Current resident worker size: 2.
[2025-11-10T10:30:58.163] [DEBUG] debug-file - hvigor build process will be closed.
[2025-11-10T10:30:58.165] [DEBUG] debug-file - watch worker: worker id should be larger than 0. Nothing will be sent to any worker thread.
[2025-11-10T10:30:58.166] [DEBUG] debug-file - watch worker: worker id should be larger than 0. Nothing will be sent to any worker thread.
[2025-11-10T10:30:58.167] [DEBUG] debug-file - worker[0] exits with exit code 0.
[2025-11-10T10:30:58.168] [DEBUG] debug-file - worker[1] exits with exit code 0.
[2025-11-10T10:30:58.692] [DEBUG] debug-file - session manager: set active socket. socketId=Kkuu0xLkMdDyzmJMAAAD
[2025-11-10T10:30:58.706] [DEBUG] debug-file - watch worker: worker id should be larger than 0. Nothing will be sent to any worker thread.
[2025-11-10T10:30:58.716] [DEBUG] debug-file - Hvigor init with startParameters:{
  hvigorfileTypeCheck: false,
  parallelExecution: true,
  incrementalExecution: true,
  printStackTrace: false,
  daemon: true,
  analyze: 0,
  logLevel: Level { level: 20000, levelStr: 'INFO', colour: 'green' },
  optimizationStrategy: 'memory',
  hotCompile: undefined,
  hotReloadBuild: undefined
}
[2025-11-10T10:30:58.723] [DEBUG] debug-file - Cache service initialization finished in 8 ms 
[2025-11-10T10:30:58.724] [DEBUG] debug-file - hvigorfile, resolving F:\DevEcoStudioProjects\Rdb-master\hvigorfile.ts
[2025-11-10T10:30:58.730] [DEBUG] debug-file - hvigorfile, require result:  {}
[2025-11-10T10:30:58.730] [DEBUG] debug-file - hvigorfile, binding system plugins {}
[2025-11-10T10:30:58.740] [DEBUG] debug-file - Start initialize project's product build option map with build mode debug.
[2025-11-10T10:30:58.740] [DEBUG] debug-file - Picking option from product 'default' with build mode 'debug'.
[2025-11-10T10:30:58.740] [DEBUG] debug-file - Product 'default' build option initialized
[2025-11-10T10:30:58.740] [DEBUG] debug-file - End initialize project's product build option map with build mode 'debug'.
[2025-11-10T10:30:58.741] [DEBUG] debug-file - Obtain build option for product 'default'in this build.
[2025-11-10T10:30:58.742] [DEBUG] debug-file - No signingConfig found, initRemoteHspCache failed.
[2025-11-10T10:30:58.749] [DEBUG] debug-file - Start recording SDK configuration permission data.
[2025-11-10T10:30:58.778] [DEBUG] debug-file - Sdk init in 35 ms 
[2025-11-10T10:30:58.784] [DEBUG] debug-file - Project task initialization takes 6 ms 
[2025-11-10T10:30:58.784] [DEBUG] debug-file - hvigorfile, resolve finished F:\DevEcoStudioProjects\Rdb-master\hvigorfile.ts
[2025-11-10T10:30:58.786] [DEBUG] debug-file - hvigorfile, resolving F:\DevEcoStudioProjects\Rdb-master\entry\hvigorfile.ts
[2025-11-10T10:30:58.791] [DEBUG] debug-file - hvigorfile, require result:  {}
[2025-11-10T10:30:58.791] [DEBUG] debug-file - hvigorfile, binding system plugins {}
[2025-11-10T10:30:58.794] [DEBUG] debug-file - failed to load cangjie to dynamically generate schemas: Error: Cannot find module '@ohos/cangjie-build-support/index'
Require stack:
- F:\deveco\DevEco Studio\tools\hvigor\hvigor-ohos-plugin\src\plugin\factory\plugin-factory.js
- F:\deveco\DevEco Studio\tools\hvigor\hvigor-ohos-plugin\index.js
- F:\DevEcoStudioProjects\Rdb-master\hvigorfile.ts
- F:\deveco\DevEco Studio\tools\hvigor\hvigor\src\base\internal\lifecycle\configuration.js
- F:\deveco\DevEco Studio\tools\hvigor\hvigor\src\base\boot\index.js
- F:\deveco\DevEco Studio\tools\hvigor\hvigor\src\base\daemon\cluster\worker-process-lifecycle.js
- F:\deveco\DevEco Studio\tools\hvigor\hvigor\src\base\daemon\process\daemon-process-boot-script.js
[2025-11-10T10:30:58.797] [DEBUG] debug-file - Start initialize module-target build option map, moduleName=entry, buildMode=release
[2025-11-10T10:30:58.797] [DEBUG] debug-file - Target 'default' config initialized
[2025-11-10T10:30:58.797] [DEBUG] debug-file - Module 'entry' target 'default' build option initialized
[2025-11-10T10:30:58.797] [DEBUG] debug-file - End initialize module-target build option map, moduleName=entry
[2025-11-10T10:30:58.797] [DEBUG] debug-file - Start initialize module-target build option map, moduleName=entry, buildMode=debug
[2025-11-10T10:30:58.798] [DEBUG] debug-file - Target 'default' config initialized
[2025-11-10T10:30:58.798] [DEBUG] debug-file - Module 'entry' target 'default' build option initialized
[2025-11-10T10:30:58.798] [DEBUG] debug-file - End initialize module-target build option map, moduleName=entry
[2025-11-10T10:30:58.798] [DEBUG] debug-file - Start initialize module-target build option map, moduleName=entry, buildMode=debug
[2025-11-10T10:30:58.798] [DEBUG] debug-file - Target 'default' config initialized
[2025-11-10T10:30:58.798] [DEBUG] debug-file - Module 'entry' target 'default' build option initialized
[2025-11-10T10:30:58.798] [DEBUG] debug-file - End initialize module-target build option map, moduleName=entry
[2025-11-10T10:30:58.798] [DEBUG] debug-file - Obtain build option for module 'entry' target 'default'in this build.
[2025-11-10T10:30:58.800] [DEBUG] debug-file - Module entry task initialization takes 1 ms 
[2025-11-10T10:30:58.800] [DEBUG] debug-file - hvigorfile, resolve finished F:\DevEcoStudioProjects\Rdb-master\entry\hvigorfile.ts
[2025-11-10T10:30:58.825] [DEBUG] debug-file - hvigorfile, resolve hvigorfile dependencies in 25 ms 
[2025-11-10T10:30:58.825] [DEBUG] debug-file - project has submodules:entry
[2025-11-10T10:30:58.828] [DEBUG] debug-file - start to load updatedOhPackageInfo to the disk
[2025-11-10T10:30:58.840] [DEBUG] debug-file - load to the disk finished
[2025-11-10T10:30:58.841] [DEBUG] debug-file - Start to initialize dependency information.
[2025-11-10T10:30:58.843] [DEBUG] debug-file - Module Rdb-master Collected Dependency: 
[2025-11-10T10:30:58.843] [DEBUG] debug-file - Module Rdb-master's total dependency: 0
[2025-11-10T10:30:58.844] [DEBUG] debug-file - Start to initialize dependency information.
[2025-11-10T10:30:58.849] [DEBUG] debug-file - Module entry Collected Dependency: 
[2025-11-10T10:30:58.849] [DEBUG] debug-file - Module entry's total dependency: 0
[2025-11-10T10:30:58.852] [DEBUG] debug-file - Configuration phase cost:129 ms 
[2025-11-10T10:30:58.854] [DEBUG] debug-file - Configuration task cost before running: 143 ms 
[2025-11-10T10:30:58.864] [DEBUG] debug-file - Executing task :entry:default@PreBuild
[2025-11-10T10:30:58.866] [DEBUG] debug-file - Task 'entry:default@PreBuild' cost while wrapping incremental declarations: 1 ms 
[2025-11-10T10:30:58.889] [DEBUG] debug-file - Incremental task entry:default@PreBuild pre-execution cost: 17 ms .
[2025-11-10T10:30:58.890] [DEBUG] debug-file - entry : default@PreBuild cost memory 0.3885345458984375
[2025-11-10T10:30:58.895] [INFO] debug-file - UP-TO-DATE :entry:default@PreBuild...  
[2025-11-10T10:30:58.897] [DEBUG] debug-file - Executing task :entry:default@CreateModuleInfo
[2025-11-10T10:30:58.898] [DEBUG] debug-file - Task 'entry:default@CreateModuleInfo' cost while wrapping incremental declarations: 1 ms 
[2025-11-10T10:30:58.898] [DEBUG] debug-file - entry : default@CreateModuleInfo cost memory 0.05144500732421875
[2025-11-10T10:30:58.899] [DEBUG] debug-file - runTaskFromQueue task cost before running: 188 ms 
[2025-11-10T10:30:58.899] [INFO] debug-file - Finished :entry:default@CreateModuleInfo... after 2 ms 
[2025-11-10T10:30:58.901] [DEBUG] debug-file - Executing task :entry:default@MergeProfile
[2025-11-10T10:30:58.902] [DEBUG] debug-file - Task 'entry:default@MergeProfile' cost while wrapping incremental declarations: 1 ms 
[2025-11-10T10:30:58.905] [DEBUG] debug-file - entry:default@MergeProfile is not up-to-date, since the output file 'F:\DevEcoStudioProjects\Rdb-master\entry\.preview\default\intermediates\merge_profile\default\module.json' does not exist.
[2025-11-10T10:30:58.905] [DEBUG] debug-file - Incremental task entry:default@MergeProfile pre-execution cost: 3 ms .
[2025-11-10T10:30:58.905] [DEBUG] debug-file - Change app api release type with 'Release'
[2025-11-10T10:30:58.906] [DEBUG] debug-file - Change app compile API version with '6.0.0.47'
[2025-11-10T10:30:58.906] [DEBUG] debug-file - Change app target API version with '50101019'
[2025-11-10T10:30:58.906] [DEBUG] debug-file - Change app minimum API version with '50101019'
[2025-11-10T10:30:58.906] [DEBUG] debug-file - Use cli appEnvironment
[2025-11-10T10:30:58.911] [DEBUG] debug-file - entry : default@MergeProfile cost memory 0.25728607177734375
[2025-11-10T10:30:58.911] [DEBUG] debug-file - runTaskFromQueue task cost before running: 200 ms 
[2025-11-10T10:30:58.911] [INFO] debug-file - Finished :entry:default@MergeProfile... after 10 ms 
[2025-11-10T10:30:58.913] [DEBUG] debug-file - Executing task :entry:default@CreateBuildProfile
[2025-11-10T10:30:58.914] [DEBUG] debug-file - Task 'entry:default@CreateBuildProfile' cost while wrapping incremental declarations: 1 ms 
[2025-11-10T10:30:58.916] [DEBUG] debug-file - entry:default@CreateBuildProfile is not up-to-date, since the output file 'F:\DevEcoStudioProjects\Rdb-master\entry\.preview\default\generated\profile\default\BuildProfile.ets' does not exist.
[2025-11-10T10:30:58.916] [DEBUG] debug-file - Incremental task entry:default@CreateBuildProfile pre-execution cost: 2 ms .
[2025-11-10T10:30:58.920] [DEBUG] debug-file - entry : default@CreateBuildProfile cost memory 0.11212921142578125
[2025-11-10T10:30:58.920] [DEBUG] debug-file - runTaskFromQueue task cost before running: 209 ms 
[2025-11-10T10:30:58.920] [INFO] debug-file - Finished :entry:default@CreateBuildProfile... after 7 ms 
[2025-11-10T10:30:58.922] [DEBUG] debug-file - Executing task :entry:default@PreCheckSyscap
[2025-11-10T10:30:58.923] [DEBUG] debug-file - entry : default@PreCheckSyscap cost memory 0.01639556884765625
[2025-11-10T10:30:58.923] [DEBUG] debug-file - runTaskFromQueue task cost before running: 212 ms 
[2025-11-10T10:30:58.923] [INFO] debug-file - Finished :entry:default@PreCheckSyscap... after 1 ms 
[2025-11-10T10:30:58.926] [DEBUG] debug-file - Executing task :entry:default@GeneratePkgContextInfo
[2025-11-10T10:30:58.944] [DEBUG] debug-file - Task 'entry:default@GeneratePkgContextInfo' cost while wrapping incremental declarations: 1 ms 
[2025-11-10T10:30:58.945] [DEBUG] debug-file - entry : default@GeneratePkgContextInfo cost memory 0.39665985107421875
[2025-11-10T10:30:58.945] [DEBUG] debug-file - runTaskFromQueue task cost before running: 234 ms 
[2025-11-10T10:30:58.945] [INFO] debug-file - Finished :entry:default@GeneratePkgContextInfo... after 20 ms 
[2025-11-10T10:30:58.948] [DEBUG] debug-file - Executing task :entry:default@ProcessProfile
[2025-11-10T10:30:58.950] [DEBUG] debug-file - Task 'entry:default@ProcessProfile' cost while wrapping incremental declarations: 1 ms 
[2025-11-10T10:30:58.951] [DEBUG] debug-file - entry:default@ProcessProfile is not up-to-date, since the input file 'F:\DevEcoStudioProjects\Rdb-master\entry\.preview\default\intermediates\merge_profile\default\module.json' has been changed.
[2025-11-10T10:30:58.951] [DEBUG] debug-file - Incremental task entry:default@ProcessProfile pre-execution cost: 1 ms .
[2025-11-10T10:30:58.953] [DEBUG] debug-file - [
  'F:\\deveco\\DevEco Studio\\tools\\node\\node.exe',
  'F:\\deveco\\DevEco Studio\\sdk\\default\\openharmony\\ets\\build-tools\\ets-loader\\bin\\ark\\ts2abc.js',
  '--target-api-version',
  '19'
]
[2025-11-10T10:30:59.170] [DEBUG] debug-file - 13.0.1.0
[2025-11-10T10:30:59.177] [DEBUG] debug-file - entry : default@ProcessProfile cost memory 2.1018600463867188
[2025-11-10T10:30:59.177] [DEBUG] debug-file - runTaskFromQueue task cost before running: 466 ms 
[2025-11-10T10:30:59.177] [INFO] debug-file - Finished :entry:default@ProcessProfile... after 230 ms 
[2025-11-10T10:30:59.180] [DEBUG] debug-file - Executing task :entry:default@ProcessRouterMap
[2025-11-10T10:30:59.184] [DEBUG] debug-file - entry:default@ProcessRouterMap is not up-to-date, since the output file 'F:\DevEcoStudioProjects\Rdb-master\entry\.preview\default\intermediates\router_map\default\temp-router-map.json' does not exist.
[2025-11-10T10:30:59.185] [DEBUG] debug-file - Incremental task entry:default@ProcessRouterMap pre-execution cost: 4 ms .
[2025-11-10T10:30:59.191] [DEBUG] debug-file - entry : default@ProcessRouterMap cost memory 0.14397430419921875
[2025-11-10T10:30:59.191] [DEBUG] debug-file - runTaskFromQueue task cost before running: 480 ms 
[2025-11-10T10:30:59.192] [INFO] debug-file - Finished :entry:default@ProcessRouterMap... after 12 ms 
[2025-11-10T10:30:59.194] [DEBUG] debug-file - Executing task :entry:default@ProcessShareConfig
[2025-11-10T10:30:59.198] [DEBUG] debug-file - entry:default@ProcessShareConfig is not up-to-date, since the output file 'F:\DevEcoStudioProjects\Rdb-master\entry\.preview\default\intermediates\share_config\default\temp-share-config.json' does not exist.
[2025-11-10T10:30:59.199] [DEBUG] debug-file - Incremental task entry:default@ProcessShareConfig pre-execution cost: 4 ms .
[2025-11-10T10:30:59.204] [DEBUG] debug-file - entry : default@ProcessShareConfig cost memory 0.12448883056640625
[2025-11-10T10:30:59.205] [DEBUG] debug-file - runTaskFromQueue task cost before running: 494 ms 
[2025-11-10T10:30:59.206] [INFO] debug-file - Finished :entry:default@ProcessShareConfig... after 11 ms 
[2025-11-10T10:30:59.208] [DEBUG] debug-file - Executing task :entry:default@ProcessStartupConfig
[2025-11-10T10:30:59.208] [DEBUG] debug-file - Task 'entry:default@ProcessStartupConfig' cost while wrapping incremental declarations: 1 ms 
[2025-11-10T10:30:59.209] [DEBUG] debug-file - entry:default@ProcessStartupConfig is not up-to-date, since the output file 'F:\DevEcoStudioProjects\Rdb-master\entry\.preview\default\intermediates\startup\default\startup_config.json' does not exist.
[2025-11-10T10:30:59.209] [DEBUG] debug-file - Incremental task entry:default@ProcessStartupConfig pre-execution cost: 1 ms .
[2025-11-10T10:30:59.210] [DEBUG] debug-file - entry : default@ProcessStartupConfig cost memory 0.1035003662109375
[2025-11-10T10:30:59.210] [DEBUG] debug-file - runTaskFromQueue task cost before running: 499 ms 
[2025-11-10T10:30:59.211] [INFO] debug-file - Finished :entry:default@ProcessStartupConfig... after 3 ms 
[2025-11-10T10:30:59.214] [DEBUG] debug-file - restool module names: entry; moduleName=entry, taskName=default@PreviewProcessResource
[2025-11-10T10:30:59.216] [DEBUG] debug-file - Executing task :entry:default@PreviewProcessResource
[2025-11-10T10:30:59.217] [DEBUG] debug-file - Task 'entry:default@PreviewProcessResource' cost while wrapping incremental declarations: 1 ms 
[2025-11-10T10:30:59.218] [DEBUG] debug-file - entry : default@PreviewProcessResource cost memory 0.0728759765625
[2025-11-10T10:30:59.220] [DEBUG] debug-file - runTaskFromQueue task cost before running: 510 ms 
[2025-11-10T10:30:59.223] [INFO] debug-file - Finished :entry:default@PreviewProcessResource... after 4 ms 
[2025-11-10T10:30:59.227] [DEBUG] debug-file - Executing task :entry:default@GenerateLoaderJson
[2025-11-10T10:30:59.234] [DEBUG] debug-file - Task 'entry:default@GenerateLoaderJson' cost while wrapping incremental declarations: 1 ms 
[2025-11-10T10:30:59.256] [DEBUG] debug-file - entry:default@GenerateLoaderJson is not up-to-date, since the input file 'F:\DevEcoStudioProjects\Rdb-master\entry\.preview\default\intermediates\router_map\default\temp-router-map.json' has been changed.
[2025-11-10T10:30:59.256] [DEBUG] debug-file - Incremental task entry:default@GenerateLoaderJson pre-execution cost: 11 ms .
[2025-11-10T10:30:59.262] [DEBUG] debug-file - entry : default@GenerateLoaderJson cost memory 0.6285476684570312
[2025-11-10T10:30:59.262] [DEBUG] debug-file - runTaskFromQueue task cost before running: 551 ms 
[2025-11-10T10:30:59.270] [INFO] debug-file - Finished :entry:default@GenerateLoaderJson... after 36 ms 
[2025-11-10T10:30:59.272] [DEBUG] debug-file - restool module names: entry; moduleName=entry, taskName=default@PreviewCompileResource
[2025-11-10T10:30:59.273] [DEBUG] debug-file - Executing task :entry:default@PreviewCompileResource
[2025-11-10T10:30:59.283] [DEBUG] debug-file - Use tool [F:\deveco\DevEco Studio\sdk\default\openharmony\toolchains\restool.exe]
 [
  'F:\\deveco\\DevEco Studio\\sdk\\default\\openharmony\\toolchains\\restool.exe',
  '-x',
  'F:\\DevEcoStudioProjects\\Rdb-master\\AppScope\\resources',
  '-o',
  'F:\\DevEcoStudioProjects\\Rdb-master\\entry\\.preview\\default\\intermediates\\res\\default\\app_compiled'
]
[2025-11-10T10:30:59.284] [DEBUG] debug-file - current process  memoryUsage: {
  rss: 207114240,
  heapTotal: 155267072,
  heapUsed: 118326280,
  external: 3188956,
  arrayBuffers: 161373
} os memoryUsage :12.837726593017578
[2025-11-10T10:30:59.535] [DEBUG] debug-file - Info: restool resources compile success.

[2025-11-10T10:30:59.539] [DEBUG] debug-file - Use tool [F:\deveco\DevEco Studio\sdk\default\openharmony\toolchains\restool.exe]
 [
  'F:\\deveco\\DevEco Studio\\sdk\\default\\openharmony\\toolchains\\restool.exe',
  '-x',
  'F:\\DevEcoStudioProjects\\Rdb-master\\entry\\src\\main\\resources',
  '-o',
  'F:\\DevEcoStudioProjects\\Rdb-master\\entry\\.preview\\default\\intermediates\\res\\default\\module_compiled'
]
[2025-11-10T10:30:59.540] [DEBUG] debug-file - current process  memoryUsage: {
  rss: 207159296,
  heapTotal: 155267072,
  heapUsed: 118526760,
  external: 3189082,
  arrayBuffers: 161514
} os memoryUsage :12.852462768554688
[2025-11-10T10:30:59.806] [DEBUG] debug-file - Info: restool resources compile success.

[2025-11-10T10:30:59.811] [DEBUG] debug-file - Use tool [F:\deveco\DevEco Studio\sdk\default\openharmony\toolchains\restool.exe]
 [
  'F:\\deveco\\DevEco Studio\\sdk\\default\\openharmony\\toolchains\\restool.exe',
  '-m',
  'entry',
  '-f',
  '-j',
  'F:\\DevEcoStudioProjects\\Rdb-master\\entry\\.preview\\default\\intermediates\\process_profile\\default\\module.json',
  '-p',
  'c***b',
  '-r',
  'F:\\DevEcoStudioProjects\\Rdb-master\\entry\\.preview\\default\\generated\\r\\default\\ResourceTable.h',
  '-z',
  '--ids',
  'F:\\DevEcoStudioProjects\\Rdb-master\\entry\\.preview\\default\\intermediates\\res\\default\\ids_map',
  '-i',
  'F:\\DevEcoStudioProjects\\Rdb-master\\entry\\.preview\\default\\intermediates\\res\\default\\app_compiled',
  '-i',
  'F:\\DevEcoStudioProjects\\Rdb-master\\entry\\.preview\\default\\intermediates\\res\\default\\module_compiled',
  '-o',
  'F:\\DevEcoStudioProjects\\Rdb-master\\entry\\.preview\\default\\intermediates\\res\\default',
  '--defined-sysids',
  'F:\\deveco\\DevEco Studio\\sdk\\default\\hms\\toolchains\\id_defined.json'
]
[2025-11-10T10:30:59.812] [DEBUG] debug-file - current process  memoryUsage: {
  rss: 207187968,
  heapTotal: 155267072,
  heapUsed: 118730536,
  external: 3189208,
  arrayBuffers: 162482
} os memoryUsage :12.854541778564453
[2025-11-10T10:31:00.094] [DEBUG] debug-file - Info: hardware concurrency count is : 16
Info: thread count is : 16

[2025-11-10T10:31:00.095] [DEBUG] debug-file - Info: thread pool is started

[2025-11-10T10:31:00.175] [DEBUG] debug-file - Info: restool resources compile success.

[2025-11-10T10:31:00.176] [DEBUG] debug-file - Info: thread pool is stopped

[2025-11-10T10:31:00.182] [DEBUG] debug-file - entry : default@PreviewCompileResource cost memory 0.8179092407226562
[2025-11-10T10:31:00.182] [DEBUG] debug-file - runTaskFromQueue task cost before running: 1 s 471 ms 
[2025-11-10T10:31:00.182] [INFO] debug-file - Finished :entry:default@PreviewCompileResource... after 909 ms 
[2025-11-10T10:31:00.184] [DEBUG] debug-file - Executing task :entry:default@PreviewHookCompileResource
[2025-11-10T10:31:00.184] [DEBUG] debug-file - entry : default@PreviewHookCompileResource cost memory 0.0201873779296875
[2025-11-10T10:31:00.184] [DEBUG] debug-file - runTaskFromQueue task cost before running: 1 s 473 ms 
[2025-11-10T10:31:00.184] [INFO] debug-file - Finished :entry:default@PreviewHookCompileResource... after 1 ms 
[2025-11-10T10:31:00.186] [DEBUG] debug-file - Executing task :entry:default@CopyPreviewProfile
[2025-11-10T10:31:00.197] [DEBUG] debug-file - entry : default@CopyPreviewProfile cost memory 0.15923309326171875
[2025-11-10T10:31:00.197] [DEBUG] debug-file - runTaskFromQueue task cost before running: 1 s 486 ms 
[2025-11-10T10:31:00.198] [INFO] debug-file - Finished :entry:default@CopyPreviewProfile... after 12 ms 
[2025-11-10T10:31:00.199] [DEBUG] debug-file - Executing task :entry:default@ReplacePreviewerPage
[2025-11-10T10:31:00.199] [DEBUG] debug-file - entry : default@ReplacePreviewerPage cost memory 0.0241851806640625
[2025-11-10T10:31:00.199] [DEBUG] debug-file - runTaskFromQueue task cost before running: 1 s 489 ms 
[2025-11-10T10:31:00.200] [INFO] debug-file - Finished :entry:default@ReplacePreviewerPage... after 1 ms 
[2025-11-10T10:31:00.200] [DEBUG] debug-file - Executing task :entry:buildPreviewerResource
[2025-11-10T10:31:00.200] [DEBUG] debug-file - entry : buildPreviewerResource cost memory 0.0145263671875
[2025-11-10T10:31:00.200] [DEBUG] debug-file - runTaskFromQueue task cost before running: 1 s 490 ms 
[2025-11-10T10:31:00.201] [INFO] debug-file - Finished :entry:buildPreviewerResource... after 1 ms 
[2025-11-10T10:31:00.203] [DEBUG] debug-file - Executing task :entry:default@PreviewUpdateAssets
[2025-11-10T10:31:00.207] [DEBUG] debug-file - entry : default@PreviewUpdateAssets cost memory 0.08493804931640625
[2025-11-10T10:31:00.207] [DEBUG] debug-file - runTaskFromQueue task cost before running: 1 s 497 ms 
[2025-11-10T10:31:00.209] [INFO] debug-file - Finished :entry:default@PreviewUpdateAssets... after 5 ms 
[2025-11-10T10:31:00.211] [DEBUG] debug-file - Executing task :entry:default@PreviewArkTS
[2025-11-10T10:31:00.212] [DEBUG] debug-file - obfuscationOptions: undefined
[2025-11-10T10:31:00.249] [DEBUG] debug-file - session manager: binding session. socketId=Kkuu0xLkMdDyzmJMAAAD, threadId=1@1.
[2025-11-10T10:31:00.256] [DEBUG] debug-file - entry : default@PreviewArkTS cost memory 0.8834609985351562
[2025-11-10T10:31:04.664] [DEBUG] debug-file - watch worker: send response to session manager. Response type: WatchStart
[2025-11-10T10:31:04.667] [DEBUG] debug-file - session manager: watch message received from worker 1. Type: WatchStart
[2025-11-10T10:31:08.526] [DEBUG] debug-file - watch worker: send response to session manager. Response type: WatchLog
[2025-11-10T10:31:08.529] [DEBUG] debug-file - session manager: watch message received from worker 1. Type: WatchLog
[2025-11-10T10:31:08.526] [DEBUG] debug-file - watch worker: send response to session manager. Response type: WatchLog
[2025-11-10T10:31:08.531] [DEBUG] debug-file - session manager: watch message received from worker 1. Type: WatchLog
[2025-11-10T10:31:11.819] [DEBUG] debug-file - watch worker: send response to session manager. Response type: WatchResult
[2025-11-10T10:31:11.820] [DEBUG] debug-file - Ark compile finished.
[2025-11-10T10:31:11.822] [DEBUG] debug-file - session manager: watch message received from worker 1. Type: WatchResult
[2025-11-10T10:31:11.819] [DEBUG] debug-file - default@PreviewArkTS watch work[1] failed.
[2025-11-10T10:31:11.820] [ERROR] debug-file - Failed :entry:default@PreviewArkTS... 
[2025-11-10T10:31:11.820] [DEBUG] debug-file - hvigor build process will be closed with an error.
[2025-11-10T10:31:11.822] [DEBUG] debug-file - ERROR: stacktrace = Error: [31m10605008 ArkTS Compiler Error
Error Message: Use explicit types instead of "any", "unknown" (arkts-no-any-unknown) At File: F:/DevEcoStudioProjects/Rdb-master/entry/src/main/ets/pages/BillHomePage.ets:52:6
[39m
    at handleResponse (F:\deveco\DevEco Studio\tools\hvigor\hvigor\src\base\internal\pool\worker-pool\watch-worker.js:1:1772)
    at async Worker.<anonymous> (F:\deveco\DevEco Studio\tools\hvigor\hvigor\src\base\internal\pool\worker-pool\watch-worker.js:1:3061)
[2025-11-10T10:31:11.822] [ERROR] debug-file - Error: [31m10605008 ArkTS Compiler Error
Error Message: Use explicit types instead of "any", "unknown" (arkts-no-any-unknown) At File: F:/DevEcoStudioProjects/Rdb-master/entry/src/main/ets/pages/BillHomePage.ets:52:6
[39m
    at handleResponse (F:\deveco\DevEco Studio\tools\hvigor\hvigor\src\base\internal\pool\worker-pool\watch-worker.js:1:1772)
    at async Worker.<anonymous> (F:\deveco\DevEco Studio\tools\hvigor\hvigor\src\base\internal\pool\worker-pool\watch-worker.js:1:3061)
[2025-11-10T10:31:11.832] [ERROR] debug-file - BUILD FAILED in 13 s 121 ms 
[2025-11-10T10:31:11.832] [DEBUG] debug-file - There is no need to refresh cache, since the incremental task entry:default@PreBuild is up-to-date.
[2025-11-10T10:31:11.832] [DEBUG] debug-file - Update task entry:default@CreateModuleInfo output file:F:\DevEcoStudioProjects\Rdb-master\entry\.preview\default\generated\profile\default\ModuleInfo.ts cache.
[2025-11-10T10:31:11.833] [DEBUG] debug-file - Incremental task entry:default@CreateModuleInfo post-execution cost:1 ms .
[2025-11-10T10:31:11.833] [DEBUG] debug-file - Update task entry:default@MergeProfile input file:F:\DevEcoStudioProjects\Rdb-master\AppScope\app.json5 cache by regenerate.
[2025-11-10T10:31:11.834] [DEBUG] debug-file - Update task entry:default@MergeProfile input file:F:\DevEcoStudioProjects\Rdb-master\build-profile.json5 cache by regenerate.
[2025-11-10T10:31:11.834] [DEBUG] debug-file - Update task entry:default@MergeProfile input file:F:\DevEcoStudioProjects\Rdb-master\entry\src\main\module.json5 cache by regenerate.
[2025-11-10T10:31:11.835] [DEBUG] debug-file - Update task entry:default@MergeProfile output file:F:\DevEcoStudioProjects\Rdb-master\entry\.preview\default\intermediates\merge_profile\default\module.json cache.
[2025-11-10T10:31:11.835] [DEBUG] debug-file - Incremental task entry:default@MergeProfile post-execution cost:3 ms .
[2025-11-10T10:31:11.835] [DEBUG] debug-file - Update task entry:default@CreateBuildProfile input file:F:\DevEcoStudioProjects\Rdb-master\AppScope\app.json5 cache by regenerate.
[2025-11-10T10:31:11.836] [DEBUG] debug-file - Update task entry:default@CreateBuildProfile input file:F:\DevEcoStudioProjects\Rdb-master\build-profile.json5 cache by regenerate.
[2025-11-10T10:31:11.836] [DEBUG] debug-file - Update task entry:default@CreateBuildProfile output file:F:\DevEcoStudioProjects\Rdb-master\entry\.preview\default\generated\profile\default\BuildProfile.ets cache.
[2025-11-10T10:31:11.837] [DEBUG] debug-file - Incremental task entry:default@CreateBuildProfile post-execution cost:2 ms .
[2025-11-10T10:31:11.837] [DEBUG] debug-file - Update task entry:default@GeneratePkgContextInfo output file:F:\DevEcoStudioProjects\Rdb-master\entry\.preview\default\intermediates\loader\default\pkgContextInfo.json cache.
[2025-11-10T10:31:11.837] [DEBUG] debug-file - Incremental task entry:default@GeneratePkgContextInfo post-execution cost:1 ms .
[2025-11-10T10:31:11.837] [DEBUG] debug-file - Update task entry:default@ProcessProfile input file:F:\DevEcoStudioProjects\Rdb-master\entry\.preview\default\intermediates\merge_profile\default\module.json cache from map.
[2025-11-10T10:31:11.837] [DEBUG] debug-file - Update task entry:default@ProcessProfile output file:F:\DevEcoStudioProjects\Rdb-master\entry\.preview\default\intermediates\process_profile\default\module.json cache.
[2025-11-10T10:31:11.838] [DEBUG] debug-file - Incremental task entry:default@ProcessProfile post-execution cost:1 ms .
[2025-11-10T10:31:11.838] [DEBUG] debug-file - Update task entry:default@ProcessRouterMap input file:F:\DevEcoStudioProjects\Rdb-master\entry\oh-package.json5 cache by regenerate.
[2025-11-10T10:31:11.839] [DEBUG] debug-file - Update task entry:default@ProcessRouterMap input file:F:\DevEcoStudioProjects\Rdb-master\oh-package.json5 cache by regenerate.
[2025-11-10T10:31:11.839] [DEBUG] debug-file - Update task entry:default@ProcessRouterMap input file:F:\DevEcoStudioProjects\Rdb-master\entry\src\main\module.json5 cache by regenerate.
[2025-11-10T10:31:11.840] [DEBUG] debug-file - Update task entry:default@ProcessRouterMap output file:F:\DevEcoStudioProjects\Rdb-master\entry\.preview\default\intermediates\router_map\default\temp-router-map.json cache.
[2025-11-10T10:31:11.840] [DEBUG] debug-file - Update task entry:default@ProcessRouterMap output file:F:\DevEcoStudioProjects\Rdb-master\entry\.preview\default\intermediates\router_map\default\loader-router-map.json cache.
[2025-11-10T10:31:11.841] [DEBUG] debug-file - Incremental task entry:default@ProcessRouterMap post-execution cost:3 ms .
[2025-11-10T10:31:11.841] [DEBUG] debug-file - Update task entry:default@ProcessShareConfig input file:F:\DevEcoStudioProjects\Rdb-master\entry\oh-package.json5 cache by regenerate.
[2025-11-10T10:31:11.842] [DEBUG] debug-file - Update task entry:default@ProcessShareConfig input file:F:\DevEcoStudioProjects\Rdb-master\oh-package.json5 cache by regenerate.
[2025-11-10T10:31:11.842] [DEBUG] debug-file - Update task entry:default@ProcessShareConfig input file:F:\DevEcoStudioProjects\Rdb-master\entry\src\main\module.json5 cache by regenerate.
[2025-11-10T10:31:11.842] [DEBUG] debug-file - Update task entry:default@ProcessShareConfig output file:F:\DevEcoStudioProjects\Rdb-master\entry\.preview\default\intermediates\share_config\default\temp-share-config.json cache.
[2025-11-10T10:31:11.843] [DEBUG] debug-file - Incremental task entry:default@ProcessShareConfig post-execution cost:3 ms .
[2025-11-10T10:31:11.843] [DEBUG] debug-file - Update task entry:default@ProcessStartupConfig output file:F:\DevEcoStudioProjects\Rdb-master\entry\.preview\default\intermediates\startup\default\startup_config.json cache.
[2025-11-10T10:31:11.843] [DEBUG] debug-file - Incremental task entry:default@ProcessStartupConfig post-execution cost:1 ms .
[2025-11-10T10:31:11.845] [DEBUG] debug-file - Update task entry:default@GenerateLoaderJson input file:F:\DevEcoStudioProjects\Rdb-master\entry\.preview\default\intermediates\router_map\default\temp-router-map.json cache from map.
[2025-11-10T10:31:11.846] [DEBUG] debug-file - Update task entry:default@GenerateLoaderJson output file:F:\DevEcoStudioProjects\Rdb-master\entry\.preview\default\intermediates\loader\default\loader.json cache.
[2025-11-10T10:31:11.846] [DEBUG] debug-file - Incremental task entry:default@GenerateLoaderJson post-execution cost:3 ms .
[2025-11-10T10:31:11.847] [DEBUG] debug-file - Update task entry:default@PreviewCompileResource input file:F:\DevEcoStudioProjects\Rdb-master\entry\src\main\resources cache by regenerate.
[2025-11-10T10:31:11.865] [DEBUG] debug-file - Update task entry:default@PreviewCompileResource input file:F:\DevEcoStudioProjects\Rdb-master\entry\.preview\default\intermediates\merge_profile\default\module.json cache by regenerate.
[2025-11-10T10:31:11.866] [DEBUG] debug-file - Update task entry:default@PreviewCompileResource output file:F:\DevEcoStudioProjects\Rdb-master\entry\.preview\default\intermediates\res\default cache.
[2025-11-10T10:31:11.891] [DEBUG] debug-file - Update task entry:default@PreviewCompileResource output file:F:\DevEcoStudioProjects\Rdb-master\entry\.preview\default\generated\r\default cache.
[2025-11-10T10:31:11.892] [DEBUG] debug-file - Incremental task entry:default@PreviewCompileResource post-execution cost:47 ms .
[2025-11-10T10:31:11.893] [DEBUG] debug-file - Update task entry:default@CopyPreviewProfile input file:F:\DevEcoStudioProjects\Rdb-master\entry\src\main\resources\base\profile cache by regenerate.
[2025-11-10T10:31:11.894] [DEBUG] debug-file - Update task entry:default@CopyPreviewProfile output file:F:\DevEcoStudioProjects\Rdb-master\entry\.preview\default\intermediates\res\default\resources\base\profile cache.
[2025-11-10T10:31:11.895] [DEBUG] debug-file - Incremental task entry:default@CopyPreviewProfile post-execution cost:3 ms .
[2025-11-10T10:31:11.896] [DEBUG] debug-file - Update task entry:default@PreviewUpdateAssets output file:F:\DevEcoStudioProjects\Rdb-master\entry\.preview\default\intermediates\res\default\module.json cache.
[2025-11-10T10:31:11.896] [DEBUG] debug-file - Update task entry:default@PreviewUpdateAssets output file:F:\DevEcoStudioProjects\Rdb-master\entry\.preview\default\intermediates\res\default\resources\base\profile\main_pages.json cache.
[2025-11-10T10:31:11.897] [DEBUG] debug-file - Incremental task entry:default@PreviewUpdateAssets post-execution cost:2 ms .
[2025-11-10T10:31:11.900] [DEBUG] debug-file - Update task entry:default@PreviewArkTS input file:F:\DevEcoStudioProjects\Rdb-master\entry\.preview\default\intermediates\loader\default cache by regenerate.
[2025-11-10T10:31:11.901] [DEBUG] debug-file - Update task entry:default@PreviewArkTS input file:F:\DevEcoStudioProjects\Rdb-master\entry\.preview\default\intermediates\res\default\resources\rawfile cache by regenerate.
[2025-11-10T10:31:11.910] [DEBUG] debug-file - Update task entry:default@PreviewArkTS input file:F:\DevEcoStudioProjects\Rdb-master\entry\.preview\default\intermediates\res\default\ResourceTable.txt cache by regenerate.
[2025-11-10T10:31:11.911] [DEBUG] debug-file - Update task entry:default@PreviewArkTS input file:F:\DevEcoStudioProjects\Rdb-master\entry\.preview\default\intermediates\process_profile\default\module.json cache by regenerate.
[2025-11-10T10:31:11.911] [DEBUG] debug-file - Update task entry:default@PreviewArkTS input file:F:\DevEcoStudioProjects\Rdb-master\entry\.preview\default\intermediates\res\default\resources\base\profile cache by regenerate.
[2025-11-10T10:31:11.912] [DEBUG] debug-file - Update task entry:default@PreviewArkTS input file:F:\DevEcoStudioProjects\Rdb-master\entry\src\main\ets cache by regenerate.
[2025-11-10T10:31:11.918] [DEBUG] debug-file - Update task entry:default@PreviewArkTS input file:F:\DevEcoStudioProjects\Rdb-master\entry\.preview\default\generated\profile\default\BuildProfile.ets cache by regenerate.
[2025-11-10T10:31:11.918] [DEBUG] debug-file - Update task entry:default@PreviewArkTS output file:F:\DevEcoStudioProjects\Rdb-master\entry\.preview\default\intermediates\loader_out\default\ets cache.
[2025-11-10T10:31:11.919] [DEBUG] debug-file - Incremental task entry:default@PreviewArkTS post-execution cost:22 ms .
[2025-11-10T10:31:11.956] [DEBUG] debug-file - There's no busy workers and idle workers need cleanup.
[2025-11-10T10:31:11.957] [DEBUG] debug-file - hvigor build process will be closed.
[2025-11-10T10:31:11.969] [DEBUG] debug-file - session manager: send message to worker process.
[2025-11-10T10:31:11.970] [DEBUG] debug-file - session manager: send message to worker process.
[2025-11-10T10:31:11.973] [DEBUG] debug-file - watch worker: worker is ready to be terminated.
[2025-11-10T10:31:11.973] [DEBUG] debug-file - Server currently has 0 watch-worker
[2025-11-10T10:32:04.022] [DEBUG] debug-file - env: nodejsVersion=v18.20.1
[2025-11-10T10:32:04.107] [DEBUG] debug-file - env: daemon=true
[2025-11-10T10:32:04.024] [DEBUG] debug-file - env: hvigor-config.json5 content = {
  modelVersion: '5.1.1',
  dependencies: {},
  execution: {},
  logging: {},
  debugging: {}
}
[2025-11-10T10:32:05.150] [DEBUG] debug-file - session manager: set active socket. socketId=4OOw-KJADU8njCAFAAAF
[2025-11-10T10:32:05.164] [DEBUG] debug-file - watch worker: worker id should be larger than 0. Nothing will be sent to any worker thread.
[2025-11-10T10:32:05.173] [DEBUG] debug-file - Hvigor init with startParameters:{
  hvigorfileTypeCheck: false,
  parallelExecution: true,
  incrementalExecution: true,
  printStackTrace: false,
  daemon: true,
  analyze: 0,
  logLevel: Level { level: 20000, levelStr: 'INFO', colour: 'green' },
  optimizationStrategy: 'memory',
  hotCompile: undefined,
  hotReloadBuild: undefined
}
[2025-11-10T10:32:05.177] [DEBUG] debug-file - Cache service initialization finished in 4 ms 
[2025-11-10T10:32:05.178] [DEBUG] debug-file - hvigorfile, resolving F:\DevEcoStudioProjects\Rdb-master\hvigorfile.ts
[2025-11-10T10:32:05.184] [DEBUG] debug-file - hvigorfile, require result:  {}
[2025-11-10T10:32:05.185] [DEBUG] debug-file - hvigorfile, binding system plugins {}
[2025-11-10T10:32:05.192] [DEBUG] debug-file - Start initialize project's product build option map with build mode debug.
[2025-11-10T10:32:05.192] [DEBUG] debug-file - Picking option from product 'default' with build mode 'debug'.
[2025-11-10T10:32:05.192] [DEBUG] debug-file - Product 'default' build option initialized
[2025-11-10T10:32:05.192] [DEBUG] debug-file - End initialize project's product build option map with build mode 'debug'.
[2025-11-10T10:32:05.193] [DEBUG] debug-file - Obtain build option for product 'default'in this build.
[2025-11-10T10:32:05.195] [DEBUG] debug-file - No signingConfig found, initRemoteHspCache failed.
[2025-11-10T10:32:05.200] [DEBUG] debug-file - Start recording SDK configuration permission data.
[2025-11-10T10:32:05.227] [DEBUG] debug-file - Sdk init in 32 ms 
[2025-11-10T10:32:05.231] [DEBUG] debug-file - Project task initialization takes 4 ms 
[2025-11-10T10:32:05.231] [DEBUG] debug-file - hvigorfile, resolve finished F:\DevEcoStudioProjects\Rdb-master\hvigorfile.ts
[2025-11-10T10:32:05.231] [DEBUG] debug-file - hvigorfile, resolving F:\DevEcoStudioProjects\Rdb-master\entry\hvigorfile.ts
[2025-11-10T10:32:05.236] [DEBUG] debug-file - hvigorfile, require result:  {}
[2025-11-10T10:32:05.236] [DEBUG] debug-file - hvigorfile, binding system plugins {}
[2025-11-10T10:32:05.238] [DEBUG] debug-file - failed to load cangjie to dynamically generate schemas: Error: Cannot find module '@ohos/cangjie-build-support/index'
Require stack:
- F:\deveco\DevEco Studio\tools\hvigor\hvigor-ohos-plugin\src\plugin\factory\plugin-factory.js
- F:\deveco\DevEco Studio\tools\hvigor\hvigor-ohos-plugin\index.js
- F:\DevEcoStudioProjects\Rdb-master\hvigorfile.ts
- F:\deveco\DevEco Studio\tools\hvigor\hvigor\src\base\internal\lifecycle\configuration.js
- F:\deveco\DevEco Studio\tools\hvigor\hvigor\src\base\boot\index.js
- F:\deveco\DevEco Studio\tools\hvigor\hvigor\src\base\daemon\cluster\worker-process-lifecycle.js
- F:\deveco\DevEco Studio\tools\hvigor\hvigor\src\base\daemon\process\daemon-process-boot-script.js
[2025-11-10T10:32:05.241] [DEBUG] debug-file - Start initialize module-target build option map, moduleName=entry, buildMode=release
[2025-11-10T10:32:05.241] [DEBUG] debug-file - Target 'default' config initialized
[2025-11-10T10:32:05.241] [DEBUG] debug-file - Module 'entry' target 'default' build option initialized
[2025-11-10T10:32:05.241] [DEBUG] debug-file - End initialize module-target build option map, moduleName=entry
[2025-11-10T10:32:05.241] [DEBUG] debug-file - Start initialize module-target build option map, moduleName=entry, buildMode=debug
[2025-11-10T10:32:05.242] [DEBUG] debug-file - Target 'default' config initialized
[2025-11-10T10:32:05.242] [DEBUG] debug-file - Module 'entry' target 'default' build option initialized
[2025-11-10T10:32:05.242] [DEBUG] debug-file - End initialize module-target build option map, moduleName=entry
[2025-11-10T10:32:05.242] [DEBUG] debug-file - Start initialize module-target build option map, moduleName=entry, buildMode=debug
[2025-11-10T10:32:05.242] [DEBUG] debug-file - Target 'default' config initialized
[2025-11-10T10:32:05.242] [DEBUG] debug-file - Module 'entry' target 'default' build option initialized
[2025-11-10T10:32:05.242] [DEBUG] debug-file - End initialize module-target build option map, moduleName=entry
[2025-11-10T10:32:05.243] [DEBUG] debug-file - Obtain build option for module 'entry' target 'default'in this build.
[2025-11-10T10:32:05.244] [DEBUG] debug-file - Module entry task initialization takes 1 ms 
[2025-11-10T10:32:05.245] [DEBUG] debug-file - hvigorfile, resolve finished F:\DevEcoStudioProjects\Rdb-master\entry\hvigorfile.ts
[2025-11-10T10:32:05.260] [DEBUG] debug-file - hvigorfile, resolve hvigorfile dependencies in 15 ms 
[2025-11-10T10:32:05.260] [DEBUG] debug-file - project has submodules:entry
[2025-11-10T10:32:05.262] [DEBUG] debug-file - start to load updatedOhPackageInfo to the disk
[2025-11-10T10:32:05.273] [DEBUG] debug-file - load to the disk finished
[2025-11-10T10:32:05.274] [DEBUG] debug-file - Start to initialize dependency information.
[2025-11-10T10:32:05.276] [DEBUG] debug-file - Module Rdb-master Collected Dependency: 
[2025-11-10T10:32:05.276] [DEBUG] debug-file - Module Rdb-master's total dependency: 0
[2025-11-10T10:32:05.277] [DEBUG] debug-file - Start to initialize dependency information.
[2025-11-10T10:32:05.282] [DEBUG] debug-file - Module entry Collected Dependency: 
[2025-11-10T10:32:05.282] [DEBUG] debug-file - Module entry's total dependency: 0
[2025-11-10T10:32:05.285] [DEBUG] debug-file - Configuration phase cost:109 ms 
[2025-11-10T10:32:05.286] [DEBUG] debug-file - Configuration task cost before running: 117 ms 
[2025-11-10T10:32:05.293] [DEBUG] debug-file - Executing task :entry:default@PreBuild
[2025-11-10T10:32:05.294] [DEBUG] debug-file - Task 'entry:default@PreBuild' cost while wrapping incremental declarations: 1 ms 
[2025-11-10T10:32:05.311] [DEBUG] debug-file - Incremental task entry:default@PreBuild pre-execution cost: 13 ms .
[2025-11-10T10:32:05.311] [DEBUG] debug-file - entry : default@PreBuild cost memory 0.36130523681640625
[2025-11-10T10:32:05.318] [INFO] debug-file - UP-TO-DATE :entry:default@PreBuild...  
[2025-11-10T10:32:05.320] [DEBUG] debug-file - Executing task :entry:default@CreateModuleInfo
[2025-11-10T10:32:05.320] [DEBUG] debug-file - Task 'entry:default@CreateModuleInfo' cost while wrapping incremental declarations: 1 ms 
[2025-11-10T10:32:05.320] [DEBUG] debug-file - entry : default@CreateModuleInfo cost memory 0.04186248779296875
[2025-11-10T10:32:05.321] [DEBUG] debug-file - runTaskFromQueue task cost before running: 152 ms 
[2025-11-10T10:32:05.321] [INFO] debug-file - Finished :entry:default@CreateModuleInfo... after 1 ms 
[2025-11-10T10:32:05.322] [DEBUG] debug-file - Executing task :entry:default@GenerateMetadata
[2025-11-10T10:32:05.323] [DEBUG] debug-file - Task 'entry:default@GenerateMetadata' cost while wrapping incremental declarations: 1 ms 
[2025-11-10T10:32:05.326] [DEBUG] debug-file - Incremental task entry:default@GenerateMetadata pre-execution cost: 3 ms .
[2025-11-10T10:32:05.326] [DEBUG] debug-file - entry : default@GenerateMetadata cost memory 0.0913848876953125
[2025-11-10T10:32:05.326] [INFO] debug-file - UP-TO-DATE :entry:default@GenerateMetadata...  
[2025-11-10T10:32:05.328] [DEBUG] debug-file - Executing task :entry:default@ConfigureCmake
[2025-11-10T10:32:05.328] [DEBUG] debug-file - entry : default@ConfigureCmake cost memory 0.0167388916015625
[2025-11-10T10:32:05.328] [DEBUG] debug-file - runTaskFromQueue task cost before running: 159 ms 
[2025-11-10T10:32:05.328] [INFO] debug-file - Finished :entry:default@ConfigureCmake... after 1 ms 
[2025-11-10T10:32:05.330] [DEBUG] debug-file - Executing task :entry:default@MergeProfile
[2025-11-10T10:32:05.330] [DEBUG] debug-file - Task 'entry:default@MergeProfile' cost while wrapping incremental declarations: 1 ms 
[2025-11-10T10:32:05.334] [DEBUG] debug-file - entry:default@MergeProfile is not up-to-date, since the task snapshots are different.
[2025-11-10T10:32:05.334] [DEBUG] debug-file - Incremental task entry:default@MergeProfile pre-execution cost: 4 ms .
[2025-11-10T10:32:05.334] [DEBUG] debug-file - Change app api release type with 'Release'
[2025-11-10T10:32:05.334] [DEBUG] debug-file - Change app compile API version with '6.0.0.47'
[2025-11-10T10:32:05.334] [DEBUG] debug-file - Change app target API version with '50101019'
[2025-11-10T10:32:05.334] [DEBUG] debug-file - Change app minimum API version with '50101019'
[2025-11-10T10:32:05.334] [DEBUG] debug-file - Use cli appEnvironment
[2025-11-10T10:32:05.345] [DEBUG] debug-file - entry : default@MergeProfile cost memory -1.3924789428710938
[2025-11-10T10:32:05.345] [DEBUG] debug-file - runTaskFromQueue task cost before running: 177 ms 
[2025-11-10T10:32:05.346] [INFO] debug-file - Finished :entry:default@MergeProfile... after 16 ms 
[2025-11-10T10:32:05.347] [DEBUG] debug-file - Executing task :entry:default@CreateBuildProfile
[2025-11-10T10:32:05.348] [DEBUG] debug-file - Task 'entry:default@CreateBuildProfile' cost while wrapping incremental declarations: 1 ms 
[2025-11-10T10:32:05.351] [DEBUG] debug-file - entry:default@CreateBuildProfile is not up-to-date, since the task snapshots are different.
[2025-11-10T10:32:05.351] [DEBUG] debug-file - Incremental task entry:default@CreateBuildProfile pre-execution cost: 3 ms .
[2025-11-10T10:32:05.352] [DEBUG] debug-file - entry : default@CreateBuildProfile cost memory 0.125518798828125
[2025-11-10T10:32:05.352] [DEBUG] debug-file - runTaskFromQueue task cost before running: 184 ms 
[2025-11-10T10:32:05.353] [INFO] debug-file - Finished :entry:default@CreateBuildProfile... after 6 ms 
[2025-11-10T10:32:05.354] [DEBUG] debug-file - Executing task :entry:default@PreCheckSyscap
[2025-11-10T10:32:05.354] [DEBUG] debug-file - entry : default@PreCheckSyscap cost memory 0.01642608642578125
[2025-11-10T10:32:05.354] [DEBUG] debug-file - runTaskFromQueue task cost before running: 186 ms 
[2025-11-10T10:32:05.354] [INFO] debug-file - Finished :entry:default@PreCheckSyscap... after 1 ms 
[2025-11-10T10:32:05.357] [DEBUG] debug-file - Executing task :entry:default@GeneratePkgContextInfo
[2025-11-10T10:32:05.366] [DEBUG] debug-file - Task 'entry:default@GeneratePkgContextInfo' cost while wrapping incremental declarations: 1 ms 
[2025-11-10T10:32:05.367] [DEBUG] debug-file - entry : default@GeneratePkgContextInfo cost memory 0.24428558349609375
[2025-11-10T10:32:05.367] [DEBUG] debug-file - runTaskFromQueue task cost before running: 198 ms 
[2025-11-10T10:32:05.367] [INFO] debug-file - Finished :entry:default@GeneratePkgContextInfo... after 10 ms 
[2025-11-10T10:32:05.375] [DEBUG] debug-file - Executing task :entry:default@ProcessIntegratedHsp
[2025-11-10T10:32:05.375] [DEBUG] debug-file - entry:default@ProcessIntegratedHsp is not up-to-date, since the output file 'F:\DevEcoStudioProjects\Rdb-master\build\cache\default\integrated_hsp\integratedHspCache.json' does not exist.
[2025-11-10T10:32:05.375] [DEBUG] debug-file - Incremental task entry:default@ProcessIntegratedHsp pre-execution cost: 1 ms .
[2025-11-10T10:32:05.375] [DEBUG] debug-file - entry : default@ProcessIntegratedHsp cost memory 0.0619659423828125
[2025-11-10T10:32:05.376] [DEBUG] debug-file - runTaskFromQueue task cost before running: 207 ms 
[2025-11-10T10:32:05.376] [INFO] debug-file - Finished :entry:default@ProcessIntegratedHsp... after 1 ms 
[2025-11-10T10:32:05.377] [DEBUG] debug-file - Executing task :entry:default@BuildNativeWithCmake
[2025-11-10T10:32:05.377] [DEBUG] debug-file - entry : default@BuildNativeWithCmake cost memory 0.01731109619140625
[2025-11-10T10:32:05.378] [DEBUG] debug-file - runTaskFromQueue task cost before running: 209 ms 
[2025-11-10T10:32:05.378] [INFO] debug-file - Finished :entry:default@BuildNativeWithCmake... after 1 ms 
[2025-11-10T10:32:05.379] [DEBUG] debug-file - Executing task :entry:default@MakePackInfo
[2025-11-10T10:32:05.384] [DEBUG] debug-file - Incremental task entry:default@MakePackInfo pre-execution cost: 4 ms .
[2025-11-10T10:32:05.384] [DEBUG] debug-file - entry : default@MakePackInfo cost memory 0.1084136962890625
[2025-11-10T10:32:05.384] [INFO] debug-file - UP-TO-DATE :entry:default@MakePackInfo...  
[2025-11-10T10:32:05.386] [DEBUG] debug-file - Executing task :entry:default@SyscapTransform
[2025-11-10T10:32:05.386] [DEBUG] debug-file - File: 'F:\DevEcoStudioProjects\Rdb-master\entry\src\main\syscap.json' from 'sysCapJsonPath' is not exists, just ignore.
[2025-11-10T10:32:05.388] [DEBUG] debug-file - Task 'entry:default@SyscapTransform' cost while wrapping incremental declarations: 2 ms 
[2025-11-10T10:32:05.392] [DEBUG] debug-file - entry:default@SyscapTransform is not up-to-date, since the output file 'F:\DevEcoStudioProjects\Rdb-master\entry\build\default\intermediates\syscap\default\rpcid.sc' does not exist.
[2025-11-10T10:32:05.393] [DEBUG] debug-file - Incremental task entry:default@SyscapTransform pre-execution cost: 5 ms .
[2025-11-10T10:32:05.393] [DEBUG] debug-file - entry : default@SyscapTransform cost memory -1.3910140991210938
[2025-11-10T10:32:05.393] [DEBUG] debug-file - runTaskFromQueue task cost before running: 224 ms 
[2025-11-10T10:32:05.393] [INFO] debug-file - Finished :entry:default@SyscapTransform... after 8 ms 
[2025-11-10T10:32:05.395] [DEBUG] debug-file - Executing task :entry:default@ProcessProfile
[2025-11-10T10:32:05.396] [DEBUG] debug-file - Task 'entry:default@ProcessProfile' cost while wrapping incremental declarations: 1 ms 
[2025-11-10T10:32:05.397] [DEBUG] debug-file - entry:default@ProcessProfile is not up-to-date, since the input file 'F:\DevEcoStudioProjects\Rdb-master\entry\build\default\intermediates\merge_profile\default\module.json' has been changed.
[2025-11-10T10:32:05.397] [DEBUG] debug-file - Incremental task entry:default@ProcessProfile pre-execution cost: 1 ms .
[2025-11-10T10:32:05.398] [DEBUG] debug-file - [
  'F:\\deveco\\DevEco Studio\\tools\\node\\node.exe',
  'F:\\deveco\\DevEco Studio\\sdk\\default\\openharmony\\ets\\build-tools\\ets-loader\\bin\\ark\\ts2abc.js',
  '--target-api-version',
  '19'
]
[2025-11-10T10:32:05.584] [DEBUG] debug-file - 13.0.1.0
[2025-11-10T10:32:05.586] [DEBUG] debug-file - No need to add fake ui ability because of not in preview process.
[2025-11-10T10:32:05.594] [DEBUG] debug-file - entry : default@ProcessProfile cost memory 0.37291717529296875
[2025-11-10T10:32:05.594] [DEBUG] debug-file - runTaskFromQueue task cost before running: 425 ms 
[2025-11-10T10:32:05.594] [INFO] debug-file - Finished :entry:default@ProcessProfile... after 199 ms 
[2025-11-10T10:32:05.596] [DEBUG] debug-file - Executing task :entry:default@ProcessRouterMap
[2025-11-10T10:32:05.601] [DEBUG] debug-file - entry:default@ProcessRouterMap is not up-to-date, since the task snapshots are different.
[2025-11-10T10:32:05.601] [DEBUG] debug-file - Incremental task entry:default@ProcessRouterMap pre-execution cost: 5 ms .
[2025-11-10T10:32:05.603] [DEBUG] debug-file - entry : default@ProcessRouterMap cost memory 0.1472625732421875
[2025-11-10T10:32:05.603] [DEBUG] debug-file - runTaskFromQueue task cost before running: 435 ms 
[2025-11-10T10:32:05.604] [INFO] debug-file - Finished :entry:default@ProcessRouterMap... after 8 ms 
[2025-11-10T10:32:05.605] [DEBUG] debug-file - Executing task :entry:default@ProcessShareConfig
[2025-11-10T10:32:05.610] [DEBUG] debug-file - entry:default@ProcessShareConfig is not up-to-date, since the task snapshots are different.
[2025-11-10T10:32:05.610] [DEBUG] debug-file - Incremental task entry:default@ProcessShareConfig pre-execution cost: 4 ms .
[2025-11-10T10:32:05.611] [DEBUG] debug-file - entry : default@ProcessShareConfig cost memory 0.12802886962890625
[2025-11-10T10:32:05.611] [DEBUG] debug-file - runTaskFromQueue task cost before running: 442 ms 
[2025-11-10T10:32:05.611] [INFO] debug-file - Finished :entry:default@ProcessShareConfig... after 6 ms 
[2025-11-10T10:32:05.613] [DEBUG] debug-file - Executing task :entry:default@ProcessStartupConfig
[2025-11-10T10:32:05.613] [DEBUG] debug-file - Task 'entry:default@ProcessStartupConfig' cost while wrapping incremental declarations: 1 ms 
[2025-11-10T10:32:05.614] [DEBUG] debug-file - entry:default@ProcessStartupConfig is not up-to-date, since the output file 'F:\DevEcoStudioProjects\Rdb-master\entry\build\default\intermediates\startup\default\startup_config.json' does not exist.
[2025-11-10T10:32:05.614] [DEBUG] debug-file - Incremental task entry:default@ProcessStartupConfig pre-execution cost: 1 ms .
[2025-11-10T10:32:05.615] [DEBUG] debug-file - entry : default@ProcessStartupConfig cost memory 0.0996246337890625
[2025-11-10T10:32:05.615] [DEBUG] debug-file - runTaskFromQueue task cost before running: 446 ms 
[2025-11-10T10:32:05.615] [INFO] debug-file - Finished :entry:default@ProcessStartupConfig... after 2 ms 
[2025-11-10T10:32:05.617] [DEBUG] debug-file - Executing task :entry:default@BuildNativeWithNinja
[2025-11-10T10:32:05.617] [DEBUG] debug-file - entry : default@BuildNativeWithNinja cost memory 0.02310943603515625
[2025-11-10T10:32:05.618] [DEBUG] debug-file - runTaskFromQueue task cost before running: 449 ms 
[2025-11-10T10:32:05.618] [INFO] debug-file - Finished :entry:default@BuildNativeWithNinja... after 1 ms 
[2025-11-10T10:32:05.620] [DEBUG] debug-file - restool module names: entry; moduleName=entry, taskName=default@ProcessResource
[2025-11-10T10:32:05.623] [DEBUG] debug-file - Executing task :entry:default@ProcessResource
[2025-11-10T10:32:05.623] [DEBUG] debug-file - Task 'entry:default@ProcessResource' cost while wrapping incremental declarations: 1 ms 
[2025-11-10T10:32:05.625] [DEBUG] debug-file - Incremental task entry:default@ProcessResource pre-execution cost: 2 ms .
[2025-11-10T10:32:05.626] [DEBUG] debug-file - entry : default@ProcessResource cost memory -1.4987030029296875
[2025-11-10T10:32:05.629] [INFO] debug-file - UP-TO-DATE :entry:default@ProcessResource...  
[2025-11-10T10:32:05.631] [DEBUG] debug-file - Executing task :entry:default@GenerateLoaderJson
[2025-11-10T10:32:05.632] [DEBUG] debug-file - Task 'entry:default@GenerateLoaderJson' cost while wrapping incremental declarations: 1 ms 
[2025-11-10T10:32:05.646] [DEBUG] debug-file - entry:default@GenerateLoaderJson is not up-to-date, since the input file 'F:\DevEcoStudioProjects\Rdb-master\entry\build\default\intermediates\router_map\default\temp-router-map.json' has been changed.
[2025-11-10T10:32:05.646] [DEBUG] debug-file - Incremental task entry:default@GenerateLoaderJson pre-execution cost: 9 ms .
[2025-11-10T10:32:05.652] [DEBUG] debug-file - entry : default@GenerateLoaderJson cost memory 0.5380096435546875
[2025-11-10T10:32:05.652] [DEBUG] debug-file - runTaskFromQueue task cost before running: 483 ms 
[2025-11-10T10:32:05.658] [INFO] debug-file - Finished :entry:default@GenerateLoaderJson... after 21 ms 
[2025-11-10T10:32:05.660] [DEBUG] debug-file - Executing task :entry:default@ProcessLibs
[2025-11-10T10:32:05.666] [DEBUG] debug-file - Incremental task entry:default@ProcessLibs pre-execution cost: 5 ms .
[2025-11-10T10:32:05.666] [DEBUG] debug-file - entry : default@ProcessLibs cost memory 0.103271484375
[2025-11-10T10:32:05.668] [INFO] debug-file - UP-TO-DATE :entry:default@ProcessLibs...  
[2025-11-10T10:32:05.670] [DEBUG] debug-file - restool module names: entry; moduleName=entry, taskName=default@CompileResource
[2025-11-10T10:32:05.671] [DEBUG] debug-file - Executing task :entry:default@CompileResource
[2025-11-10T10:32:05.698] [DEBUG] debug-file - entry:default@CompileResource is not up-to-date, since the input file 'F:\DevEcoStudioProjects\Rdb-master\entry\build\default\intermediates\process_profile\default\module.json' has been changed.
[2025-11-10T10:32:05.698] [DEBUG] debug-file - Incremental task entry:default@CompileResource pre-execution cost: 26 ms .
[2025-11-10T10:32:05.701] [DEBUG] debug-file - Use tool [F:\deveco\DevEco Studio\sdk\default\openharmony\toolchains\restool.exe]
 [
  'F:\\deveco\\DevEco Studio\\sdk\\default\\openharmony\\toolchains\\restool.exe',
  '-l',
  'F:\\DevEcoStudioProjects\\Rdb-master\\entry\\build\\default\\intermediates\\res\\default\\resConfig.json'
]
[2025-11-10T10:32:05.703] [DEBUG] debug-file - current process  memoryUsage: {
  rss: 177999872,
  heapTotal: 121069568,
  heapUsed: 112634064,
  external: 3138694,
  arrayBuffers: 102827
} os memoryUsage :13.078964233398438
[2025-11-10T10:32:05.936] [DEBUG] debug-file - Info: Pack: normal pack mode

[2025-11-10T10:32:06.023] [DEBUG] debug-file - Info: hardware concurrency count is : 16
Info: thread count is : 16

[2025-11-10T10:32:06.024] [DEBUG] debug-file - Info: thread pool is started

[2025-11-10T10:32:06.027] [DEBUG] debug-file - Info: GenericCompiler::CompileFiles

[2025-11-10T10:32:06.044] [DEBUG] debug-file - Info: GenericCompiler::CompileFiles

[2025-11-10T10:32:06.047] [DEBUG] debug-file - Info: GenericCompiler::CompileFiles

[2025-11-10T10:32:06.057] [DEBUG] debug-file - 11-10 10:32:06.057 16400 25924 E C01400/ImageTranscoderUtils: DecodeToRGBA IN
11-10 10:32:06.057 16400 25924 E C01400/ImageTranscoderUtils: ImageFilter IN F:\DevEcoStudioProjects\Rdb-master\AppScope\resources\base\media\app_icon.png

[2025-11-10T10:32:06.058] [DEBUG] debug-file - 11-10 10:32:06.058 16400 25924 E C01400/ImageTranscoder: TranscodeSLR Only zoom-out is supported.

[2025-11-10T10:32:06.058] [DEBUG] debug-file - Warning: ScaleImage failed, error message: INVALID_PARAMETERS, file path = F:\DevEcoStudioProjects\Rdb-master\AppScope\resources\base\media\app_icon.png

[2025-11-10T10:32:06.060] [DEBUG] debug-file - 11-10 10:32:06.061 16400 25924 E C01400/ImageTranscoderUtils: DecodeToRGBA IN
11-10 10:32:06.061 16400 25924 E C01400/ImageTranscoderUtils: ImageFilter IN F:\DevEcoStudioProjects\Rdb-master\entry\src\main\resources\base\media\icon.png

[2025-11-10T10:32:06.061] [DEBUG] debug-file - 11-10 10:32:06.061 16400 25924 E C01400/ImageTranscoder: TranscodeSLR Only zoom-out is supported.

[2025-11-10T10:32:06.061] [DEBUG] debug-file - Warning: ScaleImage failed, error message: INVALID_PARAMETERS, file path = F:\DevEcoStudioProjects\Rdb-master\entry\src\main\resources\base\media\icon.png

[2025-11-10T10:32:06.062] [DEBUG] debug-file - Warning: The width or height of the png file referenced by the icon exceeds the limit (41 pixels)
at F:\DevEcoStudioProjects\Rdb-master\AppScope\resources\base\media\app_icon.png

[2025-11-10T10:32:06.063] [DEBUG] debug-file - Warning: The width or height of the png file referenced by the icon exceeds the limit (41 pixels)
at F:\DevEcoStudioProjects\Rdb-master\entry\src\main\resources\base\media\icon.png

[2025-11-10T10:32:06.069] [DEBUG] debug-file - Info: restool resources compile success.

[2025-11-10T10:32:06.069] [DEBUG] debug-file - Info: thread pool is stopped

[2025-11-10T10:32:06.139] [DEBUG] debug-file - entry : default@CompileResource cost memory -0.7048110961914062
[2025-11-10T10:32:06.139] [DEBUG] debug-file - runTaskFromQueue task cost before running: 970 ms 
[2025-11-10T10:32:06.141] [INFO] debug-file - Finished :entry:default@CompileResource... after 468 ms 
[2025-11-10T10:32:06.142] [DEBUG] debug-file - Executing task :entry:default@DoNativeStrip
[2025-11-10T10:32:06.143] [DEBUG] debug-file - Task 'entry:default@DoNativeStrip' cost while wrapping incremental declarations: 1 ms 
[2025-11-10T10:32:06.145] [DEBUG] debug-file - Incremental task entry:default@DoNativeStrip pre-execution cost: 2 ms .
[2025-11-10T10:32:06.145] [DEBUG] debug-file - entry : default@DoNativeStrip cost memory 0.0848236083984375
[2025-11-10T10:32:06.145] [INFO] debug-file - UP-TO-DATE :entry:default@DoNativeStrip...  
[2025-11-10T10:32:06.147] [DEBUG] debug-file - Executing task :entry:default@CompileArkTS
[2025-11-10T10:32:06.147] [DEBUG] debug-file - obfuscationOptions: undefined
[2025-11-10T10:32:06.159] [DEBUG] debug-file - entry:default@CompileArkTS is not up-to-date, since the input file 'F:\DevEcoStudioProjects\Rdb-master\entry\build\default\intermediates\loader\default' has been changed.
[2025-11-10T10:32:06.159] [DEBUG] debug-file - Incremental task entry:default@CompileArkTS pre-execution cost: 8 ms .
[2025-11-10T10:32:06.184] [DEBUG] debug-file - build config:
[2025-11-10T10:32:06.185] [DEBUG] debug-file - {
  moduleType: 'entry',
  perf: 0,
  targetName: '.default',
  packageManagerType: 'ohpm',
  localPropertiesPath: 'F:\\DevEcoStudioProjects\\Rdb-master\\local.properties',
  isPreview: false,
  isOhosTest: false,
  isLocalTest: false,
  buildMode: 'Debug',
  hotReloadBuild: undefined,
  watchMode: 'false',
  aceProfilePath: 'F:\\DevEcoStudioProjects\\Rdb-master\\entry\\build\\default\\intermediates\\res\\default\\resources\\base\\profile',
  etsLoaderPath: 'F:\\deveco\\DevEco Studio\\sdk\\default\\openharmony\\ets\\build-tools\\ets-loader',
  modulePath: 'F:\\DevEcoStudioProjects\\Rdb-master\\entry',
  testFrameworkPar: {
    testMode: undefined,
    coveragePathFilter: undefined,
    coverageMode: undefined
  },
  needCoverageInsert: false,
  debugLine: false,
  projectTopDir: 'F:\\DevEcoStudioProjects\\Rdb-master',
  compileSdkVersion: 20,
  compatibleSdkVersion: 19,
  compatibleSdkVersionStage: undefined,
  bundleName: 'c***b',
  etsLoaderVersion: '6.0.0.47',
  etsLoaderReleaseType: 'Release',
  aotCompileMode: 'type',
  apPath: 'F:\\DevEcoStudioProjects\\Rdb-master\\entry\\modules.ap',
  entryModuleName: 'entry',
  entryModuleVersion: '1.0.0',
  entryPackageName: 'entry',
  allModuleNameHash: 'f193d110e9e891220f8cb6e72eb1e142',
  externalApiPaths: [ 'F:\\deveco\\DevEco Studio\\sdk\\default\\hms\\ets' ],
  compilerTypes: [],
  isCrossplatform: false,
  hvigorPluginFile: undefined,
  compilePluginPath: undefined,
  buildGeneratedProfilePath: 'F:\\DevEcoStudioProjects\\Rdb-master\\entry\\build\\default\\generated\\profile\\default',
  bundleType: 'app',
  arkTSVersion: undefined,
  apiVersion: 20,
  needCompleteSourcesMap: false,
  isFaMode: false,
  strictMode: undefined,
  buildDir: 'F:\\DevEcoStudioProjects\\Rdb-master\\entry\\build',
  deviceTypes: [ 'phone' ],
  useNormalizedOHMUrl: false,
  pkgContextInfo: undefined,
  ohPackagePathMap: {},
  dependencyAliasMap: {},
  permission: { requestPermissions: [ [Object] ], definePermissions: undefined },
  integratedHsp: false,
  projectArkOption: undefined,
  sourceMapDir: undefined,
  branchElimination: false,
  transformLib: undefined,
  caseSensitiveCheck: false,
  tsImportSendable: false,
  resolveConflictMode: true,
  depName2RootPath: {},
  depName2DepInfo: {},
  rootPathSet: [ 'F:\\DevEcoStudioProjects\\Rdb-master' ],
  useNativeResolver: true,
  shouldEmitJs: true,
  useTscResolve: false,
  singleFileEmit: false,
  userProjectConfig: {
    autoLazyImport: false,
    allowEmptyBundleName: false,
    reExportCheckMode: 'noCheck',
    executionMode: 'memory',
    usePathPlaceholder: false,
    writeRollupCache: true,
    isExpandImportEnabled: false,
    expandImportExclude: '',
    ignoreCrossplatformCheck: false,
    isPreloadSoEnabled: false
  },
  skipOhModulesLint: false,
  executionMode: 'memory',
  autoLazyImport: false,
  allowEmptyBundleName: false,
  reExportCheckMode: 'noCheck',
  usePathPlaceholder: false,
  writeRollupCache: true,
  isExpandImportEnabled: false,
  expandImportExclude: '',
  ignoreCrossplatformCheck: false,
  isPreloadSoEnabled: false,
  arkCompileCachePath: 'F:\\DevEcoStudioProjects\\Rdb-master\\entry\\build\\default\\cache\\default\\default@CompileArkTS\\esmodule',
  aceModuleJsonPath: 'F:\\DevEcoStudioProjects\\Rdb-master\\entry\\build\\default\\intermediates\\res\\default\\ark_module.json',
  appResource: 'F:\\DevEcoStudioProjects\\Rdb-master\\entry\\build\\default\\intermediates\\res\\default\\ResourceTable.txt',
  rawFileResource: 'F:\\DevEcoStudioProjects\\Rdb-master\\entry\\build\\default\\intermediates\\res\\default\\resources\\rawfile',
  resourceTableHash: '4f4360cc0d6cf547584bd22a572293a5',
  runtimeOS: 'HarmonyOS',
  sdkInfo: 'false:20:6.0.0.47:Release',
  aceModuleRoot: 'F:\\DevEcoStudioProjects\\Rdb-master\\entry\\src\\main\\ets',
  compileMode: 'esmodule',
  aceSuperVisualPath: 'F:\\DevEcoStudioProjects\\Rdb-master\\entry\\src\\main\\supervisual',
  aceBuildJson: 'F:\\DevEcoStudioProjects\\Rdb-master\\entry\\build\\default\\intermediates\\loader\\default\\loader.json',
  cachePath: 'F:\\DevEcoStudioProjects\\Rdb-master\\entry\\build\\default\\cache\\default\\default@CompileArkTS\\esmodule\\debug',
  aceModuleBuild: 'F:\\DevEcoStudioProjects\\Rdb-master\\entry\\build\\default\\intermediates\\loader_out\\default\\ets',
  supportChunks: true,
  declaredFilesPath: undefined,
  shouldCollectDirectImportees: false,
  isByteCodeHarOptimize: false,
  expandImportPath: undefined,
  pkgNameToPkgBriefInfo: {
    entry: {
      pkgRoot: 'F:\\DevEcoStudioProjects\\Rdb-master\\entry',
      originalSourceRoots: undefined,
      sourceRoots: [Array],
      pkgName: 'entry'
    }
  },
  projectModel: {
    'F:\\DevEcoStudioProjects\\Rdb-master\\entry\\src\\main': {
      moduleName: 'entry',
      modulePkgPath: 'F:\\DevEcoStudioProjects\\Rdb-master\\entry',
      belongProjectPath: 'F:\\DevEcoStudioProjects\\Rdb-master'
    },
    'F:\\DevEcoStudioProjects\\Rdb-master\\entry': {
      moduleName: 'entry',
      modulePkgPath: 'F:\\DevEcoStudioProjects\\Rdb-master\\entry',
      belongProjectPath: 'F:\\DevEcoStudioProjects\\Rdb-master'
    },
    'F:\\DevEcoStudioProjects\\Rdb-master': {
      moduleName: 'Rdb-master',
      modulePkgPath: 'F:\\DevEcoStudioProjects\\Rdb-master',
      belongProjectPath: 'F:\\DevEcoStudioProjects\\Rdb-master'
    }
  },
  pkgJsonFileHash: '46da2534709c278ef86d256388f30b57',
  allModulePaths: [ 'F:\\DevEcoStudioProjects\\Rdb-master\\entry' ],
  routerMap: {},
  obfuscationOptions: undefined,
  byteCodeHarToDependencyKeys: undefined,
  compileBlockPkg: [],
  mockParams: {
    decorator: '@MockSetup',
    packageName: '@ohos/hamock',
    etsSourceRootPath: 'src/main/ets',
    mockConfigPath: undefined,
    mockConfigKey2ModuleInfo: {},
    source2ModuleIdMap: {}
  },
  copyCodeResourceEnable: true,
  copyCodeResourceExcludes: [],
  copyCodeResourceIncludes: undefined,
  uiTransformOptimization: false,
  sdkPath: 'F:/deveco/DevEco Studio/sdk',
  needPreloadSoFileSet: {},
  preloadSoFilePath: 'F:\\DevEcoStudioProjects\\Rdb-master\\entry\\build\\default\\intermediates\\preload\\default\\preload.json',
  useSourceHash: false,
  localModuleParamMap: {},
  otherPaths: {
    'entry/*': [
      '..\\*',
      '..\\..\\..\\build\\default\\generated\\profile\\default\\*'
    ]
  },
  collectImportersConfig: undefined
}
[2025-11-10T10:32:06.186] [DEBUG] debug-file - Compile arkts with external api path: F:\deveco\DevEco Studio\sdk\default\hms\ets
[2025-11-10T10:32:06.188] [DEBUG] debug-file - default@CompileArkTS work[0] is submitted.
[2025-11-10T10:32:06.189] [DEBUG] debug-file - default@CompileArkTS work[0] is pushed to ready queue.
[2025-11-10T10:32:06.189] [DEBUG] debug-file - A work dispatched to worker[15] failed because unable to get work from ready queue.
[2025-11-10T10:32:06.189] [DEBUG] debug-file - A work dispatched to worker[14] failed because unable to get work from ready queue.
[2025-11-10T10:32:06.189] [DEBUG] debug-file - A work dispatched to worker[13] failed because unable to get work from ready queue.
[2025-11-10T10:32:06.190] [DEBUG] debug-file - A work dispatched to worker[12] failed because unable to get work from ready queue.
[2025-11-10T10:32:06.190] [DEBUG] debug-file - A work dispatched to worker[11] failed because unable to get work from ready queue.
[2025-11-10T10:32:06.190] [DEBUG] debug-file - A work dispatched to worker[10] failed because unable to get work from ready queue.
[2025-11-10T10:32:06.190] [DEBUG] debug-file - A work dispatched to worker[9] failed because unable to get work from ready queue.
[2025-11-10T10:32:06.190] [DEBUG] debug-file - A work dispatched to worker[8] failed because unable to get work from ready queue.
[2025-11-10T10:32:06.190] [DEBUG] debug-file - A work dispatched to worker[7] failed because unable to get work from ready queue.
[2025-11-10T10:32:06.190] [DEBUG] debug-file - A work dispatched to worker[6] failed because unable to get work from ready queue.
[2025-11-10T10:32:06.190] [DEBUG] debug-file - A work dispatched to worker[5] failed because unable to get work from ready queue.
[2025-11-10T10:32:06.190] [DEBUG] debug-file - Create  resident worker with id: 4.
[2025-11-10T10:32:06.192] [DEBUG] debug-file - default@CompileArkTS work[0] has been dispatched to worker[4].
[2025-11-10T10:32:06.192] [DEBUG] debug-file - default@CompileArkTS work[0] is dispatched.
[2025-11-10T10:32:06.192] [DEBUG] debug-file - CopyResources startTime: 6931902632200
[2025-11-10T10:32:06.192] [DEBUG] debug-file - default@CompileArkTS work[1] is submitted.
[2025-11-10T10:32:06.192] [DEBUG] debug-file - default@CompileArkTS work[1] is pushed to ready queue.
[2025-11-10T10:32:06.192] [DEBUG] debug-file - A work dispatched to worker[15] failed because unable to get work from ready queue.
[2025-11-10T10:32:06.192] [DEBUG] debug-file - Create  resident worker with id: 14.
[2025-11-10T10:32:06.193] [DEBUG] debug-file - default@CompileArkTS work[1] has been dispatched to worker[14].
[2025-11-10T10:32:06.193] [DEBUG] debug-file - default@CompileArkTS work[1] is dispatched.
[2025-11-10T10:32:06.193] [DEBUG] debug-file - entry : default@CompileArkTS cost memory -0.33629608154296875
[2025-11-10T10:32:06.195] [DEBUG] debug-file - Executing task :entry:default@BuildJS
[2025-11-10T10:32:06.201] [DEBUG] debug-file - entry : default@BuildJS cost memory 0.11768341064453125
[2025-11-10T10:32:06.201] [DEBUG] debug-file - runTaskFromQueue task cost before running: 1 s 32 ms 
[2025-11-10T10:32:06.201] [INFO] debug-file - Finished :entry:default@BuildJS... after 6 ms 
[2025-11-10T10:32:06.203] [DEBUG] debug-file - Executing task :entry:default@CacheNativeLibs
[2025-11-10T10:32:06.204] [DEBUG] debug-file - Task 'entry:default@CacheNativeLibs' cost while wrapping incremental declarations: 1 ms 
[2025-11-10T10:32:06.207] [DEBUG] debug-file - Incremental task entry:default@CacheNativeLibs pre-execution cost: 3 ms .
[2025-11-10T10:32:06.207] [DEBUG] debug-file - entry : default@CacheNativeLibs cost memory 0.0994415283203125
[2025-11-10T10:32:06.208] [INFO] debug-file - UP-TO-DATE :entry:default@CacheNativeLibs...  
[2025-11-10T10:32:07.818] [DEBUG] debug-file - worker[14] has one work done.
[2025-11-10T10:32:07.818] [DEBUG] debug-file - CopyResources is end, endTime: 6933528942100
[2025-11-10T10:32:07.818] [DEBUG] debug-file - default@CompileArkTS work[1] done.
[2025-11-10T10:32:07.819] [DEBUG] debug-file - A work dispatched to worker[14] failed because unable to get work from ready queue.
[2025-11-10T10:32:17.177] [DEBUG] debug-file - worker[4] has one work done.
[2025-11-10T10:32:17.178] [DEBUG] debug-file - Ark compile task finished.finished time is 6942887810600
[2025-11-10T10:32:17.180] [DEBUG] debug-file - default@CompileArkTS work[0] done.
[2025-11-10T10:32:17.181] [DEBUG] debug-file - A work dispatched to worker[4] failed because unable to get work from ready queue.
[2025-11-10T10:32:17.184] [INFO] debug-file - Finished :entry:default@CompileArkTS... after 6 s 511 ms 
[2025-11-10T10:32:17.185] [DEBUG] debug-file - Executing task :entry:default@GeneratePkgModuleJson
[2025-11-10T10:32:17.186] [DEBUG] debug-file - File: 'F:\DevEcoStudioProjects\Rdb-master\entry\build\default\intermediates\preload\default\preload.json' from 'preloadSoJsonPath' is not exists, just ignore.
[2025-11-10T10:32:17.186] [DEBUG] debug-file - Task 'entry:default@GeneratePkgModuleJson' cost while wrapping incremental declarations: 1 ms 
[2025-11-10T10:32:17.187] [DEBUG] debug-file - entry:default@GeneratePkgModuleJson is not up-to-date, since the input file 'F:\DevEcoStudioProjects\Rdb-master\entry\build\default\intermediates\res\default\module.json' has been changed.
[2025-11-10T10:32:17.187] [DEBUG] debug-file - Incremental task entry:default@GeneratePkgModuleJson pre-execution cost: 1 ms .
[2025-11-10T10:32:17.190] [DEBUG] debug-file - entry : default@GeneratePkgModuleJson cost memory 0.12123870849609375
[2025-11-10T10:32:17.190] [DEBUG] debug-file - runTaskFromQueue task cost before running: 12 s 22 ms 
[2025-11-10T10:32:17.191] [INFO] debug-file - Finished :entry:default@GeneratePkgModuleJson... after 6 ms 
[2025-11-10T10:32:17.192] [DEBUG] debug-file - Executing task :entry:default@ProcessCompiledResources
[2025-11-10T10:32:17.192] [DEBUG] debug-file - File: 'F:\DevEcoStudioProjects\Rdb-master\entry\build\default\intermediates\preload\default\preload.json' from 'preloadSoJsonPath' is not exists, just ignore.
[2025-11-10T10:32:17.193] [DEBUG] debug-file - Task 'entry:default@ProcessCompiledResources' cost while wrapping incremental declarations: 1 ms 
[2025-11-10T10:32:17.193] [DEBUG] debug-file - entry : default@ProcessCompiledResources cost memory 0.0633697509765625
[2025-11-10T10:32:17.193] [DEBUG] debug-file - runTaskFromQueue task cost before running: 12 s 24 ms 
[2025-11-10T10:32:17.193] [INFO] debug-file - Finished :entry:default@ProcessCompiledResources... after 1 ms 
[2025-11-10T10:32:17.196] [DEBUG] debug-file - Executing task :entry:default@PackageHap
[2025-11-10T10:32:17.205] [DEBUG] debug-file - entry:default@PackageHap is not up-to-date, since the input file 'F:\DevEcoStudioProjects\Rdb-master\entry\build\default\intermediates\res\default\module.json' has been changed.
[2025-11-10T10:32:17.205] [DEBUG] debug-file - Incremental task entry:default@PackageHap pre-execution cost: 7 ms .
[2025-11-10T10:32:17.207] [DEBUG] debug-file - Use tool [F:\deveco\DevEco Studio\sdk\default\openharmony\toolchains\lib\app_packing_tool.jar]
 [
  'java',
  '-Dfile.encoding=GBK',
  '-jar',
  'F:\\deveco\\DevEco Studio\\sdk\\default\\openharmony\\toolchains\\lib\\app_packing_tool.jar',
  '--mode',
  'hap',
  '--force',
  'true',
  '--lib-path',
  'F:\\DevEcoStudioProjects\\Rdb-master\\entry\\build\\default\\intermediates\\stripped_native_libs\\default',
  '--json-path',
  'F:\\DevEcoStudioProjects\\Rdb-master\\entry\\build\\default\\intermediates\\package\\default\\module.json',
  '--resources-path',
  'F:\\DevEcoStudioProjects\\Rdb-master\\entry\\build\\default\\intermediates\\res\\default\\resources',
  '--index-path',
  'F:\\DevEcoStudioProjects\\Rdb-master\\entry\\build\\default\\intermediates\\res\\default\\resources.index',
  '--pack-info-path',
  'F:\\DevEcoStudioProjects\\Rdb-master\\entry\\build\\default\\outputs\\default\\pack.info',
  '--out-path',
  'F:\\DevEcoStudioProjects\\Rdb-master\\entry\\build\\default\\outputs\\default\\entry-default-unsigned.hap',
  '--ets-path',
  'F:\\DevEcoStudioProjects\\Rdb-master\\entry\\build\\default\\intermediates\\loader_out\\default\\ets'
]
[2025-11-10T10:32:17.626] [DEBUG] debug-file - java daemon socket received message:{"code":0,"message":"pack success"}
[2025-11-10T10:32:17.635] [DEBUG] debug-file - entry : default@PackageHap cost memory -1.1360931396484375
[2025-11-10T10:32:17.635] [DEBUG] debug-file - runTaskFromQueue task cost before running: 12 s 467 ms 
[2025-11-10T10:32:17.637] [INFO] debug-file - Finished :entry:default@PackageHap... after 440 ms 
[2025-11-10T10:32:17.639] [DEBUG] debug-file - Executing task :entry:default@PackingCheck
[2025-11-10T10:32:17.651] [DEBUG] debug-file - entry : default@PackingCheck cost memory -0.0189666748046875
[2025-11-10T10:32:17.651] [DEBUG] debug-file - runTaskFromQueue task cost before running: 12 s 482 ms 
[2025-11-10T10:32:17.651] [INFO] debug-file - Finished :entry:default@PackingCheck... after 13 ms 
[2025-11-10T10:32:17.654] [DEBUG] debug-file - Executing task :entry:default@SignHap
[2025-11-10T10:32:17.654] [WARN] debug-file - Will skip sign 'hos_hap'. No signingConfigs profile is configured in current project.
             If needed, configure the signingConfigs in F:\DevEcoStudioProjects\Rdb-master\build-profile.json5.
[2025-11-10T10:32:17.656] [DEBUG] debug-file - entry:default@SignHap is not up-to-date, since the input file 'F:\DevEcoStudioProjects\Rdb-master\entry\build\default\outputs\default\entry-default-unsigned.hap' has been changed.
[2025-11-10T10:32:17.656] [DEBUG] debug-file - Incremental task entry:default@SignHap pre-execution cost: 2 ms .
[2025-11-10T10:32:17.657] [DEBUG] debug-file - entry : default@SignHap cost memory 0.09853363037109375
[2025-11-10T10:32:17.657] [DEBUG] debug-file - runTaskFromQueue task cost before running: 12 s 488 ms 
[2025-11-10T10:32:17.657] [INFO] debug-file - Finished :entry:default@SignHap... after 4 ms 
[2025-11-10T10:32:17.659] [DEBUG] debug-file - Executing task :entry:default@CollectDebugSymbol
[2025-11-10T10:32:17.661] [DEBUG] debug-file - entry : default@CollectDebugSymbol cost memory 0.08861541748046875
[2025-11-10T10:32:17.661] [DEBUG] debug-file - runTaskFromQueue task cost before running: 12 s 492 ms 
[2025-11-10T10:32:17.661] [INFO] debug-file - Finished :entry:default@CollectDebugSymbol... after 3 ms 
[2025-11-10T10:32:17.662] [DEBUG] debug-file - Executing task :entry:assembleHap
[2025-11-10T10:32:17.662] [DEBUG] debug-file - entry : assembleHap cost memory 0.01428985595703125
[2025-11-10T10:32:17.662] [DEBUG] debug-file - runTaskFromQueue task cost before running: 12 s 493 ms 
[2025-11-10T10:32:17.662] [INFO] debug-file - Finished :entry:assembleHap... after 1 ms 
[2025-11-10T10:32:17.674] [INFO] debug-file - BUILD SUCCESSFUL in 12 s 505 ms 
[2025-11-10T10:32:17.675] [DEBUG] debug-file - There is no need to refresh cache, since the incremental task entry:default@PreBuild is up-to-date.
[2025-11-10T10:32:17.675] [DEBUG] debug-file - Update task entry:default@CreateModuleInfo output file:F:\DevEcoStudioProjects\Rdb-master\entry\build\default\generated\profile\default\ModuleInfo.ts cache.
[2025-11-10T10:32:17.675] [DEBUG] debug-file - Incremental task entry:default@CreateModuleInfo post-execution cost:1 ms .
[2025-11-10T10:32:17.675] [DEBUG] debug-file - There is no need to refresh cache, since the incremental task entry:default@GenerateMetadata is up-to-date.
[2025-11-10T10:32:17.675] [DEBUG] debug-file - Update task entry:default@MergeProfile input file:F:\DevEcoStudioProjects\Rdb-master\AppScope\app.json5 cache by regenerate.
[2025-11-10T10:32:17.676] [DEBUG] debug-file - Update task entry:default@MergeProfile input file:F:\DevEcoStudioProjects\Rdb-master\build-profile.json5 cache by regenerate.
[2025-11-10T10:32:17.676] [DEBUG] debug-file - Update task entry:default@MergeProfile input file:F:\DevEcoStudioProjects\Rdb-master\entry\src\main\module.json5 cache by regenerate.
[2025-11-10T10:32:17.677] [DEBUG] debug-file - Update task entry:default@MergeProfile output file:F:\DevEcoStudioProjects\Rdb-master\entry\build\default\intermediates\merge_profile\default\module.json cache.
[2025-11-10T10:32:17.677] [DEBUG] debug-file - Incremental task entry:default@MergeProfile post-execution cost:3 ms .
[2025-11-10T10:32:17.677] [DEBUG] debug-file - Update task entry:default@CreateBuildProfile input file:F:\DevEcoStudioProjects\Rdb-master\AppScope\app.json5 cache by regenerate.
[2025-11-10T10:32:17.678] [DEBUG] debug-file - Update task entry:default@CreateBuildProfile input file:F:\DevEcoStudioProjects\Rdb-master\build-profile.json5 cache by regenerate.
[2025-11-10T10:32:17.678] [DEBUG] debug-file - Update task entry:default@CreateBuildProfile output file:F:\DevEcoStudioProjects\Rdb-master\entry\build\default\generated\profile\default\BuildProfile.ets cache.
[2025-11-10T10:32:17.679] [DEBUG] debug-file - Incremental task entry:default@CreateBuildProfile post-execution cost:2 ms .
[2025-11-10T10:32:17.679] [DEBUG] debug-file - Update task entry:default@GeneratePkgContextInfo output file:F:\DevEcoStudioProjects\Rdb-master\entry\build\default\intermediates\loader\default\pkgContextInfo.json cache.
[2025-11-10T10:32:17.679] [DEBUG] debug-file - Incremental task entry:default@GeneratePkgContextInfo post-execution cost:1 ms .
[2025-11-10T10:32:17.680] [DEBUG] debug-file - Update task entry:default@ProcessIntegratedHsp output file:F:\DevEcoStudioProjects\Rdb-master\build\cache\default\integrated_hsp\integratedHspCache.json cache.
[2025-11-10T10:32:17.680] [DEBUG] debug-file - Incremental task entry:default@ProcessIntegratedHsp post-execution cost:1 ms .
[2025-11-10T10:32:17.680] [DEBUG] debug-file - There is no need to refresh cache, since the incremental task entry:default@MakePackInfo is up-to-date.
[2025-11-10T10:32:17.680] [DEBUG] debug-file - Update task entry:default@SyscapTransform input file:F:\deveco\DevEco Studio\sdk\default\openharmony\toolchains\syscap_tool.exe cache by regenerate.
[2025-11-10T10:32:17.680] [DEBUG] debug-file - Update task entry:default@SyscapTransform input file:F:\deveco\DevEco Studio\sdk\default\openharmony\ets\api\device-define cache by regenerate.
[2025-11-10T10:32:17.683] [DEBUG] debug-file - Update task entry:default@SyscapTransform output file:F:\DevEcoStudioProjects\Rdb-master\entry\build\default\intermediates\syscap\default\rpcid.sc cache.
[2025-11-10T10:32:17.684] [DEBUG] debug-file - Incremental task entry:default@SyscapTransform post-execution cost:4 ms .
[2025-11-10T10:32:17.684] [DEBUG] debug-file - Update task entry:default@ProcessProfile input file:F:\DevEcoStudioProjects\Rdb-master\entry\build\default\intermediates\merge_profile\default\module.json cache from map.
[2025-11-10T10:32:17.684] [DEBUG] debug-file - Update task entry:default@ProcessProfile output file:F:\DevEcoStudioProjects\Rdb-master\entry\build\default\intermediates\process_profile\default\module.json cache.
[2025-11-10T10:32:17.684] [DEBUG] debug-file - Incremental task entry:default@ProcessProfile post-execution cost:1 ms .
[2025-11-10T10:32:17.685] [DEBUG] debug-file - Update task entry:default@ProcessRouterMap input file:F:\DevEcoStudioProjects\Rdb-master\entry\oh-package.json5 cache by regenerate.
[2025-11-10T10:32:17.685] [DEBUG] debug-file - Update task entry:default@ProcessRouterMap input file:F:\DevEcoStudioProjects\Rdb-master\oh-package.json5 cache by regenerate.
[2025-11-10T10:32:17.686] [DEBUG] debug-file - Update task entry:default@ProcessRouterMap input file:F:\DevEcoStudioProjects\Rdb-master\entry\src\main\module.json5 cache by regenerate.
[2025-11-10T10:32:17.686] [DEBUG] debug-file - Update task entry:default@ProcessRouterMap output file:F:\DevEcoStudioProjects\Rdb-master\entry\build\default\intermediates\router_map\default\temp-router-map.json cache.
[2025-11-10T10:32:17.687] [DEBUG] debug-file - Update task entry:default@ProcessRouterMap output file:F:\DevEcoStudioProjects\Rdb-master\entry\build\default\intermediates\router_map\default\loader-router-map.json cache.
[2025-11-10T10:32:17.687] [DEBUG] debug-file - Incremental task entry:default@ProcessRouterMap post-execution cost:3 ms .
[2025-11-10T10:32:17.688] [DEBUG] debug-file - Update task entry:default@ProcessShareConfig input file:F:\DevEcoStudioProjects\Rdb-master\entry\oh-package.json5 cache by regenerate.
[2025-11-10T10:32:17.688] [DEBUG] debug-file - Update task entry:default@ProcessShareConfig input file:F:\DevEcoStudioProjects\Rdb-master\oh-package.json5 cache by regenerate.
[2025-11-10T10:32:17.688] [DEBUG] debug-file - Update task entry:default@ProcessShareConfig input file:F:\DevEcoStudioProjects\Rdb-master\entry\src\main\module.json5 cache by regenerate.
[2025-11-10T10:32:17.689] [DEBUG] debug-file - Update task entry:default@ProcessShareConfig output file:F:\DevEcoStudioProjects\Rdb-master\entry\build\default\intermediates\share_config\default\temp-share-config.json cache.
[2025-11-10T10:32:17.689] [DEBUG] debug-file - Incremental task entry:default@ProcessShareConfig post-execution cost:3 ms .
[2025-11-10T10:32:17.690] [DEBUG] debug-file - Update task entry:default@ProcessStartupConfig output file:F:\DevEcoStudioProjects\Rdb-master\entry\build\default\intermediates\startup\default\startup_config.json cache.
[2025-11-10T10:32:17.690] [DEBUG] debug-file - Incremental task entry:default@ProcessStartupConfig post-execution cost:1 ms .
[2025-11-10T10:32:17.690] [DEBUG] debug-file - There is no need to refresh cache, since the incremental task entry:default@ProcessResource is up-to-date.
[2025-11-10T10:32:17.692] [DEBUG] debug-file - Update task entry:default@GenerateLoaderJson input file:F:\DevEcoStudioProjects\Rdb-master\entry\build\default\intermediates\router_map\default\temp-router-map.json cache from map.
[2025-11-10T10:32:17.692] [DEBUG] debug-file - Update task entry:default@GenerateLoaderJson output file:F:\DevEcoStudioProjects\Rdb-master\entry\build\default\intermediates\loader\default\loader.json cache.
[2025-11-10T10:32:17.693] [DEBUG] debug-file - Incremental task entry:default@GenerateLoaderJson post-execution cost:3 ms .
[2025-11-10T10:32:17.693] [DEBUG] debug-file - There is no need to refresh cache, since the incremental task entry:default@ProcessLibs is up-to-date.
[2025-11-10T10:32:17.695] [DEBUG] debug-file - Update task entry:default@CompileResource input file:F:\DevEcoStudioProjects\Rdb-master\entry\src\main\resources cache by regenerate.
[2025-11-10T10:32:17.712] [DEBUG] debug-file - Update task entry:default@CompileResource input file:F:\DevEcoStudioProjects\Rdb-master\AppScope\resources cache by regenerate.
[2025-11-10T10:32:17.715] [DEBUG] debug-file - Update task entry:default@CompileResource input file:F:\DevEcoStudioProjects\Rdb-master\entry\build\default\intermediates\process_profile\default\module.json cache from map.
[2025-11-10T10:32:17.715] [DEBUG] debug-file - Update task entry:default@CompileResource input file:F:\DevEcoStudioProjects\Rdb-master\entry\build\default\intermediates\res\default\resConfig.json cache by regenerate.
[2025-11-10T10:32:17.716] [DEBUG] debug-file - Update task entry:default@CompileResource output file:F:\DevEcoStudioProjects\Rdb-master\entry\build\default\intermediates\res\default cache.
[2025-11-10T10:32:17.735] [DEBUG] debug-file - Update task entry:default@CompileResource output file:F:\DevEcoStudioProjects\Rdb-master\entry\build\default\generated\r\default\ResourceTable.h cache.
[2025-11-10T10:32:17.735] [DEBUG] debug-file - Update task entry:default@CompileResource output file:F:\DevEcoStudioProjects\Rdb-master\entry\build\default\generated\r\default cache.
[2025-11-10T10:32:17.736] [DEBUG] debug-file - Incremental task entry:default@CompileResource post-execution cost:44 ms .
[2025-11-10T10:32:17.736] [DEBUG] debug-file - There is no need to refresh cache, since the incremental task entry:default@DoNativeStrip is up-to-date.
[2025-11-10T10:32:17.740] [DEBUG] debug-file - Update task entry:default@CompileArkTS input file:F:\DevEcoStudioProjects\Rdb-master\entry\build\default\intermediates\loader\default cache from map.
[2025-11-10T10:32:17.740] [DEBUG] debug-file - Update task entry:default@CompileArkTS input file:F:\DevEcoStudioProjects\Rdb-master\entry\build\default\intermediates\res\default\resources\rawfile cache by regenerate.
[2025-11-10T10:32:17.750] [DEBUG] debug-file - Update task entry:default@CompileArkTS input file:F:\DevEcoStudioProjects\Rdb-master\entry\build\default\intermediates\res\default\ResourceTable.txt cache by regenerate.
[2025-11-10T10:32:17.751] [DEBUG] debug-file - Update task entry:default@CompileArkTS input file:F:\DevEcoStudioProjects\Rdb-master\entry\build\default\intermediates\res\default\ark_module.json cache by regenerate.
[2025-11-10T10:32:17.751] [DEBUG] debug-file - Update task entry:default@CompileArkTS input file:F:\DevEcoStudioProjects\Rdb-master\entry\build\default\intermediates\res\default\resources\base\profile cache by regenerate.
[2025-11-10T10:32:17.752] [DEBUG] debug-file - Update task entry:default@CompileArkTS input file:F:\DevEcoStudioProjects\Rdb-master\entry\src\main\ets cache by regenerate.
[2025-11-10T10:32:17.759] [DEBUG] debug-file - Update task entry:default@CompileArkTS input file:F:\DevEcoStudioProjects\Rdb-master\entry\build\default\generated\profile\default\BuildProfile.ets cache by regenerate.
[2025-11-10T10:32:17.760] [DEBUG] debug-file - Update task entry:default@CompileArkTS output file:F:\DevEcoStudioProjects\Rdb-master\entry\build\default\intermediates\loader_out\default\ets cache.
[2025-11-10T10:32:17.762] [DEBUG] debug-file - Incremental task entry:default@CompileArkTS post-execution cost:26 ms .
[2025-11-10T10:32:17.765] [DEBUG] debug-file - Update task entry:default@BuildJS input file:F:\DevEcoStudioProjects\Rdb-master\entry\build\default\intermediates\loader\default cache by regenerate.
[2025-11-10T10:32:17.766] [DEBUG] debug-file - Update task entry:default@BuildJS input file:F:\DevEcoStudioProjects\Rdb-master\entry\build\default\intermediates\res\default\resources\rawfile cache by regenerate.
[2025-11-10T10:32:17.778] [DEBUG] debug-file - Update task entry:default@BuildJS input file:F:\DevEcoStudioProjects\Rdb-master\entry\build\default\intermediates\res\default\ResourceTable.txt cache by regenerate.
[2025-11-10T10:32:17.778] [DEBUG] debug-file - Update task entry:default@BuildJS input file:F:\DevEcoStudioProjects\Rdb-master\entry\build\default\intermediates\res\default\ark_module.json cache by regenerate.
[2025-11-10T10:32:17.779] [DEBUG] debug-file - Update task entry:default@BuildJS input file:F:\DevEcoStudioProjects\Rdb-master\entry\build\default\intermediates\res\default\resources\base\profile cache by regenerate.
[2025-11-10T10:32:17.780] [DEBUG] debug-file - Update task entry:default@BuildJS output file:F:\DevEcoStudioProjects\Rdb-master\entry\build\default\intermediates\loader_out\default\js cache.
[2025-11-10T10:32:17.780] [DEBUG] debug-file - Incremental task entry:default@BuildJS post-execution cost:19 ms .
[2025-11-10T10:32:17.780] [DEBUG] debug-file - There is no need to refresh cache, since the incremental task entry:default@CacheNativeLibs is up-to-date.
[2025-11-10T10:32:17.781] [DEBUG] debug-file - Update task entry:default@GeneratePkgModuleJson input file:F:\DevEcoStudioProjects\Rdb-master\entry\build\default\intermediates\res\default\module.json cache from map.
[2025-11-10T10:32:17.781] [DEBUG] debug-file - Update task entry:default@GeneratePkgModuleJson output file:F:\DevEcoStudioProjects\Rdb-master\entry\build\default\intermediates\package\default\module.json cache.
[2025-11-10T10:32:17.781] [DEBUG] debug-file - Incremental task entry:default@GeneratePkgModuleJson post-execution cost:1 ms .
[2025-11-10T10:32:17.781] [DEBUG] debug-file - Incremental task entry:default@ProcessCompiledResources post-execution cost:1 ms .
[2025-11-10T10:32:17.783] [DEBUG] debug-file - Update task entry:default@PackageHap input file:F:\DevEcoStudioProjects\Rdb-master\entry\build\default\intermediates\stripped_native_libs\default cache by regenerate.
[2025-11-10T10:32:17.783] [DEBUG] debug-file - Update task entry:default@PackageHap input file:F:\DevEcoStudioProjects\Rdb-master\entry\build\default\intermediates\res\default\module.json cache from map.
[2025-11-10T10:32:17.783] [DEBUG] debug-file - Update task entry:default@PackageHap input file:F:\DevEcoStudioProjects\Rdb-master\entry\build\default\intermediates\res\default\resources cache by regenerate.
[2025-11-10T10:32:17.797] [DEBUG] debug-file - Update task entry:default@PackageHap input file:F:\DevEcoStudioProjects\Rdb-master\entry\build\default\intermediates\res\default\resources.index cache by regenerate.
[2025-11-10T10:32:17.797] [DEBUG] debug-file - Update task entry:default@PackageHap input file:F:\DevEcoStudioProjects\Rdb-master\entry\build\default\outputs\default\pack.info cache by regenerate.
[2025-11-10T10:32:17.798] [DEBUG] debug-file - Update task entry:default@PackageHap input file:F:\DevEcoStudioProjects\Rdb-master\entry\build\default\intermediates\loader_out\default\ets cache by regenerate.
[2025-11-10T10:32:17.799] [DEBUG] debug-file - Update task entry:default@PackageHap input file:F:\DevEcoStudioProjects\Rdb-master\entry\build\default\intermediates\loader_out\default\ets\sourceMaps.map cache by regenerate.
[2025-11-10T10:32:17.800] [DEBUG] debug-file - Update task entry:default@PackageHap input file:F:\DevEcoStudioProjects\Rdb-master\entry\build\default\generated\profile\default\BuildProfile.ets cache by regenerate.
[2025-11-10T10:32:17.800] [DEBUG] debug-file - Update task entry:default@PackageHap output file:F:\DevEcoStudioProjects\Rdb-master\entry\build\default\outputs\default\entry-default-unsigned.hap cache.
[2025-11-10T10:32:17.801] [DEBUG] debug-file - Update task entry:default@PackageHap output file:F:\DevEcoStudioProjects\Rdb-master\entry\build\default\intermediates\source_map\default\sourceMaps.map cache.
[2025-11-10T10:32:17.801] [DEBUG] debug-file - Update task entry:default@PackageHap output file:F:\DevEcoStudioProjects\Rdb-master\entry\build\default\outputs\default\mapping\sourceMaps.map cache.
[2025-11-10T10:32:17.802] [DEBUG] debug-file - Incremental task entry:default@PackageHap post-execution cost:21 ms .
[2025-11-10T10:32:17.802] [DEBUG] debug-file - Update task entry:default@SignHap input file:F:\DevEcoStudioProjects\Rdb-master\entry\build\default\outputs\default\entry-default-unsigned.hap cache from map.
[2025-11-10T10:32:17.802] [DEBUG] debug-file - Update task entry:default@SignHap output file:F:\DevEcoStudioProjects\Rdb-master\entry\build\default\outputs\default\entry-default-signed.hap cache.
[2025-11-10T10:32:17.803] [DEBUG] debug-file - Incremental task entry:default@SignHap post-execution cost:1 ms .
[2025-11-10T10:32:17.803] [DEBUG] debug-file - Update task entry:default@CollectDebugSymbol input file:F:\DevEcoStudioProjects\Rdb-master\entry\build\default\intermediates\loader_out\default\ets\sourceMaps.map cache by regenerate.
[2025-11-10T10:32:17.804] [DEBUG] debug-file - Update task entry:default@CollectDebugSymbol input file:F:\DevEcoStudioProjects\Rdb-master\entry\build\default\intermediates\libs\default cache by regenerate.
[2025-11-10T10:32:17.805] [DEBUG] debug-file - Update task entry:default@CollectDebugSymbol output file:F:\DevEcoStudioProjects\Rdb-master\entry\build\default\outputs\default\symbol cache.
[2025-11-10T10:32:17.805] [DEBUG] debug-file - Incremental task entry:default@CollectDebugSymbol post-execution cost:3 ms .
[2025-11-10T10:32:17.836] [DEBUG] debug-file - Cleanup worker 14.
[2025-11-10T10:32:17.837] [DEBUG] debug-file - Worker 14 has been cleaned up.
[2025-11-10T10:32:17.837] [DEBUG] debug-file - Current idle worker size: 1.
[2025-11-10T10:32:17.837] [DEBUG] debug-file - Current resident worker size: 2.
[2025-11-10T10:32:17.838] [DEBUG] debug-file - hvigor build process will be closed.
[2025-11-10T10:32:17.838] [DEBUG] debug-file - java daemon socket close code:1000 reason:close by user
[2025-11-10T10:32:17.841] [DEBUG] debug-file - worker[14] exits with exit code 1.
[2025-11-10T10:32:17.848] [DEBUG] debug-file - session manager: send message to worker process.
[2025-11-10T10:32:17.850] [DEBUG] debug-file - session manager: send message to worker process.
[2025-11-10T10:32:17.849] [DEBUG] debug-file - watch worker: worker id should be larger than 0. Nothing will be sent to any worker thread.
[2025-11-10T10:32:17.850] [DEBUG] debug-file - watch worker: worker id should be larger than 0. Nothing will be sent to any worker thread.
[2025-11-10T10:34:21.498] [DEBUG] debug-file - session manager: set active socket. socketId=qbgm3-3w65Ue6UMdAAAH
[2025-11-10T10:34:21.517] [DEBUG] debug-file - watch worker: worker id should be larger than 0. Nothing will be sent to any worker thread.
[2025-11-10T10:34:21.528] [DEBUG] debug-file - Hvigor init with startParameters:{
  hvigorfileTypeCheck: false,
  parallelExecution: true,
  incrementalExecution: true,
  printStackTrace: false,
  daemon: true,
  analyze: 0,
  logLevel: Level { level: 20000, levelStr: 'INFO', colour: 'green' },
  optimizationStrategy: 'memory',
  hotCompile: undefined,
  hotReloadBuild: undefined
}
[2025-11-10T10:34:21.535] [DEBUG] debug-file - Cache service initialization finished in 7 ms 
[2025-11-10T10:34:21.537] [DEBUG] debug-file - hvigorfile, resolving F:\DevEcoStudioProjects\Rdb-master\hvigorfile.ts
[2025-11-10T10:34:21.545] [DEBUG] debug-file - hvigorfile, require result:  {}
[2025-11-10T10:34:21.545] [DEBUG] debug-file - hvigorfile, binding system plugins {}
[2025-11-10T10:34:21.557] [DEBUG] debug-file - Start initialize project's product build option map with build mode debug.
[2025-11-10T10:34:21.557] [DEBUG] debug-file - Picking option from product 'default' with build mode 'debug'.
[2025-11-10T10:34:21.557] [DEBUG] debug-file - Product 'default' build option initialized
[2025-11-10T10:34:21.558] [DEBUG] debug-file - End initialize project's product build option map with build mode 'debug'.
[2025-11-10T10:34:21.559] [DEBUG] debug-file - Obtain build option for product 'default'in this build.
[2025-11-10T10:34:21.561] [DEBUG] debug-file - No signingConfig found, initRemoteHspCache failed.
[2025-11-10T10:34:21.571] [DEBUG] debug-file - Start recording SDK configuration permission data.
[2025-11-10T10:34:21.620] [DEBUG] debug-file - Sdk init in 58 ms 
[2025-11-10T10:34:21.629] [DEBUG] debug-file - Project task initialization takes 8 ms 
[2025-11-10T10:34:21.629] [DEBUG] debug-file - hvigorfile, resolve finished F:\DevEcoStudioProjects\Rdb-master\hvigorfile.ts
[2025-11-10T10:34:21.630] [DEBUG] debug-file - hvigorfile, resolving F:\DevEcoStudioProjects\Rdb-master\entry\hvigorfile.ts
[2025-11-10T10:34:21.636] [DEBUG] debug-file - hvigorfile, require result:  {}
[2025-11-10T10:34:21.636] [DEBUG] debug-file - hvigorfile, binding system plugins {}
[2025-11-10T10:34:21.640] [DEBUG] debug-file - failed to load cangjie to dynamically generate schemas: Error: Cannot find module '@ohos/cangjie-build-support/index'
Require stack:
- F:\deveco\DevEco Studio\tools\hvigor\hvigor-ohos-plugin\src\plugin\factory\plugin-factory.js
- F:\deveco\DevEco Studio\tools\hvigor\hvigor-ohos-plugin\index.js
- F:\DevEcoStudioProjects\Rdb-master\hvigorfile.ts
- F:\deveco\DevEco Studio\tools\hvigor\hvigor\src\base\internal\lifecycle\configuration.js
- F:\deveco\DevEco Studio\tools\hvigor\hvigor\src\base\boot\index.js
- F:\deveco\DevEco Studio\tools\hvigor\hvigor\src\base\daemon\cluster\worker-process-lifecycle.js
- F:\deveco\DevEco Studio\tools\hvigor\hvigor\src\base\daemon\process\daemon-process-boot-script.js
[2025-11-10T10:34:21.644] [DEBUG] debug-file - Start initialize module-target build option map, moduleName=entry, buildMode=release
[2025-11-10T10:34:21.644] [DEBUG] debug-file - Target 'default' config initialized
[2025-11-10T10:34:21.644] [DEBUG] debug-file - Module 'entry' target 'default' build option initialized
[2025-11-10T10:34:21.644] [DEBUG] debug-file - End initialize module-target build option map, moduleName=entry
[2025-11-10T10:34:21.644] [DEBUG] debug-file - Start initialize module-target build option map, moduleName=entry, buildMode=debug
[2025-11-10T10:34:21.645] [DEBUG] debug-file - Target 'default' config initialized
[2025-11-10T10:34:21.645] [DEBUG] debug-file - Module 'entry' target 'default' build option initialized
[2025-11-10T10:34:21.645] [DEBUG] debug-file - End initialize module-target build option map, moduleName=entry
[2025-11-10T10:34:21.645] [DEBUG] debug-file - Start initialize module-target build option map, moduleName=entry, buildMode=debug
[2025-11-10T10:34:21.645] [DEBUG] debug-file - Target 'default' config initialized
[2025-11-10T10:34:21.645] [DEBUG] debug-file - Module 'entry' target 'default' build option initialized
[2025-11-10T10:34:21.646] [DEBUG] debug-file - End initialize module-target build option map, moduleName=entry
[2025-11-10T10:34:21.646] [DEBUG] debug-file - Obtain build option for module 'entry' target 'default'in this build.
[2025-11-10T10:34:21.649] [DEBUG] debug-file - Module entry task initialization takes 2 ms 
[2025-11-10T10:34:21.649] [DEBUG] debug-file - hvigorfile, resolve finished F:\DevEcoStudioProjects\Rdb-master\entry\hvigorfile.ts
[2025-11-10T10:34:21.670] [DEBUG] debug-file - hvigorfile, resolve hvigorfile dependencies in 21 ms 
[2025-11-10T10:34:21.670] [DEBUG] debug-file - project has submodules:entry
[2025-11-10T10:34:21.673] [DEBUG] debug-file - start to load updatedOhPackageInfo to the disk
[2025-11-10T10:34:21.687] [DEBUG] debug-file - load to the disk finished
[2025-11-10T10:34:21.689] [DEBUG] debug-file - Start to initialize dependency information.
[2025-11-10T10:34:21.691] [DEBUG] debug-file - Module Rdb-master Collected Dependency: 
[2025-11-10T10:34:21.691] [DEBUG] debug-file - Module Rdb-master's total dependency: 0
[2025-11-10T10:34:21.692] [DEBUG] debug-file - Start to initialize dependency information.
[2025-11-10T10:34:21.699] [DEBUG] debug-file - Module entry Collected Dependency: 
[2025-11-10T10:34:21.699] [DEBUG] debug-file - Module entry's total dependency: 0
[2025-11-10T10:34:21.702] [DEBUG] debug-file - Configuration phase cost:168 ms 
[2025-11-10T10:34:21.703] [DEBUG] debug-file - Configuration task cost before running: 181 ms 
[2025-11-10T10:34:21.713] [DEBUG] debug-file - Executing task :entry:default@PreBuild
[2025-11-10T10:34:21.714] [DEBUG] debug-file - Task 'entry:default@PreBuild' cost while wrapping incremental declarations: 1 ms 
[2025-11-10T10:34:21.738] [DEBUG] debug-file - Incremental task entry:default@PreBuild pre-execution cost: 16 ms .
[2025-11-10T10:34:21.738] [DEBUG] debug-file - entry : default@PreBuild cost memory 0.29205322265625
[2025-11-10T10:34:21.746] [INFO] debug-file - UP-TO-DATE :entry:default@PreBuild...  
[2025-11-10T10:34:21.748] [DEBUG] debug-file - Executing task :entry:default@CreateModuleInfo
[2025-11-10T10:34:21.748] [DEBUG] debug-file - Task 'entry:default@CreateModuleInfo' cost while wrapping incremental declarations: 1 ms 
[2025-11-10T10:34:21.748] [DEBUG] debug-file - entry : default@CreateModuleInfo cost memory 0.04106903076171875
[2025-11-10T10:34:21.748] [DEBUG] debug-file - runTaskFromQueue task cost before running: 227 ms 
[2025-11-10T10:34:21.749] [INFO] debug-file - Finished :entry:default@CreateModuleInfo... after 1 ms 
[2025-11-10T10:34:21.750] [DEBUG] debug-file - Executing task :entry:default@MergeProfile
[2025-11-10T10:34:21.751] [DEBUG] debug-file - Task 'entry:default@MergeProfile' cost while wrapping incremental declarations: 1 ms 
[2025-11-10T10:34:21.755] [DEBUG] debug-file - entry:default@MergeProfile is not up-to-date, since the task snapshots are different.
[2025-11-10T10:34:21.755] [DEBUG] debug-file - Incremental task entry:default@MergeProfile pre-execution cost: 4 ms .
[2025-11-10T10:34:21.755] [DEBUG] debug-file - Change app api release type with 'Release'
[2025-11-10T10:34:21.756] [DEBUG] debug-file - Change app compile API version with '6.0.0.47'
[2025-11-10T10:34:21.756] [DEBUG] debug-file - Change app target API version with '50101019'
[2025-11-10T10:34:21.756] [DEBUG] debug-file - Change app minimum API version with '50101019'
[2025-11-10T10:34:21.756] [DEBUG] debug-file - Use cli appEnvironment
[2025-11-10T10:34:21.760] [DEBUG] debug-file - entry : default@MergeProfile cost memory 0.28211212158203125
[2025-11-10T10:34:21.760] [DEBUG] debug-file - runTaskFromQueue task cost before running: 238 ms 
[2025-11-10T10:34:21.761] [INFO] debug-file - Finished :entry:default@MergeProfile... after 10 ms 
[2025-11-10T10:34:21.763] [DEBUG] debug-file - Executing task :entry:default@CreateBuildProfile
[2025-11-10T10:34:21.764] [DEBUG] debug-file - Task 'entry:default@CreateBuildProfile' cost while wrapping incremental declarations: 1 ms 
[2025-11-10T10:34:21.767] [DEBUG] debug-file - entry:default@CreateBuildProfile is not up-to-date, since the task snapshots are different.
[2025-11-10T10:34:21.767] [DEBUG] debug-file - Incremental task entry:default@CreateBuildProfile pre-execution cost: 4 ms .
[2025-11-10T10:34:21.769] [DEBUG] debug-file - entry : default@CreateBuildProfile cost memory 0.12017059326171875
[2025-11-10T10:34:21.769] [DEBUG] debug-file - runTaskFromQueue task cost before running: 247 ms 
[2025-11-10T10:34:21.769] [INFO] debug-file - Finished :entry:default@CreateBuildProfile... after 7 ms 
[2025-11-10T10:34:21.773] [DEBUG] debug-file - Executing task :entry:default@PreCheckSyscap
[2025-11-10T10:34:21.773] [DEBUG] debug-file - entry : default@PreCheckSyscap cost memory 0.01638031005859375
[2025-11-10T10:34:21.773] [DEBUG] debug-file - runTaskFromQueue task cost before running: 251 ms 
[2025-11-10T10:34:21.774] [INFO] debug-file - Finished :entry:default@PreCheckSyscap... after 1 ms 
[2025-11-10T10:34:21.777] [DEBUG] debug-file - Executing task :entry:default@GeneratePkgContextInfo
[2025-11-10T10:34:21.790] [DEBUG] debug-file - Task 'entry:default@GeneratePkgContextInfo' cost while wrapping incremental declarations: 1 ms 
[2025-11-10T10:34:21.791] [DEBUG] debug-file - entry : default@GeneratePkgContextInfo cost memory 0.4556427001953125
[2025-11-10T10:34:21.791] [DEBUG] debug-file - runTaskFromQueue task cost before running: 269 ms 
[2025-11-10T10:34:21.792] [INFO] debug-file - Finished :entry:default@GeneratePkgContextInfo... after 14 ms 
[2025-11-10T10:34:21.794] [DEBUG] debug-file - Executing task :entry:default@ProcessProfile
[2025-11-10T10:34:21.796] [DEBUG] debug-file - Task 'entry:default@ProcessProfile' cost while wrapping incremental declarations: 1 ms 
[2025-11-10T10:34:21.797] [DEBUG] debug-file - entry:default@ProcessProfile is not up-to-date, since the input file 'F:\DevEcoStudioProjects\Rdb-master\entry\.preview\default\intermediates\merge_profile\default\module.json' has been changed.
[2025-11-10T10:34:21.797] [DEBUG] debug-file - Incremental task entry:default@ProcessProfile pre-execution cost: 2 ms .
[2025-11-10T10:34:21.799] [DEBUG] debug-file - [
  'F:\\deveco\\DevEco Studio\\tools\\node\\node.exe',
  'F:\\deveco\\DevEco Studio\\sdk\\default\\openharmony\\ets\\build-tools\\ets-loader\\bin\\ark\\ts2abc.js',
  '--target-api-version',
  '19'
]
[2025-11-10T10:34:22.038] [DEBUG] debug-file - 13.0.1.0
[2025-11-10T10:34:22.043] [DEBUG] debug-file - entry : default@ProcessProfile cost memory 0.361724853515625
[2025-11-10T10:34:22.043] [DEBUG] debug-file - runTaskFromQueue task cost before running: 521 ms 
[2025-11-10T10:34:22.043] [INFO] debug-file - Finished :entry:default@ProcessProfile... after 249 ms 
[2025-11-10T10:34:22.045] [DEBUG] debug-file - Executing task :entry:default@ProcessRouterMap
[2025-11-10T10:34:22.051] [DEBUG] debug-file - entry:default@ProcessRouterMap is not up-to-date, since the task snapshots are different.
[2025-11-10T10:34:22.051] [DEBUG] debug-file - Incremental task entry:default@ProcessRouterMap pre-execution cost: 5 ms .
[2025-11-10T10:34:22.054] [DEBUG] debug-file - entry : default@ProcessRouterMap cost memory 0.13875579833984375
[2025-11-10T10:34:22.054] [DEBUG] debug-file - runTaskFromQueue task cost before running: 532 ms 
[2025-11-10T10:34:22.055] [INFO] debug-file - Finished :entry:default@ProcessRouterMap... after 9 ms 
[2025-11-10T10:34:22.058] [DEBUG] debug-file - Executing task :entry:default@ProcessShareConfig
[2025-11-10T10:34:22.063] [DEBUG] debug-file - entry:default@ProcessShareConfig is not up-to-date, since the task snapshots are different.
[2025-11-10T10:34:22.064] [DEBUG] debug-file - Incremental task entry:default@ProcessShareConfig pre-execution cost: 5 ms .
[2025-11-10T10:34:22.065] [DEBUG] debug-file - entry : default@ProcessShareConfig cost memory 0.1219940185546875
[2025-11-10T10:34:22.065] [DEBUG] debug-file - runTaskFromQueue task cost before running: 543 ms 
[2025-11-10T10:34:22.066] [INFO] debug-file - Finished :entry:default@ProcessShareConfig... after 8 ms 
[2025-11-10T10:34:22.068] [DEBUG] debug-file - Executing task :entry:default@ProcessStartupConfig
[2025-11-10T10:34:22.068] [DEBUG] debug-file - Task 'entry:default@ProcessStartupConfig' cost while wrapping incremental declarations: 1 ms 
[2025-11-10T10:34:22.070] [DEBUG] debug-file - entry:default@ProcessStartupConfig is not up-to-date, since the output file 'F:\DevEcoStudioProjects\Rdb-master\entry\.preview\default\intermediates\startup\default\startup_config.json' does not exist.
[2025-11-10T10:34:22.070] [DEBUG] debug-file - Incremental task entry:default@ProcessStartupConfig pre-execution cost: 1 ms .
[2025-11-10T10:34:22.070] [DEBUG] debug-file - entry : default@ProcessStartupConfig cost memory 0.0923004150390625
[2025-11-10T10:34:22.070] [DEBUG] debug-file - runTaskFromQueue task cost before running: 548 ms 
[2025-11-10T10:34:22.071] [INFO] debug-file - Finished :entry:default@ProcessStartupConfig... after 3 ms 
[2025-11-10T10:34:22.076] [DEBUG] debug-file - restool module names: entry; moduleName=entry, taskName=default@PreviewProcessResource
[2025-11-10T10:34:22.079] [DEBUG] debug-file - Executing task :entry:default@PreviewProcessResource
[2025-11-10T10:34:22.079] [DEBUG] debug-file - Task 'entry:default@PreviewProcessResource' cost while wrapping incremental declarations: 1 ms 
[2025-11-10T10:34:22.079] [DEBUG] debug-file - entry : default@PreviewProcessResource cost memory 0.05339813232421875
[2025-11-10T10:34:22.081] [DEBUG] debug-file - runTaskFromQueue task cost before running: 559 ms 
[2025-11-10T10:34:22.083] [INFO] debug-file - Finished :entry:default@PreviewProcessResource... after 3 ms 
[2025-11-10T10:34:22.086] [DEBUG] debug-file - Executing task :entry:default@GenerateLoaderJson
[2025-11-10T10:34:22.093] [DEBUG] debug-file - Task 'entry:default@GenerateLoaderJson' cost while wrapping incremental declarations: 1 ms 
[2025-11-10T10:34:22.115] [DEBUG] debug-file - entry:default@GenerateLoaderJson is not up-to-date, since the input file 'F:\DevEcoStudioProjects\Rdb-master\entry\.preview\default\intermediates\router_map\default\temp-router-map.json' has been changed.
[2025-11-10T10:34:22.115] [DEBUG] debug-file - Incremental task entry:default@GenerateLoaderJson pre-execution cost: 13 ms .
[2025-11-10T10:34:22.122] [DEBUG] debug-file - entry : default@GenerateLoaderJson cost memory 0.5896148681640625
[2025-11-10T10:34:22.122] [DEBUG] debug-file - runTaskFromQueue task cost before running: 600 ms 
[2025-11-10T10:34:22.131] [INFO] debug-file - Finished :entry:default@GenerateLoaderJson... after 37 ms 
[2025-11-10T10:34:22.135] [DEBUG] debug-file - restool module names: entry; moduleName=entry, taskName=default@PreviewCompileResource
[2025-11-10T10:34:22.136] [DEBUG] debug-file - Executing task :entry:default@PreviewCompileResource
[2025-11-10T10:34:22.164] [DEBUG] debug-file - entry:default@PreviewCompileResource is not up-to-date, since the input file 'F:\DevEcoStudioProjects\Rdb-master\entry\.preview\default\intermediates\merge_profile\default\module.json' has been changed.
[2025-11-10T10:34:22.165] [DEBUG] debug-file - Incremental task entry:default@PreviewCompileResource pre-execution cost: 28 ms .
[2025-11-10T10:34:22.221] [DEBUG] debug-file - Use tool [F:\deveco\DevEco Studio\sdk\default\openharmony\toolchains\restool.exe]
 [
  'F:\\deveco\\DevEco Studio\\sdk\\default\\openharmony\\toolchains\\restool.exe',
  '-x',
  'F:\\DevEcoStudioProjects\\Rdb-master\\AppScope\\resources',
  '-o',
  'F:\\DevEcoStudioProjects\\Rdb-master\\entry\\.preview\\default\\intermediates\\res\\default\\app_compiled'
]
[2025-11-10T10:34:22.222] [DEBUG] debug-file - current process  memoryUsage: {
  rss: 479473664,
  heapTotal: 126193664,
  heapUsed: 117768040,
  external: 3165261,
  arrayBuffers: 137678
} os memoryUsage :13.774078369140625
[2025-11-10T10:34:22.534] [DEBUG] debug-file - Info: restool resources compile success.

[2025-11-10T10:34:22.538] [DEBUG] debug-file - Use tool [F:\deveco\DevEco Studio\sdk\default\openharmony\toolchains\restool.exe]
 [
  'F:\\deveco\\DevEco Studio\\sdk\\default\\openharmony\\toolchains\\restool.exe',
  '-x',
  'F:\\DevEcoStudioProjects\\Rdb-master\\entry\\src\\main\\resources',
  '-o',
  'F:\\DevEcoStudioProjects\\Rdb-master\\entry\\.preview\\default\\intermediates\\res\\default\\module_compiled'
]
[2025-11-10T10:34:22.539] [DEBUG] debug-file - current process  memoryUsage: {
  rss: 479494144,
  heapTotal: 126193664,
  heapUsed: 117937328,
  external: 3165387,
  arrayBuffers: 137819
} os memoryUsage :13.65994644165039
[2025-11-10T10:34:22.849] [DEBUG] debug-file - Info: restool resources compile success.

[2025-11-10T10:34:22.853] [DEBUG] debug-file - Use tool [F:\deveco\DevEco Studio\sdk\default\openharmony\toolchains\restool.exe]
 [
  'F:\\deveco\\DevEco Studio\\sdk\\default\\openharmony\\toolchains\\restool.exe',
  '-m',
  'entry',
  '-f',
  '-j',
  'F:\\DevEcoStudioProjects\\Rdb-master\\entry\\.preview\\default\\intermediates\\process_profile\\default\\module.json',
  '-p',
  'c***b',
  '-r',
  'F:\\DevEcoStudioProjects\\Rdb-master\\entry\\.preview\\default\\generated\\r\\default\\ResourceTable.h',
  '-z',
  '--ids',
  'F:\\DevEcoStudioProjects\\Rdb-master\\entry\\.preview\\default\\intermediates\\res\\default\\ids_map',
  '--defined-ids',
  'F:\\DevEcoStudioProjects\\Rdb-master\\entry\\.preview\\default\\intermediates\\res\\default\\ids_map\\id_defined.json',
  '-i',
  'F:\\DevEcoStudioProjects\\Rdb-master\\entry\\.preview\\default\\intermediates\\res\\default\\app_compiled',
  '-i',
  'F:\\DevEcoStudioProjects\\Rdb-master\\entry\\.preview\\default\\intermediates\\res\\default\\module_compiled',
  '-o',
  'F:\\DevEcoStudioProjects\\Rdb-master\\entry\\.preview\\default\\intermediates\\res\\default',
  '--defined-sysids',
  'F:\\deveco\\DevEco Studio\\sdk\\default\\hms\\toolchains\\id_defined.json'
]
[2025-11-10T10:34:22.853] [DEBUG] debug-file - current process  memoryUsage: {
  rss: 479571968,
  heapTotal: 126193664,
  heapUsed: 118137568,
  external: 3165513,
  arrayBuffers: 138961
} os memoryUsage :13.66994857788086
[2025-11-10T10:34:23.168] [DEBUG] debug-file - Info: hardware concurrency count is : 16
Info: thread count is : 16

[2025-11-10T10:34:23.168] [DEBUG] debug-file - Info: thread pool is started

[2025-11-10T10:34:23.252] [DEBUG] debug-file - Info: restool resources compile success.

[2025-11-10T10:34:23.253] [DEBUG] debug-file - Info: thread pool is stopped

[2025-11-10T10:34:23.259] [DEBUG] debug-file - entry : default@PreviewCompileResource cost memory -0.0300750732421875
[2025-11-10T10:34:23.260] [DEBUG] debug-file - runTaskFromQueue task cost before running: 1 s 738 ms 
[2025-11-10T10:34:23.261] [INFO] debug-file - Finished :entry:default@PreviewCompileResource... after 1 s 124 ms 
[2025-11-10T10:34:23.262] [DEBUG] debug-file - Executing task :entry:default@PreviewHookCompileResource
[2025-11-10T10:34:23.262] [DEBUG] debug-file - entry : default@PreviewHookCompileResource cost memory 0.01749420166015625
[2025-11-10T10:34:23.263] [DEBUG] debug-file - runTaskFromQueue task cost before running: 1 s 741 ms 
[2025-11-10T10:34:23.263] [INFO] debug-file - Finished :entry:default@PreviewHookCompileResource... after 1 ms 
[2025-11-10T10:34:23.264] [DEBUG] debug-file - Executing task :entry:default@CopyPreviewProfile
[2025-11-10T10:34:23.267] [DEBUG] debug-file - entry:default@CopyPreviewProfile is not up-to-date, since the output file 'F:\DevEcoStudioProjects\Rdb-master\entry\.preview\default\intermediates\res\default\resources\base\profile' does not exist.
[2025-11-10T10:34:23.267] [DEBUG] debug-file - Incremental task entry:default@CopyPreviewProfile pre-execution cost: 3 ms .
[2025-11-10T10:34:23.275] [DEBUG] debug-file - entry : default@CopyPreviewProfile cost memory 0.16213226318359375
[2025-11-10T10:34:23.275] [DEBUG] debug-file - runTaskFromQueue task cost before running: 1 s 753 ms 
[2025-11-10T10:34:23.276] [INFO] debug-file - Finished :entry:default@CopyPreviewProfile... after 11 ms 
[2025-11-10T10:34:23.278] [DEBUG] debug-file - Executing task :entry:default@ReplacePreviewerPage
[2025-11-10T10:34:23.278] [DEBUG] debug-file - entry : default@ReplacePreviewerPage cost memory 0.0174407958984375
[2025-11-10T10:34:23.278] [DEBUG] debug-file - runTaskFromQueue task cost before running: 1 s 756 ms 
[2025-11-10T10:34:23.278] [INFO] debug-file - Finished :entry:default@ReplacePreviewerPage... after 1 ms 
[2025-11-10T10:34:23.278] [DEBUG] debug-file - Executing task :entry:buildPreviewerResource
[2025-11-10T10:34:23.278] [DEBUG] debug-file - entry : buildPreviewerResource cost memory 0.014404296875
[2025-11-10T10:34:23.278] [DEBUG] debug-file - runTaskFromQueue task cost before running: 1 s 757 ms 
[2025-11-10T10:34:23.279] [INFO] debug-file - Finished :entry:buildPreviewerResource... after 1 ms 
[2025-11-10T10:34:23.280] [DEBUG] debug-file - Executing task :entry:default@PreviewUpdateAssets
[2025-11-10T10:34:23.284] [DEBUG] debug-file - entry:default@PreviewUpdateAssets is not up-to-date, since the output file 'F:\DevEcoStudioProjects\Rdb-master\entry\.preview\default\intermediates\res\default\module.json' has been changed.
[2025-11-10T10:34:23.284] [DEBUG] debug-file - Incremental task entry:default@PreviewUpdateAssets pre-execution cost: 3 ms .
[2025-11-10T10:34:23.286] [DEBUG] debug-file - entry : default@PreviewUpdateAssets cost memory 0.1059112548828125
[2025-11-10T10:34:23.286] [DEBUG] debug-file - runTaskFromQueue task cost before running: 1 s 764 ms 
[2025-11-10T10:34:23.287] [INFO] debug-file - Finished :entry:default@PreviewUpdateAssets... after 6 ms 
[2025-11-10T10:34:23.289] [DEBUG] debug-file - Executing task :entry:default@PreviewArkTS
[2025-11-10T10:34:23.290] [DEBUG] debug-file - obfuscationOptions: undefined
[2025-11-10T10:34:23.320] [DEBUG] debug-file - session manager: binding session. socketId=qbgm3-3w65Ue6UMdAAAH, threadId=1@2.
[2025-11-10T10:34:23.321] [DEBUG] debug-file - entry : default@PreviewArkTS cost memory -0.9931564331054688
[2025-11-10T10:34:28.315] [DEBUG] debug-file - watch worker: send response to session manager. Response type: WatchStart
[2025-11-10T10:34:28.317] [DEBUG] debug-file - session manager: watch message received from worker 1. Type: WatchStart
[2025-11-10T10:34:35.813] [DEBUG] debug-file - watch worker: send response to session manager. Response type: WatchResult
[2025-11-10T10:34:35.816] [DEBUG] debug-file - session manager: watch message received from worker 1. Type: WatchResult
[2025-11-10T10:34:35.815] [DEBUG] debug-file - Ark compile finished.
[2025-11-10T10:34:35.820] [INFO] debug-file - Finished :entry:default@PreviewArkTS... after 12 s 526 ms 
[2025-11-10T10:34:35.821] [DEBUG] debug-file - Executing task :entry:PreviewBuild
[2025-11-10T10:34:35.821] [DEBUG] debug-file - entry : PreviewBuild cost memory 0.01422882080078125
[2025-11-10T10:34:35.821] [DEBUG] debug-file - runTaskFromQueue task cost before running: 14 s 299 ms 
[2025-11-10T10:34:35.821] [INFO] debug-file - Finished :entry:PreviewBuild... after 1 ms 
[2025-11-10T10:34:35.832] [INFO] debug-file - BUILD SUCCESSFUL in 14 s 310 ms 
[2025-11-10T10:34:35.832] [DEBUG] debug-file - There is no need to refresh cache, since the incremental task entry:default@PreBuild is up-to-date.
[2025-11-10T10:34:35.832] [DEBUG] debug-file - Update task entry:default@CreateModuleInfo output file:F:\DevEcoStudioProjects\Rdb-master\entry\.preview\default\generated\profile\default\ModuleInfo.ts cache.
[2025-11-10T10:34:35.833] [DEBUG] debug-file - Incremental task entry:default@CreateModuleInfo post-execution cost:1 ms .
[2025-11-10T10:34:35.833] [DEBUG] debug-file - Update task entry:default@MergeProfile input file:F:\DevEcoStudioProjects\Rdb-master\AppScope\app.json5 cache by regenerate.
[2025-11-10T10:34:35.834] [DEBUG] debug-file - Update task entry:default@MergeProfile input file:F:\DevEcoStudioProjects\Rdb-master\build-profile.json5 cache by regenerate.
[2025-11-10T10:34:35.834] [DEBUG] debug-file - Update task entry:default@MergeProfile input file:F:\DevEcoStudioProjects\Rdb-master\entry\src\main\module.json5 cache by regenerate.
[2025-11-10T10:34:35.835] [DEBUG] debug-file - Update task entry:default@MergeProfile output file:F:\DevEcoStudioProjects\Rdb-master\entry\.preview\default\intermediates\merge_profile\default\module.json cache.
[2025-11-10T10:34:35.836] [DEBUG] debug-file - Incremental task entry:default@MergeProfile post-execution cost:3 ms .
[2025-11-10T10:34:35.836] [DEBUG] debug-file - Update task entry:default@CreateBuildProfile input file:F:\DevEcoStudioProjects\Rdb-master\AppScope\app.json5 cache by regenerate.
[2025-11-10T10:34:35.836] [DEBUG] debug-file - Update task entry:default@CreateBuildProfile input file:F:\DevEcoStudioProjects\Rdb-master\build-profile.json5 cache by regenerate.
[2025-11-10T10:34:35.837] [DEBUG] debug-file - Update task entry:default@CreateBuildProfile output file:F:\DevEcoStudioProjects\Rdb-master\entry\.preview\default\generated\profile\default\BuildProfile.ets cache.
[2025-11-10T10:34:35.838] [DEBUG] debug-file - Incremental task entry:default@CreateBuildProfile post-execution cost:2 ms .
[2025-11-10T10:34:35.838] [DEBUG] debug-file - Update task entry:default@GeneratePkgContextInfo output file:F:\DevEcoStudioProjects\Rdb-master\entry\.preview\default\intermediates\loader\default\pkgContextInfo.json cache.
[2025-11-10T10:34:35.838] [DEBUG] debug-file - Incremental task entry:default@GeneratePkgContextInfo post-execution cost:1 ms .
[2025-11-10T10:34:35.839] [DEBUG] debug-file - Update task entry:default@ProcessProfile input file:F:\DevEcoStudioProjects\Rdb-master\entry\.preview\default\intermediates\merge_profile\default\module.json cache from map.
[2025-11-10T10:34:35.839] [DEBUG] debug-file - Update task entry:default@ProcessProfile output file:F:\DevEcoStudioProjects\Rdb-master\entry\.preview\default\intermediates\process_profile\default\module.json cache.
[2025-11-10T10:34:35.839] [DEBUG] debug-file - Incremental task entry:default@ProcessProfile post-execution cost:1 ms .
[2025-11-10T10:34:35.840] [DEBUG] debug-file - Update task entry:default@ProcessRouterMap input file:F:\DevEcoStudioProjects\Rdb-master\entry\oh-package.json5 cache by regenerate.
[2025-11-10T10:34:35.841] [DEBUG] debug-file - Update task entry:default@ProcessRouterMap input file:F:\DevEcoStudioProjects\Rdb-master\oh-package.json5 cache by regenerate.
[2025-11-10T10:34:35.841] [DEBUG] debug-file - Update task entry:default@ProcessRouterMap input file:F:\DevEcoStudioProjects\Rdb-master\entry\src\main\module.json5 cache by regenerate.
[2025-11-10T10:34:35.842] [DEBUG] debug-file - Update task entry:default@ProcessRouterMap output file:F:\DevEcoStudioProjects\Rdb-master\entry\.preview\default\intermediates\router_map\default\temp-router-map.json cache.
[2025-11-10T10:34:35.842] [DEBUG] debug-file - Update task entry:default@ProcessRouterMap output file:F:\DevEcoStudioProjects\Rdb-master\entry\.preview\default\intermediates\router_map\default\loader-router-map.json cache.
[2025-11-10T10:34:35.843] [DEBUG] debug-file - Incremental task entry:default@ProcessRouterMap post-execution cost:4 ms .
[2025-11-10T10:34:35.843] [DEBUG] debug-file - Update task entry:default@ProcessShareConfig input file:F:\DevEcoStudioProjects\Rdb-master\entry\oh-package.json5 cache by regenerate.
[2025-11-10T10:34:35.844] [DEBUG] debug-file - Update task entry:default@ProcessShareConfig input file:F:\DevEcoStudioProjects\Rdb-master\oh-package.json5 cache by regenerate.
[2025-11-10T10:34:35.844] [DEBUG] debug-file - Update task entry:default@ProcessShareConfig input file:F:\DevEcoStudioProjects\Rdb-master\entry\src\main\module.json5 cache by regenerate.
[2025-11-10T10:34:35.845] [DEBUG] debug-file - Update task entry:default@ProcessShareConfig output file:F:\DevEcoStudioProjects\Rdb-master\entry\.preview\default\intermediates\share_config\default\temp-share-config.json cache.
[2025-11-10T10:34:35.846] [DEBUG] debug-file - Incremental task entry:default@ProcessShareConfig post-execution cost:3 ms .
[2025-11-10T10:34:35.846] [DEBUG] debug-file - Update task entry:default@ProcessStartupConfig output file:F:\DevEcoStudioProjects\Rdb-master\entry\.preview\default\intermediates\startup\default\startup_config.json cache.
[2025-11-10T10:34:35.846] [DEBUG] debug-file - Incremental task entry:default@ProcessStartupConfig post-execution cost:1 ms .
[2025-11-10T10:34:35.849] [DEBUG] debug-file - Update task entry:default@GenerateLoaderJson input file:F:\DevEcoStudioProjects\Rdb-master\entry\.preview\default\intermediates\router_map\default\temp-router-map.json cache from map.
[2025-11-10T10:34:35.849] [DEBUG] debug-file - Update task entry:default@GenerateLoaderJson output file:F:\DevEcoStudioProjects\Rdb-master\entry\.preview\default\intermediates\loader\default\loader.json cache.
[2025-11-10T10:34:35.849] [DEBUG] debug-file - Incremental task entry:default@GenerateLoaderJson post-execution cost:3 ms .
[2025-11-10T10:34:35.850] [DEBUG] debug-file - Update task entry:default@PreviewCompileResource input file:F:\DevEcoStudioProjects\Rdb-master\entry\src\main\resources cache by regenerate.
[2025-11-10T10:34:35.868] [DEBUG] debug-file - Update task entry:default@PreviewCompileResource input file:F:\DevEcoStudioProjects\Rdb-master\entry\.preview\default\intermediates\merge_profile\default\module.json cache from map.
[2025-11-10T10:34:35.868] [DEBUG] debug-file - Update task entry:default@PreviewCompileResource output file:F:\DevEcoStudioProjects\Rdb-master\entry\.preview\default\intermediates\res\default cache.
[2025-11-10T10:34:35.898] [DEBUG] debug-file - Update task entry:default@PreviewCompileResource output file:F:\DevEcoStudioProjects\Rdb-master\entry\.preview\default\generated\r\default cache.
[2025-11-10T10:34:35.900] [DEBUG] debug-file - Incremental task entry:default@PreviewCompileResource post-execution cost:51 ms .
[2025-11-10T10:34:35.900] [DEBUG] debug-file - Update task entry:default@CopyPreviewProfile input file:F:\DevEcoStudioProjects\Rdb-master\entry\src\main\resources\base\profile cache by regenerate.
[2025-11-10T10:34:35.901] [DEBUG] debug-file - Update task entry:default@CopyPreviewProfile output file:F:\DevEcoStudioProjects\Rdb-master\entry\.preview\default\intermediates\res\default\resources\base\profile cache.
[2025-11-10T10:34:35.902] [DEBUG] debug-file - Incremental task entry:default@CopyPreviewProfile post-execution cost:3 ms .
[2025-11-10T10:34:35.903] [DEBUG] debug-file - Update task entry:default@PreviewUpdateAssets output file:F:\DevEcoStudioProjects\Rdb-master\entry\.preview\default\intermediates\res\default\module.json cache.
[2025-11-10T10:34:35.904] [DEBUG] debug-file - Update task entry:default@PreviewUpdateAssets output file:F:\DevEcoStudioProjects\Rdb-master\entry\.preview\default\intermediates\res\default\resources\base\profile\main_pages.json cache.
[2025-11-10T10:34:35.904] [DEBUG] debug-file - Incremental task entry:default@PreviewUpdateAssets post-execution cost:2 ms .
[2025-11-10T10:34:35.908] [DEBUG] debug-file - Update task entry:default@PreviewArkTS input file:F:\DevEcoStudioProjects\Rdb-master\entry\.preview\default\intermediates\loader\default cache by regenerate.
[2025-11-10T10:34:35.910] [DEBUG] debug-file - Update task entry:default@PreviewArkTS input file:F:\DevEcoStudioProjects\Rdb-master\entry\.preview\default\intermediates\res\default\resources\rawfile cache by regenerate.
[2025-11-10T10:34:35.920] [DEBUG] debug-file - Update task entry:default@PreviewArkTS input file:F:\DevEcoStudioProjects\Rdb-master\entry\.preview\default\intermediates\res\default\ResourceTable.txt cache by regenerate.
[2025-11-10T10:34:35.921] [DEBUG] debug-file - Update task entry:default@PreviewArkTS input file:F:\DevEcoStudioProjects\Rdb-master\entry\.preview\default\intermediates\process_profile\default\module.json cache by regenerate.
[2025-11-10T10:34:35.922] [DEBUG] debug-file - Update task entry:default@PreviewArkTS input file:F:\DevEcoStudioProjects\Rdb-master\entry\.preview\default\intermediates\res\default\resources\base\profile cache by regenerate.
[2025-11-10T10:34:35.924] [DEBUG] debug-file - Update task entry:default@PreviewArkTS input file:F:\DevEcoStudioProjects\Rdb-master\entry\src\main\ets cache by regenerate.
[2025-11-10T10:34:35.930] [DEBUG] debug-file - Update task entry:default@PreviewArkTS input file:F:\DevEcoStudioProjects\Rdb-master\entry\.preview\default\generated\profile\default\BuildProfile.ets cache by regenerate.
[2025-11-10T10:34:35.931] [DEBUG] debug-file - Update task entry:default@PreviewArkTS output file:F:\DevEcoStudioProjects\Rdb-master\entry\.preview\default\intermediates\loader_out\default\ets cache.
[2025-11-10T10:34:35.931] [DEBUG] debug-file - Incremental task entry:default@PreviewArkTS post-execution cost:27 ms .
[2025-11-10T10:34:35.966] [DEBUG] debug-file - hvigor build process will be closed.
[2025-11-10T17:17:17.581] [DEBUG] debug-file - env: nodejsVersion=v18.20.1
[2025-11-10T17:17:17.707] [DEBUG] debug-file - env: daemon=true
[2025-11-10T17:17:17.583] [DEBUG] debug-file - env: hvigor-config.json5 content = {
  modelVersion: '5.1.1',
  dependencies: {},
  execution: {},
  logging: {},
  debugging: {}
}
[2025-11-10T17:17:19.232] [DEBUG] debug-file - java daemon tryConnect failed Error: connect ECONNREFUSED 127.0.0.1:45050
[2025-11-10T17:17:19.259] [DEBUG] debug-file - java daemon started at port 45050 pid 34904
[2025-11-10T17:17:19.306] [DEBUG] debug-file - session manager: set active socket. socketId=woW_ahX24QeUPmcTAAAB
[2025-11-10T17:17:20.652] [DEBUG] debug-file - watch worker: worker id should be larger than 0. Nothing will be sent to any worker thread.
[2025-11-10T17:17:20.663] [DEBUG] debug-file - Hvigor init with startParameters:{
  hvigorfileTypeCheck: false,
  parallelExecution: true,
  incrementalExecution: true,
  printStackTrace: false,
  daemon: true,
  analyze: 0,
  logLevel: Level { level: 20000, levelStr: 'INFO', colour: 'green' },
  optimizationStrategy: 'memory',
  hotCompile: undefined,
  hotReloadBuild: undefined
}
[2025-11-10T17:17:20.676] [DEBUG] debug-file - Cache service initialization finished in 12 ms 
[2025-11-10T17:17:20.678] [DEBUG] debug-file - hvigorfile, resolving F:\DevEcoStudioProjects\Rdb-master\hvigorfile.ts
[2025-11-10T17:17:25.415] [DEBUG] debug-file - hvigorfile, require result:  {}
[2025-11-10T17:17:25.416] [DEBUG] debug-file - hvigorfile, binding system plugins {}
[2025-11-10T17:17:25.680] [DEBUG] debug-file - Start initialize project's product build option map with build mode debug.
[2025-11-10T17:17:25.680] [DEBUG] debug-file - Picking option from product 'default' with build mode 'debug'.
[2025-11-10T17:17:25.680] [DEBUG] debug-file - Product 'default' build option initialized
[2025-11-10T17:17:25.680] [DEBUG] debug-file - End initialize project's product build option map with build mode 'debug'.
[2025-11-10T17:17:25.684] [DEBUG] debug-file - Obtain build option for product 'default'in this build.
[2025-11-10T17:17:25.687] [DEBUG] debug-file - No signingConfig found, initRemoteHspCache failed.
[2025-11-10T17:17:25.692] [DEBUG] debug-file - Local scan or download HarmonyOS sdk components toolchains,ets,js,native,previewer
[2025-11-10T17:17:25.698] [DEBUG] debug-file - Local scan or download hmscore sdk components toolchains,ets,native
[2025-11-10T17:17:25.702] [DEBUG] debug-file - Start recording SDK configuration permission data.
[2025-11-10T17:17:25.747] [DEBUG] debug-file - Sdk init in 57 ms 
[2025-11-10T17:17:25.754] [DEBUG] debug-file - Project task initialization takes 7 ms 
[2025-11-10T17:17:25.754] [DEBUG] debug-file - hvigorfile, resolve finished F:\DevEcoStudioProjects\Rdb-master\hvigorfile.ts
[2025-11-10T17:17:25.755] [DEBUG] debug-file - hvigorfile, resolving F:\DevEcoStudioProjects\Rdb-master\entry\hvigorfile.ts
[2025-11-10T17:17:25.765] [DEBUG] debug-file - hvigorfile, require result:  {}
[2025-11-10T17:17:25.765] [DEBUG] debug-file - hvigorfile, binding system plugins {}
[2025-11-10T17:17:25.768] [DEBUG] debug-file - failed to load cangjie to dynamically generate schemas: Error: Cannot find module '@ohos/cangjie-build-support/index'
Require stack:
- F:\deveco\DevEco Studio\tools\hvigor\hvigor-ohos-plugin\src\plugin\factory\plugin-factory.js
- F:\deveco\DevEco Studio\tools\hvigor\hvigor-ohos-plugin\index.js
- F:\DevEcoStudioProjects\Rdb-master\hvigorfile.ts
- F:\deveco\DevEco Studio\tools\hvigor\hvigor\src\base\internal\lifecycle\configuration.js
- F:\deveco\DevEco Studio\tools\hvigor\hvigor\src\base\boot\index.js
- F:\deveco\DevEco Studio\tools\hvigor\hvigor\src\base\daemon\cluster\worker-process-lifecycle.js
- F:\deveco\DevEco Studio\tools\hvigor\hvigor\src\base\daemon\process\daemon-process-boot-script.js
[2025-11-10T17:17:25.781] [DEBUG] debug-file - Start initialize module-target build option map, moduleName=entry, buildMode=release
[2025-11-10T17:17:25.781] [DEBUG] debug-file - Target 'default' config initialized
[2025-11-10T17:17:25.782] [DEBUG] debug-file - Module 'entry' target 'default' build option initialized
[2025-11-10T17:17:25.782] [DEBUG] debug-file - End initialize module-target build option map, moduleName=entry
[2025-11-10T17:17:25.782] [DEBUG] debug-file - Start initialize module-target build option map, moduleName=entry, buildMode=debug
[2025-11-10T17:17:25.782] [DEBUG] debug-file - Target 'default' config initialized
[2025-11-10T17:17:25.782] [DEBUG] debug-file - Module 'entry' target 'default' build option initialized
[2025-11-10T17:17:25.782] [DEBUG] debug-file - End initialize module-target build option map, moduleName=entry
[2025-11-10T17:17:25.782] [DEBUG] debug-file - Start initialize module-target build option map, moduleName=entry, buildMode=debug
[2025-11-10T17:17:25.782] [DEBUG] debug-file - Target 'default' config initialized
[2025-11-10T17:17:25.783] [DEBUG] debug-file - Module 'entry' target 'default' build option initialized
[2025-11-10T17:17:25.783] [DEBUG] debug-file - End initialize module-target build option map, moduleName=entry
[2025-11-10T17:17:25.783] [DEBUG] debug-file - Obtain build option for module 'entry' target 'default'in this build.
[2025-11-10T17:17:25.790] [DEBUG] debug-file - Module entry task initialization takes 6 ms 
[2025-11-10T17:17:25.790] [DEBUG] debug-file - hvigorfile, resolve finished F:\DevEcoStudioProjects\Rdb-master\entry\hvigorfile.ts
[2025-11-10T17:17:25.806] [DEBUG] debug-file - hvigorfile, resolve hvigorfile dependencies in 16 ms 
[2025-11-10T17:17:25.806] [DEBUG] debug-file - project has submodules:entry
[2025-11-10T17:17:25.810] [DEBUG] debug-file - start to load updatedOhPackageInfo to the disk
[2025-11-10T17:17:25.823] [DEBUG] debug-file - load to the disk finished
[2025-11-10T17:17:25.825] [DEBUG] debug-file - Start to initialize dependency information.
[2025-11-10T17:17:25.828] [DEBUG] debug-file - Module Rdb-master Collected Dependency: 
[2025-11-10T17:17:25.828] [DEBUG] debug-file - Module Rdb-master's total dependency: 0
[2025-11-10T17:17:25.830] [DEBUG] debug-file - Start to initialize dependency information.
[2025-11-10T17:17:25.836] [DEBUG] debug-file - Module entry Collected Dependency: 
[2025-11-10T17:17:25.836] [DEBUG] debug-file - Module entry's total dependency: 0
[2025-11-10T17:17:25.842] [DEBUG] debug-file - Configuration phase cost:5 s 166 ms 
[2025-11-10T17:17:25.845] [DEBUG] debug-file - Configuration task cost before running: 5 s 188 ms 
[2025-11-10T17:17:25.845] [DEBUG] debug-file - Executing task :entry:init
[2025-11-10T17:17:25.846] [DEBUG] debug-file - entry : init cost memory 0.01801300048828125
[2025-11-10T17:17:25.846] [DEBUG] debug-file - runTaskFromQueue task cost before running: 5 s 190 ms 
[2025-11-10T17:17:25.846] [INFO] debug-file - Finished :entry:init... after 1 ms 
[2025-11-10T17:17:25.847] [DEBUG] debug-file - Executing task ::init
[2025-11-10T17:17:25.847] [DEBUG] debug-file - Rdb-master : init cost memory 0.015350341796875
[2025-11-10T17:17:25.847] [DEBUG] debug-file - runTaskFromQueue task cost before running: 5 s 191 ms 
[2025-11-10T17:17:25.847] [INFO] debug-file - Finished ::init... after 1 ms 
[2025-11-10T17:17:25.860] [DEBUG] debug-file - Obtain build option for module 'entry' target 'default'in this build.
[2025-11-10T17:17:25.870] [DEBUG] debug-file - Since there is no instance or instance is terminated, create a new worker pool.
[2025-11-10T17:17:25.870] [DEBUG] debug-file - Worker pool is initialized with config:  {
  minPoolNum: 2,
  maxPoolNum: undefined,
  maxCoreSize: undefined,
  cacheCapacity: undefined,
  cacheTtl: undefined
}
[2025-11-10T17:17:25.871] [DEBUG] debug-file - Create  resident worker with id: 0.
[2025-11-10T17:17:25.874] [DEBUG] debug-file - session manager: send message to worker process.
[2025-11-10T17:17:25.876] [DEBUG] debug-file - session manager: send message to worker process.
[2025-11-10T17:17:25.873] [DEBUG] debug-file - Create  resident worker with id: 1.
[2025-11-10T17:17:25.876] [DEBUG] debug-file - Cleanup worker 0.
[2025-11-10T17:17:25.877] [DEBUG] debug-file - Worker 0 has been cleaned up.
[2025-11-10T17:17:25.877] [DEBUG] debug-file - Current idle worker size: 1.
[2025-11-10T17:17:25.877] [DEBUG] debug-file - Current resident worker size: 2.
[2025-11-10T17:17:25.877] [DEBUG] debug-file - Cleanup worker 1.
[2025-11-10T17:17:25.877] [DEBUG] debug-file - Worker 1 has been cleaned up.
[2025-11-10T17:17:25.877] [DEBUG] debug-file - Current idle worker size: 0.
[2025-11-10T17:17:25.877] [DEBUG] debug-file - Current resident worker size: 2.
[2025-11-10T17:17:25.879] [DEBUG] debug-file - hvigor build process will be closed.
[2025-11-10T17:17:25.885] [DEBUG] debug-file - watch worker: worker id should be larger than 0. Nothing will be sent to any worker thread.
[2025-11-10T17:17:25.885] [DEBUG] debug-file - watch worker: worker id should be larger than 0. Nothing will be sent to any worker thread.
[2025-11-10T17:17:25.886] [DEBUG] debug-file - worker[0] exits with exit code 0.
[2025-11-10T17:17:25.886] [DEBUG] debug-file - worker[1] exits with exit code 0.
